,tsmom_net,static_net,spy_excess
2008-04-01,,0.003770962386448694,0.035105731156904824
2008-04-02,,0.004034431368354401,0.0006046162737370016
2008-04-03,,0.003684469971452322,0.0024332032564988136
2008-04-04,,0.0032743942974017954,-0.0011469073959950269
2008-04-07,,0.003131221411770608,0.00045744473844083424
2008-04-08,,-0.0031723526400290357,-0.0010757631837231532
2008-04-09,,0.0034489176480664383,-0.007286419241656836
2008-04-10,,-0.0010068955214099693,0.0013498173513143774
2008-04-11,,-0.004850823154460652,-0.019454937103513266
2008-04-14,,-0.001791424592818079,-0.003416569290640593
2008-04-15,,0.0007075756999218956,0.00228850022165036
2008-04-16,,0.006234326008311545,0.02704972320812148
2008-04-17,,-0.002791941661871676,0.0014134159086598088
2008-04-18,,0.0019155692462396632,0.010381713494455453
2008-04-21,,-0.0002908997718127199,0.00045514423741859237
2008-04-22,,-0.0018979872092098767,-0.004452548587773972
2008-04-23,,-0.0002682728511565406,-0.0016425242006516696
2008-04-24,,-0.0069303864451927145,0.004308297279784894
2008-04-25,,0.003927132705445545,0.00920290261203822
2008-04-28,,0.002124783084996046,0.00016211318200211203
2008-04-29,,-0.006054537495907814,-0.003996146169643046
2008-04-30,,0.0028434529836433636,-0.0059491144465953424
2008-05-01,,0.00028395005932619987,0.020631304846726033
2008-05-02,,0.0016491465980000798,0.002705466292110072
2008-05-05,,0.00379532153947209,-0.004866770477510934
2008-05-06,,0.001889689014900909,0.00859964183767321
2008-05-07,,-0.005025795558762171,-0.017875303623407758
2008-05-08,,0.010238696351547838,-0.0026445652392814464
2008-05-09,,-0.0007053323545420287,-0.001933899291817467
2008-05-12,,0.0001994902520842017,0.011161749838727541
2008-05-13,,-0.006003114477509039,7.147773541506861e-05
2008-05-14,,-0.0015429176122245972,0.001993578353326606
2008-05-15,,0.014302488784114775,0.012431592772111245
2008-05-16,,0.00362173360540161,0.0008406943776061834
2008-05-19,,0.002966091343767678,0.0026621412735281604
2008-05-20,,-0.0009482021813889655,-0.008181498840879488
2008-05-21,,-0.0028815541576658185,-0.016986293694860176
2008-05-22,,-0.004540205500622812,7.088005247413017e-05
2008-05-23,,-0.00399922866851199,-0.013475451156318501
2008-05-27,,-0.0057106886402831444,0.007337254818181662
2008-05-28,,-0.0009980886435384043,0.00454199088474631
2008-05-29,,-0.00784094550247109,0.004951095673734729
2008-05-30,,0.005987341279625713,0.002426630898127404
2008-06-02,0.005725713361116826,0.0005596305850008903,-0.010402432843098951
2008-06-03,-0.001998629003141692,-0.0024618368460537147,-0.005903341553675688
2008-06-04,-0.004782834683097849,-0.007322695281494263,-0.0005784853177199696
2008-06-05,-0.000413066824754432,0.008703401187522539,0.01992523605368377
2008-06-06,0.016897002924372292,-0.003129988660351621,-0.031965202772997595
2008-06-09,-0.004287446450071835,-0.0008979690441408175,0.0023479083619080817
2008-06-10,-0.0072262621071211815,-0.011403744808353943,-0.005055430496047171
2008-06-11,0.008253243912075246,-0.001401691590986927,-0.014787968079651258
2008-06-12,-0.007258176232795362,-0.005337065566768407,0.0037302530444830602
2008-06-13,-0.0034465532628343916,0.0030787139966735287,0.012567495902792407
2008-06-16,0.0017456515716352118,0.00177177496595524,0.0005106165681396308
2008-06-17,0.0034377935392060706,0.0028719622386898947,-0.004922242244173162
2008-06-18,0.007407160961226226,0.003773367546632029,-0.00981132407823138
2008-06-19,-0.004682413500945615,-0.0063062900859149635,0.0011924710642374848
2008-06-20,0.006991451298258796,-0.006694643089185742,-0.016303055756359115
2008-06-23,-0.0019439222707179923,9.982799311470539e-05,-0.0010614418898046577
2008-06-24,0.0041416044947838165,0.0020232869221904065,-0.0020491267952611877
2008-06-25,0.0002766338508023039,0.0026827012051447332,0.004656091390038147
2008-06-26,0.01424569894762587,-0.0011493861474787207,-0.027226987563139356
2008-06-27,0.00642479295312687,0.006179799538799256,-0.0055235998879255375
2008-06-30,-0.0024930194283995714,0.0008915215361179657,0.00346095870843683
2008-07-01,0.0012356623103368814,-0.002953825192977902,0.0030530795634448036
2008-07-02,0.008514384786468895,-0.008402151825164978,-0.017207692393808826
2008-07-03,-0.00631175937250939,0.002909776789879882,0.0009584270449528375
2008-07-07,0.0032473196966261633,-0.005651077343020295,-0.010283412047967818
2008-07-08,-0.005563842798242911,0.007325684509311285,0.017684946873224555
2008-07-09,0.00862865997443732,-0.009918485009437126,-0.019325959358222577
2008-07-10,0.00594267003197537,0.015486305691868521,0.004022200483707236
2008-07-11,0.0019407078644847438,-0.017844097352593194,-0.011714390001570155
2008-07-14,0.007428227172325003,0.0043849282534451795,-0.00910043610667034
2008-07-15,0.0012486394346630516,-0.014864736434941423,-0.014151722388128936
2008-07-16,-0.0170664819302977,-0.00048105902140017226,0.024494120769912895
2008-07-17,-0.010095672838985641,-0.001605037968895445,0.009948050957867752
2008-07-18,-0.007276672956574825,-0.005315975927004564,0.006173734082022284
2008-07-21,0.005796568599344047,0.00931690426978165,0.0005008794109942343
2008-07-22,-0.011987517554193522,-0.004981057180862517,0.01128518281923061
2008-07-23,-0.009253905214313124,-0.006595579181174743,0.005351263380505326
2008-07-24,0.009147012092699532,-0.00665331906930275,-0.02081754474217681
2008-07-25,-0.005651615719047529,-0.007146656150187826,-0.00030607854095428147
2008-07-28,0.009135412627753556,-0.0038928868764534774,-0.014729794078077424
2008-07-29,-0.006109350191293796,0.014647351891408254,0.021285641669477322
2008-07-30,-0.0035628312775139097,0.007666823893181646,0.01775127863631903
2008-07-31,0.006519673981931902,-0.0016769596996842424,-0.01329134142377104
2008-08-01,0.001349296102408363,-0.005409111240429974,-0.005347329857134967
2008-08-04,-0.00028639212371176284,-0.015975069993147323,-0.009339856563570389
2008-08-05,-0.016080626147917675,0.005773388022605573,0.02689432226493119
2008-08-06,-0.0041524659730683535,0.003215418035485581,0.004377081812476904
2008-08-07,0.012081443194846319,1.3266578272900544e-05,-0.014956411761904357
2008-08-08,-0.011486229099849006,0.005473479329436504,0.018515087072833197
2008-08-11,-0.009496444273934474,-0.009327995908654636,0.010287740162903236
2008-08-12,0.0060927917549073955,-0.001725771916586074,-0.010477137492817314
2008-08-13,0.005666769906194375,-0.0002479542997319284,-0.006102164841544073
2008-08-14,-0.0044678675571923196,0.002856857022308327,0.007471799608810249
2008-08-15,-0.0009615591326975957,-5.242677962261956e-05,0.004791972042009025
2008-08-18,0.00825445217456929,-0.0017013121110646236,-0.013743464184580985
2008-08-19,0.007056339167627835,-0.0043011073868749975,-0.010974327653054252
2008-08-20,-0.0027058021096019857,0.009335507467637252,0.004579796598687845
2008-08-21,0.008048029202675605,0.004604016907836131,0.001657552678478187
2008-08-22,-0.010652754595783118,-0.0005306984491890848,0.014409599937236867
2008-08-25,0.009930789667366442,-0.0049419738248376935,-0.02035064127357424
2008-08-26,-0.002121942438601121,0.005409885468370226,0.0028464805443361393
2008-08-27,-0.0017277071968039442,0.008108372939508548,0.00966885186268708
2008-08-28,-0.0058131712043952045,0.005700298377174251,0.012060328684918891
2008-08-29,0.00038395776084295286,-0.007782626896125174,-0.010820647707591348
2008-09-02,0.0011663471845662734,-0.00644157075814624,-0.006277103367021966
2008-09-03,0.002728792950493666,-0.002296823168306012,-0.0009255183555776641
2008-09-04,0.010927009610497083,-0.014736964031393953,-0.030171814607825413
2008-09-05,-0.002663515376720368,0.0016642749522217145,0.003079316293122872
2008-09-08,-0.006331234400484805,0.01317321944147009,0.02058957112196907
2008-09-09,0.00879458741411794,-0.023106359080554396,-0.029752430388667248
2008-09-10,-0.008608133125431261,-0.0002634474117560047,0.00399349707297816
2008-09-11,-0.0033527305732980258,-0.0031950472320198178,0.014405462740437903
2008-09-12,-0.0012747295906589266,0.00011738359440249466,0.004563162940620868
2008-09-15,0.028804900555340813,-0.011847902876143391,-0.04761720253088146
2008-09-16,-0.00811720910629808,0.0030877181197242684,0.01670333822967006
2008-09-17,0.03462033260626019,-0.007295630990950123,-0.04496392168009601
2008-09-18,-0.024152965481690398,0.012170351488945002,0.029668768970893673
2008-09-19,-0.02508525186115482,0.024967062924207417,0.03967737024874691
2008-09-22,0.021440657949003253,-0.020468737906301673,-0.022674144763369923
2008-09-23,0.002429450577231003,-0.0126214517810472,-0.022783329267932566
2008-09-24,-0.004400057016688647,0.00582753966031138,0.0031879149978997086
2008-09-25,-0.007880791283354878,0.01322114124899572,0.015611282267074988
2008-09-26,0.004194660271920015,-0.005692646460299647,0.0004637731380524052
2008-09-29,0.03559481534181697,-0.03541669747506183,-0.078379473529067
2008-09-30,-0.03404922769223368,0.022614839486310392,0.04135412881028285
2008-10-01,0.001290997938811702,0.002907121121578754,0.0005717516500663055
2008-10-02,0.003336087219491027,-0.009754296084715994,-0.036297746431249535
2008-10-03,0.0010229100604818907,-0.0022023546119242566,-0.013518893590523468
2008-10-06,0.007008793328962673,-0.004777200285428645,-0.05094970561896877
2008-10-07,0.004754296521579364,-0.007638503123428186,-0.04481726984192902
2008-10-08,-3.882145259076267e-05,-0.006096044355178663,-0.025217805840880743
2008-10-09,0.0026901623329517897,-0.01648353789882702,-0.0698620584204058
2008-10-10,-0.003661868560029559,-0.014204173227955816,-0.0242640888158569
2008-10-13,-0.013762256933901304,0.02708752915827428,0.14518938953809163
2008-10-14,0.00043501908710235064,-0.007246580021607458,-0.01480952295561476
2008-10-15,0.010685153117370899,-0.016025941575521584,-0.09845562785770068
2008-10-16,-0.00584822038716212,0.0041713834168598425,0.041640149113247114
2008-10-17,0.0013753958357944167,-0.0028072979673592962,-0.006002985852654213
2008-10-20,-0.0026045438950986987,0.015481572875835566,0.060038898652624365
2008-10-21,0.0048877762203583695,-0.006544611717951911,-0.029898700039397652
2008-10-22,0.005824939576603363,-0.01183329295927256,-0.05449450443775587
2008-10-23,-0.0016548798148716215,0.0028047691389240766,0.01154821213280234
2008-10-24,0.005726570933636463,-0.010421006109073875,-0.05074691859043045
2008-10-27,0.002851287684440373,-0.0070135032660175066,-0.03552993257822201
2008-10-28,-0.01295638478015432,0.021045633523511596,0.11682557513636348
2008-10-29,0.0012575134948773126,-0.0005572650759321967,-0.007274983451501789
2008-10-30,-0.008102637778238862,0.002355227600650732,0.03457902920404137
2008-10-31,-0.00019750750932046802,0.0004479631217538982,0.005486359720379715
2008-11-03,0.0008871005823576646,0.00042563149398851106,0.0028749864780416284
2008-11-04,-0.003880163137819444,0.008930729341002273,0.03396366100610132
2008-11-05,0.005357131598519996,-0.004136498810978823,-0.04204277647486041
2008-11-06,0.0036385996970773,-0.005167623465413868,-0.0554236830312245
2008-11-07,-0.0030262320639632104,0.002099847170616736,0.03300632146969408
2008-11-10,0.00027568681144501364,0.0009092935094046972,-0.013112596095994683
2008-11-11,0.003931811715548179,-0.001442921095431466,-0.030883271887246454
2008-11-12,0.004514345187516625,-0.003757889776876878,-0.0440068599551506
2008-11-13,-0.007628717443950193,0.0023551781091157263,0.062332223695992846
2008-11-14,0.004867975927239575,0.0005244811437563972,-0.04991187709963553
2008-11-17,0.0019330633274428246,-0.0011796157801647017,-0.013279968212388076
2008-11-18,0.001853104832474939,0.002351216204317437,0.018832660629739092
2008-11-19,0.0057713036270041155,-0.0006248004448253606,-0.06408160685385383
2008-11-20,0.008696056664143364,0.002981932054105522,-0.07423336469193534
2008-11-21,-0.007166614887490959,0.0050984077352267615,0.05394260992669347
2008-11-24,-0.008008389962413135,0.0020756444193458165,0.06929037743057659
2008-11-25,0.003116609349482381,0.0031308488062275295,0.007405238988851317
2008-11-26,-0.00070763615614733,0.005557278494948619,0.03863991875899257
2008-11-28,0.0025821849521892315,0.000939283113954179,0.012587664276830435
2008-12-01,0.005124518417159729,-0.002736107798741472,-0.08857844157977074
2008-12-02,-0.001021492268707444,0.0035599481669174723,0.03848292647130505
2008-12-03,-0.00017862221352304598,0.0006910979015744076,0.02404072213569288
2008-12-04,0.002939404762377246,-0.001726817016379672,-0.0231334628438267
2008-12-05,-0.001960984061225478,-0.0015908448563161195,0.030831926261650926
2008-12-08,-0.003219282220670048,0.002503945448357698,0.034913934240199035
2008-12-09,0.002455896946905743,0.0012515359008577866,-0.016483913308913474
2008-12-10,-0.0010396477998494398,0.0029688264761302107,0.006815450864972786
2008-12-11,-0.0005284716152935793,-0.0006453683483101379,-0.024082054291238948
2008-12-12,-0.0006825302467231671,0.0015149145848113198,0.011939509852032232
2008-12-15,0.000909161640884883,-0.0011619393910939722,-0.013934324646387917
2008-12-16,-0.0008319510858879447,0.00566624174080132,0.04706450370195499
2008-12-17,0.0017523853223394474,0.0009803863647667747,-0.009686739730213865
2008-12-18,0.0029747163618283863,0.0014472466254805902,-0.018683537110952084
2008-12-19,0.0006619239461400821,1.8408319556933246e-05,-0.004301814858068051
2008-12-22,0.0007403080368120562,-0.0023288655167235336,-0.012813497556932871
2008-12-23,-0.00012326887657714624,-0.0008691624740395395,-0.010337826734806464
2008-12-24,3.3929859113595e-05,-2.9980273081523358e-05,0.0058029582580095525
2008-12-26,0.0003220530540295438,0.0018936083350541652,0.005769475933837889
2008-12-29,0.0003772517738396741,0.0011798981588634432,-0.0028686849104819275
2008-12-30,-0.0008129868391228794,0.001829904365268361,0.02369908041577385
2008-12-31,-0.002542699737366458,-4.732859419823176e-05,0.014269873122992738
2009-01-02,-0.005148045069702417,-0.000254198744191133,0.030138485196594716
2009-01-05,-0.0017698235340258483,-0.001882267595477687,-0.001186684240431075
2009-01-06,-0.001960226280850264,0.0010724885087033764,0.0066723076863307446
2009-01-07,0.001904903544533699,-0.0057288162095230685,-0.02996013617084242
2009-01-08,-0.0002576811158483803,0.000731156418173561,0.004077588097323128
2009-01-09,0.003396844758756778,0.0001017524892104665,-0.021421785846042103
2009-01-12,0.003298404040004391,-0.002987105222061532,-0.02402322677348296
2009-01-13,0.0009249167171245271,0.0018559331069517855,0.001836013525687102
2009-01-14,0.00394302828908165,-0.0010456437344922998,-0.03145882317339854
2009-01-15,-4.6797087715696976e-05,0.0006580342018398496,0.00035159389276989917
2009-01-16,-0.0023411574512673355,-0.001675244286703903,0.007815294574082221
2009-01-20,0.00719880048999798,-0.001589017690688296,-0.052790213170993916
2009-01-21,-0.006473265398798992,-0.0018672813484056164,0.04318793193087256
2009-01-22,-0.00037709875951802267,-0.004452517458989595,-0.015470987939348589
2009-01-23,-0.00039851046085891633,0.0034671284659400403,0.0043468891194836734
2009-01-26,-0.002484173433908959,-0.001445227748226538,0.006854408483346233
2009-01-27,0.001993612736569102,0.002461684017537591,0.010152566783956915
2009-01-28,-0.004960673032980591,0.00015421307476791912,0.0338270065768216
2009-01-29,0.0009019035992052462,-0.005197573456746608,-0.032506685962893196
2009-01-30,0.0018246086316593229,0.0001664961410835123,-0.02035173617435638
2009-02-02,0.005582796203765706,-0.0007991089970872339,-0.0030279522653642783
2009-02-03,-0.006003488361914159,-0.006248546702358141,0.014034634801583514
2009-02-04,-0.0005481092346238048,0.0008848003467226743,-0.004907567683032342
2009-02-05,-0.002258546272756547,0.007491737815894224,0.014869854975324915
2009-02-06,-0.005179522631161306,0.0014144614091025445,0.028486432111424344
2009-02-09,0.0002176506051942755,-0.0037762662572052227,0.0013686586117318466
2009-02-10,0.009289836964951616,0.002092738634735038,-0.045821493917072985
2009-02-11,0.00019428703998355745,0.008992218975109545,0.005883870237145268
2009-02-12,-0.0006784677215971457,0.00012013263826554253,0.0007064558958495428
2009-02-13,-0.0018211666976181344,-0.010547466637479313,-0.010769355013754965
2009-02-17,0.012939012014996998,0.003458588865160328,-0.04278560657735704
2009-02-18,-0.0016204461203741369,-0.0020348624120447583,-0.0024103197894040297
2009-02-19,-0.002646293165414344,-0.005852904146017307,-0.010767294958668398
2009-02-20,0.00034222837373091224,-0.002283836221598085,-0.009731699465543255
2009-02-23,0.005496549137833381,-0.0033282617477573264,-0.03578954028131485
2009-02-24,-0.004525951103755222,0.003614388193021935,0.037898565227594806
2009-02-25,0.0009813953923645292,-0.005670558586978581,-0.007884713369371596
2009-02-26,-0.0011186267975017824,-0.0028444472148101635,-0.01627173553396594
2009-02-27,0.001699910915941372,-0.004327129717335633,-0.02235853713880761
2009-03-02,0.02348919593643162,-0.016485920323509182,-0.04505175943791802
2009-03-03,-0.0006331187388210393,-0.003094878722371266,-0.007517580897828116
2009-03-04,-0.013393548488308317,0.011880666293809693,0.023680726851010227
2009-03-05,0.01321420578418792,0.003596625707703631,-0.04085556188160188
2009-03-06,-0.006228709654157771,0.00016853435400571517,0.0017367737281949026
2009-03-09,0.0066906452295634215,-0.009508729663368035,-0.011760658215911319
2009-03-10,-0.01635548394329839,0.008748695439225077,0.059600093516859035
2009-03-11,0.0016441190486172872,0.001647052187494764,0.006503688195540696
2009-03-12,-0.012280916160544296,0.02148059866097623,0.039364318921337633
2009-03-13,-0.0015573348221956569,0.0004712378397893121,0.007806981349124341
2009-03-16,-0.005874735087564601,-0.003894344094980012,-0.0030314103875177583
2009-03-17,-0.007840842749845306,0.007840715625396321,0.030573719413781692
2009-03-18,-0.0011001731192885166,0.028945078300163646,0.022376106485976408
2009-03-19,-0.0046592508322427645,-0.002143911159502602,-0.012393350516890767
2009-03-20,0.004038681189912852,-0.003802843957154616,-0.021301947721989452
2009-03-23,-0.01879888852721182,0.020793665409236356,0.07182145525934365
2009-03-24,0.010872785343522094,-0.008435342986939274,-0.01971140325595713
2009-03-25,-0.007529422718113212,-0.003454734198086994,0.01053854570550415
2009-03-26,-0.0020351192985345297,0.01417123662619578,0.020375091765576094
2009-03-27,0.011095874449101924,-0.008483720245822817,-0.01805332981552497
2009-03-30,0.014747221246157152,-0.014793436602491015,-0.03455934680531054
2009-03-31,-0.003701192413216277,0.008389447518405214,0.009257144327913585
2009-04-01,-0.0014006239014644887,0.008338205316769457,0.01935787618047985
2009-04-02,-0.01436858386555172,0.0030468292695631323,0.029230096857837572
2009-04-03,-0.007831772581879486,-0.0052055001658815655,0.009940545189518374
2009-04-06,0.00042701246253030675,-0.007486434063871975,-0.007840282705592576
2009-04-07,0.0073549608523235,-0.001695576853490963,-0.02333286245567139
2009-04-08,-0.0003776184971481355,0.005837176433702553,0.01077053303964261
2009-04-09,-0.007983259020481418,0.006175821267466036,0.039736165064963185
2009-04-13,0.0004827307858174434,0.003770006976735488,0.00022637683307265942
2009-04-14,0.0044635088225836,-0.0027436636076714326,-0.01724997445535126
2009-04-15,-0.001009681850559638,0.0026426304922112505,0.01066429082452495
2009-04-16,-0.003628761381912843,-0.002053021973341987,0.01465779628078014
2009-04-17,-0.001086951803760651,-0.0032964227304679676,0.006700064750242082
2009-04-20,0.013818898463459567,-0.004579810791053155,-0.0419202585644925
2009-04-21,-0.0052272529528959045,0.001733175659156519,0.019531748141623763
2009-04-22,-5.318782828088505e-05,-0.0029627957441104684,-0.00611864961865598
2009-04-23,-0.0035436414360236657,0.004186107847098143,0.009814089421400695
2009-04-24,-0.00521999489328647,0.0018422041915765078,0.015106935020210188
2009-04-27,0.006166887207956451,-0.0025060546937862175,-0.009465921873604836
2009-04-28,-0.003273783863528791,-0.008717609753029475,-0.0031501096981567194
2009-04-29,-0.00817061118045891,0.005323998691861496,0.021265363047768802
2009-04-30,-0.002338149055436047,-0.000888783178196835,0.00033831442228572927
2009-05-01,-0.0047721270264760645,0.0022606151164036065,0.00537060419403746
2009-05-04,-0.0103465017627482,0.014079328722375214,0.03401282896019258
2009-05-05,0.002630490369496,-0.0032834800607773463,-0.0034180092327644285
2009-05-06,-0.0062269984093374624,0.008616340307893024,0.017327512107131696
2009-05-07,-0.0015691346946070984,-0.010780100366941651,-0.013899033325732153
2009-05-08,-0.009057517813674762,0.0074241957009243825,0.02332608205672759
2009-05-11,0.007965270307828674,3.338535631454073e-05,-0.018719911068368178
2009-05-12,-0.0027982469387263452,0.0028116227124220868,-0.0029663345426745717
2009-05-13,0.007348455791961316,-0.003761692884287346,-0.025179889758231856
2009-05-14,-0.0019391894955706555,0.0029402415382036792,0.00856401309465632
2009-05-15,0.002954421574729146,-0.0029871840092260903,-0.0081680843469491
2009-05-18,-0.009667194224570087,0.0043839882419805624,0.028400868677412785
2009-05-19,-0.0029991206107548647,-0.000368318017003402,-0.001212694814979941
2009-05-20,-0.0025201027377453338,0.003494399084283337,-0.006701221360593958
2009-05-21,-0.004704190276939252,-0.010712899646379684,-0.014370031629009138
2009-05-22,-0.0048570042473412844,-0.0028615055307651457,-0.002136777908811237
2009-05-26,-0.005088853123449129,0.00021946699699965534,0.02560574731097009
2009-05-27,-0.0010655194803522873,-0.009401820203727469,-0.017859633196804812
2009-05-28,-0.0017817080774039451,0.01136388868189616,0.013934645372197086
2009-05-29,-0.0029381978524513947,0.01331496514415953,0.01770272339451849
2009-06-01,-0.014904881084533788,-0.0006984240393334858,0.02420496907124185
2009-06-02,0.0001559523738375235,0.0007518980720910868,0.0008390096130773546
2009-06-03,0.009683969363160726,-0.005603461326200869,-0.012656681846098264
2009-06-04,-0.007830268264742984,0.002281117839494351,0.009391303178336764
2009-06-05,-0.0015940395429473962,-0.005061583943842971,0.00020447538806235685
2009-06-08,-0.00010748558287719697,-0.0038379316644857704,-0.004131541135506435
2009-06-09,-0.0029704810051572866,0.0011145450131253168,0.005090716015101627
2009-06-10,-0.0022238980873088305,-0.0023638345377338613,-0.0025428475014745533
2009-06-11,-0.0023061722265152267,0.005216944761580305,0.0044423870419455155
2009-06-12,0.004088842318339702,0.0001498514506080191,0.002735512463923002
2009-06-15,0.010744627015419513,-0.003958583122438262,-0.022934214142338705
2009-06-16,0.004343396575204077,-0.0011089232552598334,-0.013569541327712603
2009-06-17,-0.0015339919426245678,-0.002695118108786905,-0.000988611548445544
2009-06-18,-0.00459057002900556,-0.005440039481552212,0.007311638966739663
2009-06-19,0.0013015263081332263,0.00383577163881798,0.003679102590147774
2009-06-22,0.010006451876525674,-0.008813785256774696,-0.0299943263717163
2009-06-23,-0.0020898507644697456,0.004010921656060134,0.000776308676506056
2009-06-24,-0.0019138249833963374,0.0018617693832869249,0.008610700294628086
2009-06-25,0.0007391541198638359,0.014211128701280626,0.021742220964373168
2009-06-26,8.469074844163923e-05,-0.001756076873917675,-0.002613433241050188
2009-06-29,-0.0020479051824756128,0.003295719903179253,0.009357769311115897
2009-06-30,0.0020261981824715087,-0.005739799049345764,-0.008097758010223706
2009-07-01,-0.006026058871482591,0.004356837724550019,0.004126186425809526
2009-07-02,0.013097194519276796,-0.012487674921109415,-0.02729960062019826
2009-07-06,0.003935188304358496,-0.00502802724581563,-0.00011743580765416419
2009-07-07,0.009914201166799697,-0.006410500141468671,-0.019383595351929225
2009-07-08,0.009809448286457563,0.0009146255300721742,-0.0006882703615140417
2009-07-09,-0.008194302416102124,-0.0020415530218905165,0.0019248529299342077
2009-07-10,0.005987378326308899,0.0010436780451730941,-0.002388299789103048
2009-07-13,-0.007865898115166912,0.005548178920767156,0.02432248784640908
2009-07-14,-0.006502319055828186,-0.0015989692991029184,0.005653456719457429
2009-07-15,-0.022870086316633387,0.007811447423279997,0.029239292262634487
2009-07-16,0.0022977215428552334,0.004900587834825283,-0.0016149705489526592
2009-07-17,-0.00624992271592581,-0.000826532017842179,0.010948200919027368
2009-07-20,-0.008423967669089342,0.013139687341829345,0.010617256755390962
2009-07-21,0.0054374717702635285,0.008576192009336157,0.0046181325986540825
2009-07-22,-0.004120638560145183,-0.003006006927853055,-0.0002163784240599558
2009-07-23,-0.012236958650990776,0.003280980556248464,0.02207554205086916
2009-07-24,1.6893057159631123e-05,0.0026965744065653185,0.004088637211310712
2009-07-27,-0.004731356696272224,-0.0016555317246855414,0.0029502395898031316
2009-07-28,0.006867841577000682,-0.003304638265940375,-0.004684505393984144
2009-07-29,0.008648473498289526,-0.005754861490976461,-0.0024586541723628608
2009-07-30,-0.005293965352130408,0.015525288865067573,0.010438489525119655
2009-07-31,-0.0037070978798127456,0.012980167867154302,0.0014119203801876046
2009-08-03,-0.013073857494186521,0.006128720524138339,0.01648941142122522
2009-08-04,0.0001998927346920752,-0.001014634915801788,0.0025816109171269874
2009-08-05,-0.002561401025503751,-0.0047728612536702755,-0.002886718971963863
2009-08-06,0.004553429978033169,-0.004008191528896492,-0.00518555544809466
2009-08-07,-0.0027878774086245806,0.0003507331112157484,0.013107655475893841
2009-08-10,0.0035121807054334657,0.000850631445711681,-0.002081439036441509
2009-08-11,0.0068490451295708625,-0.0026626669403722026,-0.012483571547988166
2009-08-12,-0.005392711665686896,0.0011372959708958108,0.010722218761273071
2009-08-13,-0.0010037118855006845,0.011860928669193976,0.007632307735659478
2009-08-14,0.005810198861134795,-0.006870303268410483,-0.007686166939892582
2009-08-17,0.01098220844188842,-0.01087518232211716,-0.024612394750928947
2009-08-18,-0.006491809308984568,0.006566008827542508,0.007927129390029975
2009-08-19,-0.0012384170657854514,0.005408265961699297,0.008773377486765982
2009-08-20,-0.0016173957295722245,0.0038422260480507698,0.010297760324768838
2009-08-21,-0.008211091440383445,0.004059380516680999,0.019599586023043705
2009-08-24,0.00119027368343664,0.003135226249155519,-0.00010328720340030341
2009-08-25,0.0021403947209817135,0.0021078331679506945,0.001936395626465582
2009-08-26,0.0022672749040942362,0.0011699150574227336,9.112957654189889e-05
2009-08-27,-0.002870575334977727,4.126986309144838e-05,0.002223807253552571
2009-08-28,0.002786694704037919,0.0027358464581237873,-0.00019862364472102148
2009-08-31,0.005006761295069431,-0.008261772608760768,-0.008904348064533454
2009-09-01,0.007837098352986436,-0.008814037074962942,-0.022062568025733933
2009-09-02,0.007743197838134686,0.010919400695166162,-0.0037975466043246447
2009-09-03,-0.002487312361839185,0.005923230895201971,0.008310024992019178
2009-09-04,-0.006952444710647931,4.805724249611152e-05,0.014003941931312065
2009-09-08,-0.00547687613482441,0.003558105657635012,0.008617466724116802
2009-09-09,-0.002764246301185097,0.002619089275209766,0.007669024990337459
2009-09-10,0.001974603068722279,0.013358651438479443,0.010213456356515006
2009-09-11,0.005184037210465296,0.0021927694754123837,-0.0001962558191254569
2009-09-14,-0.0038661385954500515,-0.006844185965732352,0.004862667485088332
2009-09-15,-0.00243164108941511,0.005436461905323886,0.00417439422763845
2009-09-16,-0.004618939548032042,0.013003842259930785,0.015130532614713954
2009-09-17,0.002571562507210054,0.0015594424432003435,-0.0014946013094938823
2009-09-18,-0.004116762707463638,-0.004785559059119508,0.0006343901519065405
2009-09-21,0.0029548655670488776,-0.0060240583994764,-0.0025335964414323546
2009-09-22,0.0007295359833512357,0.008910441347809661,0.005820586798998417
2009-09-23,0.003673353341555455,-0.007581949617133623,-0.008316083208087433
2009-09-24,0.0026656094572530898,-0.008073454199298079,-0.01102257845044529
2009-09-25,0.0037391981675367427,-0.0008964516643955023,-0.005336446169986845
2009-09-28,-0.004623827022320864,0.012430518548079987,0.01789975840597758
2009-09-29,0.0011897742553842875,-0.00048192982240633083,-0.0030145408338694917
2009-09-30,0.0011238305066935618,0.006338760248919125,-0.003872522568567105
2009-10-01,-0.0014660936046481956,-0.008673328108185045,-0.02481668023103292
2009-10-02,0.0008536224459085917,-0.00599068205380807,-0.004665155882715092
2009-10-05,0.002614430421215729,0.01532238694729971,0.014924702658530749
2009-10-06,0.006111923051706299,0.007689801909027629,0.014321443922371353
2009-10-07,0.0029450643537145232,0.006996073264354345,0.0027461823085020666
2009-10-08,0.001517137632780983,0.005686253952971629,0.007653550382493569
2009-10-09,-0.011208507638939469,-0.0050749463117886265,0.006094423938152786
2009-10-12,0.002405725008764569,0.0075013152925630785,0.003913320712549763
2009-10-13,0.0022025094980883107,0.003750122910808065,-0.0020454829219167846
2009-10-14,0.0009627483726077814,0.004569857202891504,0.017213114752569307
2009-10-15,-0.005413137704597563,-0.0027567199080244078,0.0036571490385155486
2009-10-16,-0.00027544195421424594,-0.0004962677578724643,-0.007476628529330208
2009-10-19,0.005817558800807676,0.012180493362723515,0.008262854890429407
2009-10-20,-0.0018409877451581198,-0.0028340409025391674,-0.00528580546653158
2009-10-21,-0.0006958110998292127,-0.004358595517360063,-0.008976077540654388
2009-10-22,-0.0014614346684611132,0.00456144119624637,0.010161542067257974
2009-10-23,-0.005426035789122323,-0.009275740728938107,-0.011435259340238006
2009-10-26,-0.007659991100836751,-0.015594177859808527,-0.010827281583716234
2009-10-27,0.0021547437949332397,0.0014340786073909024,-0.004586123361720688
2009-10-28,-0.003382492508026539,-0.01780053847335675,-0.0188897568349197
2009-10-29,0.004061524424704786,0.018788364514761638,0.021451878388130702
2009-10-30,0.0004239272730404235,-0.014912923957965103,-0.028975099573407877
2009-11-02,0.004303580860062023,0.005549987954460575,0.007337174325946028
2009-11-03,-0.000789915373700794,0.004749717815311425,0.003161376992840166
2009-11-04,0.005532142261537532,-0.0008351214720657913,0.0025782108373593776
2009-11-05,0.00025899341294575903,0.013057340467755817,0.018393581935148295
2009-11-06,0.007636436528145299,-0.0011364216963029065,0.0026186989211416972
2009-11-09,0.01753132678602759,0.010183177351124825,0.022774304120145642
2009-11-10,0.001601544529785148,-0.0030756083474008686,0.00018012012567066992
2009-11-11,0.005218767770731586,0.007587856970526358,0.0051076218462474355
2009-11-12,-0.013434921396771292,-0.005026324696596199,-0.010170160125401397
2009-11-13,0.018263661314673107,0.0004165188302411166,0.005409208581026002
2009-11-16,0.014250384722220392,0.016443701803544437,0.014502436125273686
2009-11-17,-0.0017757444433588229,0.004297917681416493,0.001166752398615632
2009-11-18,-0.0019035071986902535,-0.004126160955428638,-0.0006298926239055195
2009-11-19,-0.005669234384936803,-0.006180684220091452,-0.013031536527082475
2009-11-20,-0.002339408912971718,0.0006113216503391345,-0.003551656985041734
2009-11-23,0.011591432634190706,0.0057934540657185625,0.012701384780825154
2009-11-24,0.0046347921793857315,0.001958987111145361,0.0015324153099762548
2009-11-25,0.011467314966549909,0.007457965966561295,0.003512237341666703
2009-11-27,-0.014618571446693646,-0.008014017547605515,-0.016251643915058775
2009-11-30,0.00465466132301768,0.0038620086311204936,0.003374877674718586
2009-12-01,0.013341164421098397,0.00563880115550662,0.012368404995723033
2009-12-02,0.0006140215198571485,0.0024980921733245556,-0.0004508510067693585
2009-12-03,-0.0035239148848099544,-0.007144575301749752,-0.007821836709066242
2009-12-04,-0.012876725686826193,-0.008546353266859957,0.005706012793437832
2009-12-07,-0.0030732797915512316,-0.0022934680034267067,-0.0015320410093619754
2009-12-08,-0.01103657069488416,-0.007048128343982872,-0.011098030751489449
2009-12-09,0.0004964875459037054,-0.0033732490470158518,0.003739506343877833
2009-12-10,0.0021447085034003123,-0.0026166684505813716,0.0056343721021103335
2009-12-11,-0.005416369907438908,-0.000981141034676967,0.004247228974801998
2009-12-14,0.00578841172144266,0.0046819939721354,0.006839293938582725
2009-12-15,-0.006415181147711654,-0.004097429552856788,-0.004649877814629466
2009-12-16,0.0074782239836087665,0.00593956826476107,0.0015253122451467462
2009-12-17,-0.01968689634484709,-0.006155275002152204,-0.01201733674766605
2009-12-18,0.0035915719153422985,0.0015826432475676913,0.0056558520411478025
2009-12-21,-0.004526313512962369,-0.009718784082617827,0.010160656495005919
2009-12-22,0.00014146933782393584,-0.00036007281474880175,0.0035901578128092653
2009-12-23,0.0067204778555169185,0.0034343102409898855,0.001966792531461035
2009-12-24,0.006927823620337092,0.0022105148922677326,0.0047327264379337436
2009-12-28,0.0038825004196472125,0.0011423205331232205,0.002131511064574763
2009-12-29,-0.003613507087657784,0.0008610843617638654,-0.0014232487303456284
2009-12-30,-0.0018817628346754639,0.0009112325294291462,-0.00035696146998600485
2009-12-31,-0.003611442736348039,-0.004332630039977821,-0.009600226518388514
2010-01-04,0.015400940624742324,0.01507250670786855,0.01695761060678813
2010-01-05,-0.0016097485276499025,0.0044306391976449465,0.002644715293240808
2010-01-06,0.009927717538730382,0.0003857048958594787,0.0007022698431236634
2010-01-07,-0.004525464930803787,-0.0008317294741325815,0.00421950846211289
2010-01-08,0.004006150647987828,0.0016443243395746672,0.0033261755961581994
2010-01-11,0.004389384180446028,0.00029181383354230455,0.0013955660453983255
2010-01-12,-0.015893548142846152,-0.003985595500496363,-0.009327828594332475
2010-01-13,0.008320360378901846,-0.0003388422232883238,0.008444250727332488
2010-01-14,-0.0029086079763731214,0.005410456491717591,0.0027027819978538464
2010-01-15,-0.011835386188387073,-0.0035996949930574094,-0.011226413916189839
2010-01-19,0.007189750931484881,0.006714976795890084,0.012493599968158494
2010-01-20,-0.018460864748335006,-0.006608493716877455,-0.010170576111783151
2010-01-21,-0.014226582525190544,-0.010485001221135767,-0.01923068953306297
2010-01-22,-0.009226038878000123,-0.010931848787329047,-0.022293620376763797
2010-01-25,0.005975459867006485,0.002069417956652881,0.005125927528900013
2010-01-26,-0.00640639519784198,-0.00296811022642671,-0.004193151457091267
2010-01-27,-0.002460751140257547,-0.0030378348349405764,0.004754374212663022
2010-01-28,-0.005239567428115566,-0.005317144440914417,-0.011475072371459599
2010-01-29,-0.011601260431879458,-0.0017068022709894881,-0.010871344679247868
2010-02-01,0.014566084701432004,0.011024503683364386,0.015547406185512352
2010-02-02,0.0066288320671791185,0.011094109154816734,0.012099855349106854
2010-02-03,-0.0013239252031692923,-0.009721619323165212,-0.004986316817670803
2010-02-04,-0.026418325628444466,-0.018961348724170348,-0.03086925058239705
2010-02-05,-0.004204787184038978,0.0004939351410804113,0.0020635305509906603
2010-02-08,-0.004225748024203969,-0.006672298788201215,-0.007222812437602691
2010-02-09,0.015608629531424893,0.00895017410990986,0.012556253095741989
2010-02-10,0.001098289828163125,-0.004492809742326613,-0.0019625495082286593
2010-02-11,0.009153503844875358,0.00924977338610658,0.010462495879963262
2010-02-12,-0.004889515705100617,-0.000846468244330749,-0.0008358690349398103
2010-02-16,0.01267427791294057,0.017315862402724685,0.015731511599421915
2010-02-17,0.0022785274117874425,-0.0027564203643340277,0.00473494035002798
2010-02-18,0.005230326650895659,0.0020557873681531173,0.00589179761069562
2010-02-19,-0.002553878069574482,0.0012411366010255886,0.0020699450622094543
2010-02-22,0.0006737480390118588,-0.002862038982854665,0.00017661863943367237
2010-02-23,-0.014238022355084413,-0.002227161551008241,-0.012149274350648864
2010-02-24,0.002891264597162796,0.004958363070972463,0.00919335970604451
2010-02-25,-0.004341427488281317,-0.0009463747544168266,-0.0013581235560589436
2010-02-26,0.003562019254965123,0.007899326669415367,0.0006279448298159516
2010-03-01,0.0015218530037518262,0.004974043093659771,0.010379936921886148
2010-03-02,0.004539094588269726,0.00488357046927203,0.002765596124444841
2010-03-03,0.003637924131791656,0.0007312942261043639,0.0008859628770691687
2010-03-04,-0.0028887269288181507,0.0014534469373604728,0.003022214795265832
2010-03-05,0.006385871895116181,0.0046014229788325384,0.01428757539143633
2010-03-08,-0.0005742212801798209,-0.003532321080829991,0.00016927135399036938
2010-03-09,-0.0003419497683784056,0.0007428530153907704,0.0016567976583228038
2010-03-10,0.0009574261955013488,-0.0007289896783047077,0.004449969780739755
2010-03-11,0.00039050671334364895,0.0007537519922544836,0.004169211000369827
2010-03-12,0.00032158713798629814,-0.0012836450915434036,8.108053361603226e-05
2010-03-15,-0.0027152792891246623,-0.0011312420852858812,0.00025406570552689064
2010-03-16,0.006708859335801896,0.009507446650073966,0.007959957227453185
2010-03-17,0.0016420058948991918,0.004919403553730132,0.0059213286971797376
2010-03-18,-0.0024272911955079955,-0.0005841895068703423,-0.0005181157050221315
2010-03-19,-0.006535794320575893,-0.005595319499535867,-0.005067522072148994
2010-03-22,0.0019570668932731836,0.001936002823844665,0.005340612510853085
2010-03-23,0.0011860696003695675,0.002340290922982707,0.007028097552329457
2010-03-24,-0.008188990650678293,-0.011985445098703924,-0.004860201759497906
2010-03-25,-0.001368854144558516,-0.002690844570486888,-0.0016312698048481927
2010-03-26,0.004160293995684808,0.0031335621575065606,-0.00060524183267531
2010-03-29,0.005714604633547736,0.0042738129435197225,0.006342593741098595
2010-03-30,-0.0009923864660608287,0.0024324449541648007,0.0006759588981372944
2010-03-31,0.0012812958771448943,0.0012582877259495386,-0.0034131203594871783
2010-04-01,0.009246822238448181,0.008218542212204858,0.006831680540054539
2010-04-05,0.0077755655143442485,-0.0008225604029683381,0.00814304858314721
2010-04-06,-0.0014973842160826566,0.003628687580156763,0.0023511382538079447
2010-04-07,-0.005323570014890147,0.005546398552887171,-0.00571871731745441
2010-04-08,0.0010319033549156126,0.0001731324833131094,0.003457823780534775
2010-04-09,0.004318048891562008,0.0041737163305447965,0.0065614167420384485
2010-04-12,-0.0014161728501976205,-4.8459311203078326e-05,0.0015838926033721725
2010-04-13,-0.0011567372155845664,0.0016997323004207376,0.000745709293432626
2010-04-14,0.007856921835622725,0.003295404539965979,0.0113432657929316
2010-04-15,-0.0010750411739669642,0.003424106741888679,0.0008191856016088495
2010-04-16,-0.013253247967482442,-0.01010140720475896,-0.015918231139363106
2010-04-19,-0.0005087312413233913,-0.0034633491026528937,0.0037641292706988884
2010-04-20,0.002400343699072586,0.007700285221837762,0.008925050777826798
2010-04-21,-0.0025656351021313244,0.004800688350528432,-0.001825687756367705
2010-04-22,-0.00012980289448526352,-0.0007399658862681041,0.002977579610022405
2010-04-23,0.005359598112471143,0.002889442455076127,0.006521703589433881
2010-04-26,-0.0014482523334500117,-0.0015234242567140482,-0.00378231798059361
2010-04-27,-0.016404763070727107,-0.0019064458990771596,-0.02365631147361346
2010-04-28,0.004509806165816583,-0.0023029145393492134,0.00759001624706951
2010-04-29,0.004572532525483113,0.00835860153722083,0.012391065695511431
2010-04-30,-0.005708572673041922,0.0012901338977595097,-0.016967949911681213
2010-05-03,0.0014150928646136584,0.007555560697138012,0.012955530662117768
2010-05-04,-0.016753007815129308,-0.011699134752776643,-0.02352091495597214
2010-05-05,-0.007769156185659492,-0.0031959282337721117,-0.005962161117994074
2010-05-06,-0.013688331916019505,-0.0009017965075657879,-0.033217435670112094
2010-05-07,-0.00029796627743082645,-0.01176900142910448,-0.014879919234844061
2010-05-10,0.019716702264439268,0.023362381086266176,0.044035243980669166
2010-05-11,-0.0009497367783754576,0.0005452769455120063,-0.0028468771455090434
2010-05-12,0.004964279714981891,0.007456592166987107,0.013980019228979599
2010-05-13,-0.006512488571082111,-0.0036724912903327786,-0.012436964947831364
2010-05-14,-0.01194209487057938,-0.0045928685865763465,-0.018110750198942253
2010-05-17,-0.003945635975050689,-0.00970682586557839,0.0005208503138873533
2010-05-18,-0.007957375894519223,0.003123424998031867,-0.01360896502909204
2010-05-19,-0.0025850057798998296,-0.01113052102389803,-0.005700492289511865
2010-05-20,-0.013715916387401276,-0.018237606484113027,-0.037765645604317666
2010-05-21,0.007962850228370781,0.012022606401726369,0.014593263552265399
2010-05-24,-0.00490245740107216,-0.0027313906531470904,-0.01283705418690453
2010-05-25,-0.0017354330443862286,0.0019760828145359965,0.001014917261820484
2010-05-26,-0.0018076069621115653,0.0006952025172841884,-0.006034929504240756
2010-05-27,0.02011741539088024,0.015889498822971644,0.0334918688455518
2010-05-28,-0.00591143601087249,-0.0037783586642598788,-0.012555603544183638
2010-06-01,0.0005342612099253388,-0.00435743149495957,-0.01682941604265819
2010-06-02,0.0015878549615586427,0.006689374889420531,0.026033519569773074
2010-06-03,-0.002107173671743256,-0.0023669616022026735,0.0034390291345332974
2010-06-04,0.004690991299153445,-0.000399988488820259,-0.035141600689128034
2010-06-07,0.0014129256663270022,0.003275125021342573,-0.012455035744127735
2010-06-08,-2.908157368835272e-05,0.0023612369787603996,0.010707597245933172
2010-06-09,-0.002276318361936029,-0.002945003458426426,-0.0053498557551767915
2010-06-10,-0.0022073436526022228,0.0008282180487567325,0.029228106332676734
2010-06-11,0.0045421721307154096,0.009108797796203227,0.004852914131408666
2010-06-14,-0.002530668746388832,-0.0040139716072676085,-0.0015521293711222588
2010-06-15,0.00195255504158283,0.008823496661512397,0.022734454975829224
2010-06-16,0.0007506631766036561,0.0021142968000869835,-0.0003607224600656802
2010-06-17,0.0020507796766761994,0.0040614900601132434,0.00160414835213308
2010-06-18,0.0003833142543650985,0.00019625465695220778,0.0010804076708206037
2010-06-21,-0.0007934261013366552,-0.0027319878583316453,-0.002868211106027724
2010-06-22,0.001004951052295993,0.0012468661646666337,-0.016520568492697656
2010-06-23,0.0019723522193953926,-0.0012514576167757634,-0.0031077676439020346
2010-06-24,-0.0036036161406776757,-0.006204072311203377,-0.016575546533352786
2010-06-25,0.0006378235257492264,0.006736690227044402,0.004184246397372931
2010-06-28,0.0019930692059637314,0.0005661669343539611,-0.003157335993584742
2010-06-29,-0.0007459757899475035,-0.00977535537875697,-0.030881451340763342
2010-06-30,-0.0004795158425617413,0.00020928239517192847,-0.009506773595963115
2010-07-01,-0.004996358177699068,-0.013353984056888141,-0.004463039374837279
2010-07-02,-0.00029872910171258526,-0.0010703006286152915,-0.005455990860169653
2010-07-06,0.0011134158893444394,0.0028118817048416525,0.006549480718764848
2010-07-07,0.0013349256320934375,0.008784955550361323,0.03148989059123358
2010-07-08,-0.0012196409300033507,0.0003931305890051942,0.009889666309930273
2010-07-09,0.001180303789577377,0.0026487424369975136,0.007459675249962389
2010-07-12,0.00036826150468130395,-0.002542953878629358,0.0006428299151542225
2010-07-13,-0.0014824974243377903,0.0018672657297723238,0.015082692770901912
2010-07-14,0.00188070134221165,0.002888830502662425,-9.696439955474936e-05
2010-07-15,-0.000693993446030319,0.0014357798604469067,0.0002678327064328305
2010-07-16,-0.002922296353679875,-0.00883137688857846,-0.027540369528643353
2010-07-19,-0.00047618796068195086,-0.0011162842369865035,0.005900839241828388
2010-07-20,0.0028953766505235945,0.007547886343187963,0.011085504709659164
2010-07-21,0.0016203086316808328,0.0021642953323613994,-0.013003773347734861
2010-07-22,-0.00011132544959080338,0.005426063875014035,0.02231608591649937
2010-07-23,-0.001036355180389818,-0.002749320339651981,0.008673257411086271
2010-07-26,-0.0003071769235770388,-0.0008054851487658168,0.010409913619293115
2010-07-27,-0.002234364607032945,-0.007057761938376201,-9.554100639755039e-05
2010-07-28,0.00018339113482151946,0.0014776891651386152,-0.006460269441185267
2010-07-29,-0.0014602092582747326,0.0014171717919041898,-0.004878089135680102
2010-07-30,0.0029419178022998416,0.00906562101030721,-0.00018693439583924133
2010-08-02,0.002581577440323081,0.0037998431954126,0.02257543264583143
2010-08-03,0.0010532280037670494,0.0015208782131144638,-0.004794892654959606
2010-08-04,0.0012605557952675307,0.0018202628857004782,0.006677546618465541
2010-08-05,0.000524707181371451,0.0007576856270041246,-0.001067808766897901
2010-08-06,0.0016571791743141104,0.0023929934377236667,-0.0040817548527857985
2010-08-09,0.0012613265872826434,0.0018213759217937412,0.005332984148861889
2010-08-10,-0.0003498296419323319,-0.0005051596414200493,-0.005404467322395628
2010-08-11,-0.002382169105730963,-0.0034398905839023927,-0.027412714966079325
2010-08-12,-0.00013781541787693413,-0.0001990076846899462,-0.006135922917390315
2010-08-13,0.0032005560107942004,0.004621654465376386,-0.0029515304840879103
2010-08-16,0.005083072074615635,0.0073400380034742444,-0.0004675480183840253
2010-08-17,0.0008490743321928684,0.0012260770208617254,0.012279034643409681
2010-08-18,0.00040862222174044803,0.0005900570742675857,0.0018190734819929254
2010-08-19,-8.545122728386453e-05,-0.00012339294948016458,-0.017402635707775442
2010-08-20,-0.0015164894593380767,-0.0021898352216953936,-0.0032500854757799786
2010-08-23,-0.0009279586070097219,-0.0013399871851349707,-0.003818804955761392
2010-08-24,0.00040074712150169967,0.0005786853025938679,-0.014849353991159109
2010-08-25,0.00010084515500544751,0.00014562202922574247,0.0038792335079136132
2010-08-26,0.0008614639864146144,0.0012439678812513847,-0.006707651911529327
2010-08-27,-0.0007662498035644117,-0.0011064770665764664,0.015484297161536134
2010-08-30,0.0017087774884235432,0.0024675022349468644,-0.014510146966212348
2010-08-31,0.0025651100523215236,0.0037040602593771997,-5.357142857142857e-06
2010-09-01,-0.004121804812243324,0.008931006906185613,0.02990654575094963
2010-09-02,-0.0015834242255419184,0.0006321753441512902,0.009307248282540277
2010-09-03,-0.006798615338072331,-0.0023304512021007904,0.012966613201411254
2010-09-07,0.01942067172371919,0.010891732995496051,-0.011277194106765151
2010-09-08,-0.0032946674829583108,-2.3486523680538683e-05,0.007017864589318065
2010-09-09,-0.016777660370802455,-0.010295922477031547,0.004613739767932623
2010-09-10,0.001946200021367654,0.0025975003863184364,0.005043373448855704
2010-09-13,0.005079399879894356,0.0102550362128617,0.011117694762688047
2010-09-14,0.00801382596785561,0.008715765864600846,-0.0006267590611048697
2010-09-15,-0.00449379814436991,-0.0034854538247116244,0.0038111829883444616
2010-09-16,-0.0076382231620233726,-0.007768287404982511,-0.0002712404850478101
2010-09-17,0.006022456577605643,0.0032047201789780705,0.00036770586092938525
2010-09-20,0.010697845612226215,0.01448685374836029,0.01528430678312118
2010-09-21,0.003817499971377055,0.00300764884305143,-0.0020199475661116235
2010-09-22,0.0012922386098199357,0.0005422136206313113,-0.0049193388222087955
2010-09-23,0.002989236774997954,-0.0012725789818098924,-0.008117380557621259
2010-09-24,-0.004793728637526862,0.0055981838723530184,0.0206166639539929
2010-09-27,0.00965759428976367,0.006048380973492437,-0.004795291574781993
2010-09-28,0.00605644040327402,0.00684102207683958,0.0034945423913399255
2010-09-29,0.0006507292813033018,-2.687146837159664e-05,-0.0017502595530102798
2010-09-30,0.002594994962594497,-0.0004281370061359369,-0.0029763959553469883
2010-10-01,0.005618256394626082,0.005663634392931385,0.004199807441049395
2010-10-04,-0.0034178633892896285,-0.0034178633892896276,-0.007509467481661807
2010-10-05,0.0261023735076399,0.0261023735076399,0.020127312688396813
2010-10-06,0.009621337550911747,0.009621337550911747,-9.075908109793553e-05
2010-10-07,-0.012620238403261297,-0.012620238403261297,-0.001211142748473926
2010-10-08,0.018412410363716887,0.018412410363716884,0.00560421663825158
2010-10-11,0.003469773107861551,0.0034697731078615515,0.0009393236667439518
2010-10-12,-0.006515757324911371,-0.006515757324911373,0.0030815968649227864
2010-10-13,0.01640717398879843,0.01640717398879843,0.00777192028959349
2010-10-14,-0.009465578833935787,-0.009465578833935789,-0.0039062992359329305
2010-10-15,-0.010647582443073147,-0.010647582443073143,0.002037873451729633
2010-10-18,0.012029416158535366,0.012029416158535366,0.0049224410397523235
2010-10-19,-0.02725590756570139,-0.027255907565701384,-0.01310981637823032
2010-10-20,0.015458684988630145,0.015458684988630143,0.009760764307191928
2010-10-21,-0.01600866486553453,-0.016008664865534525,0.0022010114114136476
2010-10-22,0.007067288669959314,0.007067288669959314,0.001857603504687491
2010-10-25,0.008218736012797045,0.008218736012797045,0.0029527536066572212
2010-10-26,-0.004545156883036107,-0.004545156883036108,0.00016336926457803666
2010-10-27,-0.015921954360565198,-0.015921954360565198,-0.0028690735194880773
2010-10-28,0.009837634199791105,0.009837634199791103,0.00016402323487165192
2010-10-29,0.009431239649572888,0.009431239649572888,0.0007557391159964646
2010-11-01,-0.0012200614602523119,0.00010815639023038372,0.0003334222965244711
2010-11-02,0.015708314990760596,0.010930586419019398,0.007925542096165267
2010-11-03,0.0014603709571553126,-0.001829485813167036,0.004012947332993446
2010-11-04,0.032591451558798876,0.027424333926554113,0.019253504425895983
2010-11-05,-0.00694517110045344,-0.000566840329752179,0.0037577039584405975
2010-11-08,1.1242876176906155e-06,0.0039059414532601777,-0.0018785775520324707
2010-11-09,-0.021362032220925427,-0.01565095849560868,-0.007189197959432275
2010-11-10,0.009936647939199511,0.009330013095146368,0.004024296004472755
2010-11-11,-0.007690809209657716,-0.0029360262867790038,-0.00377235663376872
2010-11-12,-0.02765217487028933,-0.028479933642746404,-0.011843191562377547
2010-11-15,-0.014700737590809962,-0.009371651929457471,-0.0014194530168592095
2010-11-16,-0.014426276249456818,-0.010599992642411701,-0.015584755095080104
2010-11-17,-0.0027064283661938572,-0.0032792236941459663,0.0005024082323481062
2010-11-18,0.02205766228641944,0.01736967057486246,0.014712946408173623
2010-11-19,0.001224385442592839,-0.000823576089797296,0.0027457735270374067
2010-11-22,0.002676945172719697,0.004730526233450141,-0.0008362719257403007
2010-11-23,-0.014926298228420207,-0.0061149513668107116,-0.01448267892538276
2010-11-24,0.004623052264478092,0.0054838133320580535,0.014768214314591497
2010-11-26,-0.008339206341549674,-0.004282212846587837,-0.011653354887068701
2010-11-29,0.0022029964911313735,0.006216284718834239,0.0030241572964485046
2010-11-30,-0.0031041602966525557,0.001179692225518144,-0.0056290898722500555
2010-12-01,0.004187133297225436,0.004848096436135433,0.021261503167810336
2010-12-02,0.004560697414432075,0.005130954746172409,0.012803066749047859
2010-12-03,0.0023412190010066117,0.0026339587246087424,0.002687415010281455
2010-12-06,0.004194396803649261,0.004718852892742174,-0.0010627945925324289
2010-12-07,-0.009235939670931738,-0.01039077671322126,0.0005646602607210314
2010-12-08,-0.003744798753964001,-0.004213038312804798,0.0036582180548467404
2010-12-09,0.0021009055064699065,0.002363597077405289,0.003888245726112194
2010-12-10,-0.0014363671553632741,-0.0016159666391669836,0.005813157971051718
2010-12-13,0.002589878431583481,0.0029137098612356813,0.0006378650192650408
2010-12-14,-0.0038304305991566905,-0.004309377333482765,0.0008777563165808912
2010-12-15,-0.005840399839626697,-0.006570667718899481,-0.0045774250276404025
2010-12-16,0.0025201798016273036,0.002835296302150685,0.005796822354223313
2010-12-17,0.0060802635670135045,0.00684052336127895,0.0010669984356591884
2010-12-20,0.0021530904875613328,0.002422307128101191,0.002409510547302154
2010-12-21,0.005952300712625766,0.006696560375930075,0.006335137619776096
2010-12-22,-0.00041209955339700257,-0.00046362737258270545,0.0031051322942195897
2010-12-23,-0.0021148704602213936,-0.0023793081713937934,-0.0014362312927497373
2010-12-27,0.0012901692904211128,0.001451488586614868,0.0003933515694839933
2010-12-28,-0.0015499612016702526,-0.0017437641793395314,0.0014269975919960851
2010-12-29,0.006325198945705988,0.007116084800595405,0.0007102613036238547
2010-12-30,-0.0033539742869946407,-0.003773346206204813,-0.0015926509048925816
2010-12-31,0.005542845362484318,0.006235907830662377,0.00023405231294434367
2011-01-03,0.0010130709676949305,0.0033610815136671107,0.010333234530687843
2011-01-04,-0.0037965989515555765,-0.0030876770683862477,-0.0005563189149375035
2011-01-05,-0.005808321313348803,-0.00206363858663578,0.005192280400588345
2011-01-06,-0.004371173030951627,-0.0014539347069626837,-0.0019641892220820436
2011-01-07,-0.0008654978855523097,0.00035956184521541653,-0.001967834583769412
2011-01-10,0.002126463592504557,0.0008710787278342822,-0.0012637811910160444
2011-01-11,0.0028060249765656945,0.002953413214124977,0.0035380870803029046
2011-01-12,0.007606433178742423,0.004154740399966541,0.009018820489290152
2011-01-13,0.0023258938930385514,-0.0019914949990541522,-0.0016388321994859813
2011-01-14,0.0005433515977858632,2.9424629002150395e-05,0.00723899145470342
2011-01-18,0.0005502494926514768,0.00023016444418618766,0.0016957248833363641
2011-01-19,-0.0005993976483173273,-0.0033851125201648322,-0.00981161891106469
2011-01-20,-0.009125687345332624,-0.008847599772522953,-0.0013316725787995691
2011-01-21,0.004043417671769524,0.0008309535244231808,0.0022582050361854324
2011-01-24,0.0020908755110474655,0.0013612116924125767,0.005680820339274837
2011-01-25,6.027955935231757e-05,-0.0001274403595348165,0.0005362014697109818
2011-01-26,0.0026812782133950035,0.002216134635826629,0.003864717109792582
2011-01-27,-0.0015561458703139775,-0.00252847058607976,0.0024623038470628442
2011-01-28,-0.005172309198728026,-0.0030236265961827566,-0.01746827103265074
2011-01-31,0.003954396115992441,0.001877552393496481,0.0075106212737038386
2011-02-01,0.010518177318700195,0.007199864564209336,0.016002851898149182
2011-02-02,-0.0013911296907398727,-0.0006837114106438139,-0.0019181444376757085
2011-02-03,-0.002864010990840764,0.0009211220670854283,0.0022165870074922827
2011-02-04,-0.003891779888187741,-0.002936521542657074,0.002823387495586422
2011-02-07,0.001885460594261164,0.0022302576678577286,0.006246883349367219
2011-02-08,0.001309308081042437,0.0010765362000765585,0.004540780077102353
2011-02-09,0.000568695436595119,-0.001691589870237888,-0.0022681370448849464
2011-02-10,-0.006441842249831632,-0.003330938409038721,0.000373672647577147
2011-02-11,0.003681774437030104,0.005768090592121863,0.005965958699389869
2011-02-14,0.0010880994463420674,0.001994131566243314,0.002399602045286994
2011-02-15,-0.00036222513709137757,4.427727259268628e-05,-0.003152664671801847
2011-02-16,0.004961526433231891,0.002815606390535163,0.006311037005976013
2011-02-17,0.004068695336917518,0.0033952584572206923,0.0029848027084832325
2011-02-18,0.0023089858403443964,0.0001290398721621312,0.0020820805587423792
2011-02-22,-0.006514942306316826,-0.0062684896774082375,-0.020073818642294346
2011-02-23,0.0038136065227043123,0.0014263305195773121,-0.006148821607388533
2011-02-24,0.0004995221301575892,-0.0013152135609229725,-0.0006917684209005266
2011-02-25,0.008777920095219946,0.011332578315280476,0.010687846782439631
2011-02-28,0.004318362253770246,0.002715617617172129,0.0061912124489468924
2011-03-01,-0.003246635707609892,-0.00269679258669996,-0.016678093934564667
2011-03-02,0.002046208502308145,-0.0022933878606571654,0.0021338927484872345
2011-03-03,0.0053592719537542705,0.005225288817404711,0.017219293864344305
2011-03-04,0.0033709535369594187,0.0028445691340249065,-0.007496685382460292
2011-03-07,-0.01015366593042299,-0.011349471491722662,-0.007854866837332329
2011-03-08,-0.0001125858236634127,0.0038548252483125694,0.00874580837221442
2011-03-09,0.005508391672323331,0.005011467983920639,-0.001436885234105368
2011-03-10,-0.019331637048266896,-0.016375104332621123,-0.018508485849989827
2011-03-11,0.00428839655195592,-0.0011704001767703946,0.006923448785056259
2011-03-14,-0.0008011941304734729,-0.00532189113306758,-0.006040833942265523
2011-03-15,-0.01913150251324438,-0.022093474231896965,-0.011460943683634728
2011-03-16,-0.011341747760205355,-0.010776764865643365,-0.0185161086927171
2011-03-17,0.022155351069234108,0.01896911350942416,0.01323226870269691
2011-03-18,0.00994617934759726,0.00790024712820685,0.003634612930570151
2011-03-21,0.014373537206351263,0.014389015786171534,0.015495056629130772
2011-03-22,0.0008822011971674183,0.001465570711092567,-0.003472140782493242
2011-03-23,0.0032433602230241996,0.008735177728065282,0.0028584909735363366
2011-03-24,0.0047061735111348655,0.003629639603018402,0.009560223509988931
2011-03-25,-0.004951788248121377,0.00011946240867556418,0.0030526632419347185
2011-03-28,-0.005069899814100199,-0.006861685901268933,-0.002440397122450742
2011-03-29,0.0037194519721836343,0.00405666452818723,0.006714850646724923
2011-03-30,0.01076011737049901,0.012082521909765265,0.006897516810460335
2011-03-31,0.004560558869336063,0.0038605273188770774,-0.0013593590973049942
2011-04-01,0.005933503368728936,0.006822362943313035,0.004221345434227695
2011-04-04,0.004523112286999198,0.005764223390216883,0.0008247516698337656
2011-04-05,-6.71524262468267e-05,0.000300876212861699,-0.0001525794738580013
2011-04-06,0.0007049271511742518,-0.0036572796659592307,0.003150208545109974
2011-04-07,-0.0012785181602552461,-0.0012380717072222307,-0.0025451291894663572
2011-04-08,0.006005170013844149,0.001156312778488237,-0.0034517840928772656
2011-04-11,-0.00613658604794558,-0.006648633782212897,-0.0030120308778007663
2011-04-12,-0.004574860295579669,-0.0077388505262786095,-0.007475781207148809
2011-04-13,0.0050774061438319225,0.007240066682783444,-7.800532378296367e-05
2011-04-14,0.003953824482897554,0.00195831885414552,0.0007580386146854232
2011-04-15,0.0074358258567748,0.011016667263399432,0.0036461120276015347
2011-04-18,-0.009372108369091721,-0.0042075408333124235,-0.011210875381190701
2011-04-19,0.007058888685369021,0.004022679122598752,0.005742302861854174
2011-04-20,0.012419000063819373,0.007739105922609942,0.01362974631724345
2011-04-21,0.005563068130979956,0.003981265701568174,0.005107099669629248
2011-04-25,0.0008986657555913376,-1.8699949639879108e-05,-0.0010482754057635176
2011-04-26,0.00703167926572233,0.007005060212760627,0.008602979849845703
2011-04-27,0.006394415849516799,0.00266844301397959,0.006526726657535426
2011-04-28,0.0038666915954457355,0.002565665360046304,0.00324179270869863
2011-04-29,0.006737987856751511,0.008188329951097723,0.0023493939929155393
2011-05-02,-0.0037504633090726875,-0.0037602858201576566,-0.0015403788244385424
2011-05-03,-0.00473955647786256,-0.005863905341375204,-0.0035981546590946735
2011-05-04,-0.007842473086329408,-0.010142313292987641,-0.00663156006068134
2011-05-05,-0.02290294119006532,-0.014898672038437585,-0.009048837114167435
2011-05-06,0.0013902813622284824,0.008581245685866639,0.004415611296121416
2011-05-09,0.011058455548275635,0.012434838583009734,0.003874647222816022
2011-05-10,0.0035657211969742897,0.003574794193888481,0.008535185831878025
2011-05-11,-0.015026809289743346,-0.010090653943110558,-0.010525506443694665
2011-05-12,0.0005287290997878807,-0.0010244625553555227,0.004759689672816692
2011-05-13,-0.006794301502636733,-0.002068146088730946,-0.007699998054289458
2011-05-16,-0.0007179918572886969,-0.003820036683006658,-0.006342116295536725
2011-05-17,0.0036123478590789726,0.0036408607865265875,-0.00015158238760680986
2011-05-18,0.004107927489121712,0.004675483525709085,0.008934377688789553
2011-05-19,0.0011718001767082587,-0.0023365970110755096,0.0023800148417296506
2011-05-20,-0.0020357156078851554,0.0038385413649922786,-0.007946286764153342
2011-05-23,-0.010722060153956686,-0.007388068587135272,-0.011602736576325653
2011-05-24,0.007046018260109531,0.006229357983143079,-0.0008349434817103974
2011-05-25,0.0037768996908784844,0.003848633890512359,0.0033328293033927964
2011-05-26,0.009155628570473019,0.007575784728513392,0.004605817678446537
2011-05-27,0.00892044804206037,0.0034782662282469134,0.0038331562752910255
2011-05-31,0.010365393672084578,0.008602439737119582,0.010409613708366218
2011-06-01,-0.004013017166382755,-0.0037224979755728013,-0.02246266155205725
2011-06-02,-0.0023867656814497533,-0.007778759451986631,-0.0010630359263672415
2011-06-03,0.0033079153557632273,-0.000810582341322459,-0.009945755883322542
2011-06-06,-0.007786392482103767,-0.008473332684294427,-0.010582427266462817
2011-06-07,0.005293075531325466,0.0031554505381437403,-0.0006214460773721556
2011-06-08,-0.0016774388762713993,0.0010751089698321386,-0.004188799844287097
2011-06-09,0.0012678258423081139,0.004026488393363534,0.0076295896296707305
2011-06-10,-0.008926231575556708,-0.005399393712322795,-0.013911709656007623
2011-06-13,-0.002255813062016012,-0.006620594763890036,0.0007820998090468442
2011-06-14,0.0016456087569083624,0.001232813631447257,0.012684080201060962
2011-06-15,-0.007146432681809908,0.0015784470374586874,-0.017787205996438845
2011-06-16,0.0007516924117449525,0.0006928989516591928,0.0022030388869852626
2011-06-17,0.002783810841725521,-0.0007845231378294545,0.0029830927452522836
2011-06-20,-8.8926634321757e-05,-0.0001130375862427737,0.005115452623938996
2011-06-21,0.007547177944128482,0.005590062946061651,0.013703200412019768
2011-06-22,-0.0034390117794261994,-0.001992321332110025,-0.006025880005661016
2011-06-23,-0.0038336246258091444,-0.001551970754765348,-0.0028757336769617307
2011-06-24,-0.006990136979045283,-0.005163967420797878,-0.011613845443655796
2011-06-27,0.00023903975953719372,-0.002904261694227945,0.008910412604881587
2011-06-28,0.0029108764838037334,0.0013219905642199198,0.013051986966347642
2011-06-29,0.004750001948948559,0.002155346346938156,0.008563365018478975
2011-06-30,0.0018188561521628583,-0.0008273401659990498,0.009561828173219952
2011-07-01,0.0036601540234581257,0.003946067202194229,0.014775665387265208
2011-07-05,0.004387967049265205,0.01058902917700521,-0.0008217872962418879
2011-07-06,-0.001707484674302356,0.004855253212460064,0.0011955542592146625
2011-07-07,0.006274466486974308,0.006310919069636548,0.01037465889069399
2011-07-08,-0.0022017907348632917,0.006192882459926472,-0.007093041800457011
2011-07-11,-0.012535568909746492,-0.00026470047467819224,-0.018080898706359073
2011-07-12,-0.0005788605159806868,0.0006587306006381384,-0.0043204093815952405
2011-07-13,0.009702451336234826,0.007958692624521577,0.0033483743562841813
2011-07-14,-0.002982184832752814,-0.01217699442848974,-0.006902532206588571
2011-07-15,0.005322364794285485,0.007421927089581103,0.0058045049260316535
2011-07-18,-0.002560930071042139,-0.0072938103352328965,-0.008201290454861763
2011-07-19,0.002992432174185606,0.014009350573461586,0.01623049945538542
2011-07-20,0.004952576118398301,-0.0025761384385528706,-0.0006035348067484731
2011-07-21,0.006776381972621564,-0.0011689075302598328,0.013869788505326395
2011-07-22,0.0022966228248388794,0.007529409955989972,0.0006679770025422145
2011-07-25,-2.860490029246957e-06,-0.0066499043035398026,-0.00557428225934308
2011-07-26,0.00401600900069574,0.0032782291774679307,-0.0037386624044503727
2011-07-27,-0.012229537588780752,-0.01234523008222086,-0.020478257340121857
2011-07-28,-0.0013318010108527088,0.0015050562787060654,-0.0029122643961145347
2011-07-29,0.0017594775475432433,0.009820122323051827,-0.006838154298371971
2011-08-01,-0.0013060064011462273,0.0017309319909810973,-0.004255686651860836
2011-08-02,0.0011798633943258905,0.0025976075603618386,-0.025549436733857872
2011-08-03,0.0012710057878824279,-0.001361309770209351,0.005418364165530704
2011-08-04,-0.01978864904390322,-0.01721381660352055,-0.04684192903181867
2011-08-05,-0.0037709632507093244,-0.010857666161520226,-0.0014971563628852268
2011-08-08,-0.015862906516179633,-0.021210819196628684,-0.06512384286950755
2011-08-09,0.027990766229943967,0.03346792264874801,0.0464980178025383
2011-08-10,-0.00594818195201807,-0.0026180959674546277,-0.04417834713717992
2011-08-11,0.004401132198510794,0.005214580073657283,0.04488339402361013
2011-08-12,0.00661606849927749,0.009247968089671566,0.00673295511324187
2011-08-15,0.011187806962390285,0.008735586978405166,0.02116471812869011
2011-08-16,0.0022528580238188613,0.0034697769446703657,-0.008540060648286728
2011-08-17,0.008441950488905071,0.010214899797124994,0.0006687691724217266
2011-08-18,-0.012864665441927254,-0.014153941590456732,-0.043118940417502256
2011-08-19,0.0002932437795389089,-0.001162242394984428,-0.016330871995219272
2011-08-22,0.0038971405213294725,0.006715639337087083,0.0007988424943759759
2011-08-23,0.004649458304258706,0.003658816670094999,0.03291028658680792
2011-08-24,-0.014159951051395763,-0.01850403833009076,0.014084104679776993
2011-08-25,-0.0030800713163246568,-0.002396742273249106,-0.015244324872867593
2011-08-26,0.016082507089928103,0.01868306726412007,0.014533508052035621
2011-08-29,0.003639342753096813,0.004137687917867502,0.028735915468544117
2011-08-30,0.010276431944570787,0.016903833398517823,0.002636185358599461
2011-08-31,-0.00043775474613968904,0.0012948872519218156,0.004437282097317328
2011-09-01,2.1488266776783452e-05,0.0020018492317660738,-0.010473304422455925
2011-09-02,0.0018134064183220819,0.0035427079071476695,-0.025550486960498865
2011-09-06,-0.004981037181531758,0.0013324807464453851,-0.007298012475995355
2011-09-07,0.001479540700758947,-0.0008392870994548881,0.028206970468509306
2011-09-08,-0.001535355677765025,0.0030040076892098645,-0.010391950491422669
2011-09-09,-0.007510806378964874,-0.003407654487495926,-0.026209898703242227
2011-09-12,-0.0025267095116534824,-0.0028394700714384326,0.0064697809855665785
2011-09-13,0.0007331945467790657,-0.0006188998551512682,0.009170965653617937
2011-09-14,0.0016186434870392131,0.0006652487764105596,0.01384390649970765
2011-09-15,0.000530151286817774,-0.002177137418342894,0.017257048057899817
2011-09-16,0.0009798943549124734,0.0029394932361130406,0.005918400453941289
2011-09-19,-0.004371547856656415,-0.0026772034831947355,-0.009957399843724821
2011-09-20,0.0013137333135057278,0.001595665668760327,-0.0011638539067503643
2011-09-21,-0.005664256923632613,-0.0031745708902447575,-0.029458473934601246
2011-09-22,-0.009903122206195212,-0.00704759526647886,-0.032324615216677316
2011-09-23,-0.006275020941423263,-0.008870839376729332,0.006024968178638704
2011-09-26,0.0005284495266414621,0.00021819284654548549,0.023779940097701537
2011-09-27,0.005356186463536345,0.0037172379275837936,0.011183387376675952
2011-09-28,-0.008960674894651695,-0.009130555891939403,-0.020418990556765833
2011-09-29,0.0048955935343242,0.004864199202274039,0.007903056943347747
2011-09-30,-0.0075937653168207135,-0.004262013967689977,-0.024989638097415785
2011-10-03,0.002797337468323344,0.0025467705276976684,-0.028458603436741125
2011-10-04,-0.0025391065345305567,-0.0015697868042740437,0.02192280737302407
2011-10-05,0.0006295776616149673,0.003273221920373079,0.018515040138659202
2011-10-06,-0.0006376813483962005,0.0025125097383490373,0.018091041999382353
2011-10-07,-0.0022761029283786707,-0.003454991364081496,-0.006696041777800507
2011-10-10,0.0018591447895852367,0.0037488166409169374,0.033445508762156656
2011-10-11,0.0008010891150518182,0.00045291979615486055,0.00100327303194189
2011-10-12,-0.0010595052714282894,0.00021105563581652587,0.008771360305160255
2011-10-13,0.0014485618330221952,0.0007179087640512222,-0.001988155186497067
2011-10-14,0.0009432464068787724,0.0023231805364599266,0.017093401293952114
2011-10-17,0.0009016414071137447,-0.0017828547708281513,-0.019091895418899784
2011-10-18,-0.0008287969336830322,0.002491660105439642,0.019544865114474688
2011-10-19,-0.001361562536303137,-0.00495365924170725,-0.011829840444537287
2011-10-20,-0.00047859334710808607,-0.0029992540991798447,0.0043749221457825204
2011-10-21,0.0005800307211316837,0.002005688445039473,0.01898672589506358
2011-10-24,0.0007257193159636928,0.005255885613668349,0.01226080528254533
2011-10-25,0.005364733587373144,0.003196146319111308,-0.019444334608148962
2011-10-26,-0.0029512748261556537,-0.0003585006909906614,0.010157876675751317
2011-10-27,-0.0011856435076462624,0.002940975090297022,0.03483469347827522
2011-10-28,0.0018370164791327499,0.001017757357577202,-0.00023361441194819622
2011-10-31,0.0016577052747575064,0.001412904762119113,-0.024105999006675902
2011-11-01,0.002281555142655801,0.0017426297821523864,-0.02788864462783783
2011-11-02,-0.0003863362217144328,0.0024244276961047826,0.01631125948705189
2011-11-03,0.0006202300305337239,0.0024083654417735886,0.018227095523652617
2011-11-04,0.0005625374946096683,-8.031585815488078e-05,-0.00609918172411564
2011-11-07,0.003461882505237025,0.0049919150453252,0.006215921753302292
2011-11-08,-0.0012551523164181953,-0.0010890886250334506,0.012830429575408111
2011-11-09,-9.122712484528384e-05,-0.0034714590791948717,-0.03690975184313108
2011-11-10,-0.0021189756376374697,-0.0018143399924128029,0.009418411511163818
2011-11-11,0.0014659435132419788,0.0022953861216682804,0.01882222736778191
2011-11-14,0.0005618008410326749,0.0005116936539502715,-0.009474417131639688
2011-11-15,-0.0006358368414065069,0.0022267536880579354,0.004941439226782524
2011-11-16,0.0008594173318401329,-0.002239791339757089,-0.015863142344757972
2011-11-17,-0.002404041953268998,-0.005887521760158542,-0.01587706165924677
2011-11-18,-0.0005101736508310731,-0.0010628900819267314,-0.001064789787427775
2011-11-21,-0.00026047066587970414,-0.005363937865848375,-0.019019706782734378
2011-11-22,0.002463490599030706,0.002752956917352156,-0.003928400739675355
2011-11-23,-0.0010116545261193552,-0.0022395288906380565,-0.022066245283747433
2011-11-25,-0.004278736931355841,-0.0033395628229435717,-0.0018876488700692333
2011-11-28,0.0008180415917054714,0.00846412273813632,0.02896644908023987
2011-11-29,0.001040435522205818,-8.719142885749165e-05,0.0028396350675221815
2011-11-30,-0.0008197910839021194,0.006817905203001996,0.041148881533529046
2011-12-01,-0.0008139464548081075,-0.003487148182476656,-0.00016058118423632162
2011-12-02,0.004563369525550985,0.006551047867716372,-0.000880811364182035
2011-12-05,-0.00464924828171629,0.00030433319957159054,0.010891608860122545
2011-12-06,0.0011162701050433084,-0.0027929352278279257,0.0003167158254609699
2011-12-07,0.001816293105804249,0.0031668100793345927,0.0037222886200201895
2011-12-08,0.0004830398099678368,-0.008803149193231618,-0.021936648622216146
2011-12-09,-0.005748483259405879,0.0004116590292933481,0.01694216669597134
2011-12-12,-0.002246341068064211,-0.0077275930436835035,-0.01459761152445874
2011-12-13,-0.0015434163204420725,0.0008675176561792094,-0.00933918916436852
2011-12-14,-0.006289499636773032,-0.010129908082071868,-0.01064631914003603
2011-12-15,-0.001949392002082637,-0.0017659196827276285,0.003614081603132116
2011-12-16,0.008733181039754062,0.007572374204729335,0.0014823485954756606
2011-12-19,0.0026211725334212223,-0.0011469446337616538,-0.010691829809336393
2011-12-20,-0.0018034755063811687,0.00685934040629548,0.030260000788767973
2011-12-21,-0.0014624378388903827,-0.0021086069768333536,0.0019363614451127472
2011-12-22,-0.0005876267433002734,0.003585810199593066,0.008858612011253122
2011-12-23,-0.0022564840662028154,5.640834447979677e-05,0.008940511865863057
2011-12-27,0.0024483614452396967,-0.0015674273923551574,0.0007909913539286523
2011-12-28,-0.001920866174169536,-0.0021177241179393806,-0.013123734350319913
2011-12-29,-0.00025954708232602935,0.004345417957121435,0.010333863083777563
2011-12-30,0.0026314418292117175,0.0027210977038863984,-0.004916173143747401
2012-01-03,-0.012849536143257354,0.012276205300737524,0.015936056567381254
2012-01-04,-0.00797234746650981,-3.9827564646589125e-05,0.001568206690228219
2012-01-05,0.003783720107871617,0.0006761621006027294,0.0026620647722212457
2012-01-06,0.004541388345687716,0.0018585538954178423,-0.002577869675486879
2012-01-09,-0.0017218612731582557,-0.00034946384948306847,0.0024272167482962377
2012-01-10,-0.0040968586075659855,0.008921601795166347,0.008670127884078999
2012-01-11,0.009123945593607167,0.00830157344435907,0.0005414326623389895
2012-01-12,0.00738235796149421,-0.005333856327746895,0.0023985683145007933
2012-01-13,0.0021893441997496393,0.0026087369748048327,-0.005174125419485486
2012-01-17,-0.00012536405516436723,0.0077359720656440725,0.003879988825237535
2012-01-18,-0.002975569642707841,0.0005696857787789332,0.011055200723420769
2012-01-19,-0.010003343213827622,-0.0043342553018672625,0.005274870745845628
2012-01-20,-0.0024513583648479538,-0.00314511269305714,0.0037257077642154145
2012-01-23,-0.004846067884027633,0.000299115780451104,-0.0025780948059339523
2012-01-24,-0.0016673755996044466,-0.0002560235009368036,-0.001141073531307981
2012-01-25,0.009631941796827729,0.012149506354026354,0.008366105318842085
2012-01-26,0.008457247489080827,0.005701909006103203,-0.0051314831215347155
2012-01-27,0.008415153341551993,0.0028786794330510445,-0.00045692465149402175
2012-01-30,0.009343224750799392,-0.0016049317808700025,-0.0034156241456887964
2012-01-31,0.005534136652391441,0.008104477707113304,-0.00038269403261626135
2012-02-01,-0.009002059842802553,0.0009385465415866575,0.008755004730686132
2012-02-02,0.0018153227164032166,0.004840173407733581,0.0015822238785437748
2012-02-03,-0.024681441249960263,-0.004538808311498773,0.014015919185046872
2012-02-06,0.005125783268106417,0.0034450528004856457,-0.0006714982173289877
2012-02-07,-0.0019960756081878702,-0.006471099075231246,0.0025256193396136625
2012-02-08,-0.00432952060951234,0.0029578782335693745,0.002964671077109059
2012-02-09,-0.007141035717720767,-0.002000246226873161,0.0012541028763919761
2012-02-10,0.012077477312570726,-0.0008107933989103555,-0.0073908814256548475
2012-02-13,-0.002548181581078782,0.006222141963748166,0.00743892140208644
2012-02-14,0.002392895634944655,0.0021991839386256732,-0.0012602617118915335
2012-02-15,-0.0034116983073966176,0.0034532182775149026,-0.00466431069681092
2012-02-16,-0.007399890312676325,0.0001371577953446011,0.011069398412283582
2012-02-17,-0.0019166979611691785,-0.0005532242138349251,0.00264311423419371
2012-02-21,-0.0026146400136735585,0.0008836671912130834,0.0004370547637002802
2012-02-22,0.00587169065832269,0.010890669344875767,-0.003227344292267385
2012-02-23,0.004959837328611687,5.7010317936272495e-05,0.004407463629719371
2012-02-24,-0.00020065664723209475,0.003722922355079961,0.002192050193677971
2012-02-27,0.008566053944894032,0.0016974702086649963,0.0016758024217867228
2012-02-28,0.0015675764533881094,0.0034796113043940695,0.002912487710529076
2012-02-29,-0.02152075104824725,-0.016034962763391475,-0.003928487209061372
2012-03-01,-0.009894991708128116,0.009211774188155877,0.005178884993640072
2012-03-02,0.005991955254950649,0.0026014918526348326,-0.0030518123179068867
2012-03-05,0.0005991020198424084,-0.013033618986674704,-0.00408072607328006
2012-03-06,0.01319734015141006,-0.018211922362291404,-0.014628006296973344
2012-03-07,-0.005435687587067475,0.006536486595711136,0.0069729231891620825
2012-03-08,-0.007241740279806608,0.008560097283083158,0.009946104953578826
2012-03-09,-0.0029633552055178297,0.00859694443611224,0.0038644119704711174
2012-03-12,0.0021263510550587716,-0.0060567290681915725,6.967414247315172e-05
2012-03-13,-0.020357998447151106,0.005117631264742555,0.018022669956592588
2012-03-14,-0.015889682060204906,-0.02426288250534033,-0.0010741006284419746
2012-03-15,0.002681017227514138,0.006034763351493723,0.005786442274195879
2012-03-16,-7.710751155117665e-05,0.002327726255660917,0.0013815043496496332
2012-03-19,-0.002976471377922226,-0.009697616157839498,0.003917216537922529
2012-03-20,0.00755035773616415,-0.010580191159011048,-0.002914693833761884
2012-03-21,0.008286267731197304,0.005011628669101827,-0.0016410526195531248
2012-03-22,0.004801854999816495,-0.008033116249262263,-0.007206327576375053
2012-03-23,0.006414845986871866,0.012332145395088617,0.0032299589902376096
2012-03-26,0.0024342781138640417,0.010741422128777899,0.014032358631322479
2012-03-27,0.005266228890593702,0.0020051964547624004,-0.0031103170331570488
2012-03-28,0.0024966525016028754,-0.014221578928844123,-0.004961515237876702
2012-03-29,0.010773506940222409,-0.0019748734285888214,-0.0017107714987371085
2012-03-30,-0.012338606347153435,0.0003269013678118206,0.004133496002002683
2012-04-02,-0.004158173302145217,0.0156708988097835,0.007312431895820949
2012-04-03,-0.004599949030927398,-0.017977571957286585,-0.0040921037005546956
2012-04-04,0.01638164589315523,-0.012248028157630642,-0.009913537730530147
2012-04-05,0.007088942103841977,0.008631554432175845,-0.0005033306443102776
2012-04-09,0.013719424698779596,0.0022771855738113744,-0.011234052382146932
2012-04-10,0.015796397417657697,-0.01150610334895785,-0.01678826162627219
2012-04-11,-0.0097003538647668,0.003331795307826347,0.008090859161602276
2012-04-12,-0.01252667106345095,0.015528911872536548,0.0130622714084541
2012-04-13,0.016544569221916855,-0.005909317481859057,-0.011891595788430508
2012-04-16,-0.001094838588535244,-0.005999985878933347,-0.0006592131621194886
2012-04-17,-0.002747352644947743,0.012597073455415041,0.014809126940453653
2012-04-18,0.004859583448067538,-0.005947622709940387,-0.0033819381119540373
2012-04-19,0.0003736992402156044,-0.0040725068158908055,-0.006423468086884716
2012-04-20,-0.007172856868855469,0.0030514663656401424,0.0016674447817436808
2012-04-23,0.010250272544469972,-0.008533502534556026,-0.008411648294422962
2012-04-24,-0.005613432427629326,-0.0006834030005087349,0.003798304291361367
2012-04-25,-0.004207072691294994,0.009871838137778558,0.013688309427062378
2012-04-26,0.004667344756106021,0.011228756671619898,0.00696552707529156
2012-04-27,-0.001275153041364045,0.0033872961269328923,0.00163757819367109
2012-04-30,-4.4378489126561385e-05,-0.001095480317761455,-0.0037075693965297122
2012-05-01,-0.0024484769322820972,0.0011492031896893143,0.00621676286993748
2012-05-02,0.007486995871674969,-0.0025907858409647613,-0.0029873877092749116
2012-05-03,0.002046788861321219,-0.008873052367348956,-0.007628455583065031
2012-05-04,0.011998587461136691,-0.00808993153287217,-0.01616076700578493
2012-05-07,-0.0010186405261478307,0.0015420265149000624,0.0007269953680321006
2012-05-08,0.0050964162117974185,-0.007186652380983054,-0.004015263822972562
2012-05-09,0.005345995589935722,-0.006768863055898579,-0.005935446496247102
2012-05-10,-0.0016310825714768375,0.00155466387980781,0.002059186549664978
2012-05-11,0.007260671381547181,-0.002957364163920264,-0.003017860865646364
2012-05-14,0.012317634109367946,-0.008475941889774026,-0.01106450415110501
2012-05-15,0.004574630407353542,-0.0016944008933314544,-0.0057451586998901105
2012-05-16,0.005069766755913657,-0.003566491729403152,-0.003828537509206443
2012-05-17,0.010171233862072554,8.468898198998095e-05,-0.01483456738992616
2012-05-18,0.0004810278177936815,-0.005356695154668075,-0.008561703929767529
2012-05-21,-0.009734198307564515,0.012350672595636691,0.01718580798797306
2012-05-22,0.005124855619995644,-0.006761809757546967,0.001739414931475818
2012-05-23,0.009653831439074771,-0.0012669227351829607,0.0005263815680418134
2012-05-24,0.002215877236886241,-0.0015188305815972828,0.0019620632462439354
2012-05-25,0.004056511870650204,0.002858346678158823,-0.003247667772583827
2012-05-29,-0.005933090592826152,0.0054718941287131475,0.012108990280386688
2012-05-30,0.023089116303090584,-0.0007381214895820836,-0.014512695189220111
2012-05-31,0.004520911160911312,0.0027520069025296764,-0.002203301552129143
2012-06-01,0.022460128862352102,-0.0031499639304997788,-0.02517940699009131
2012-06-04,-0.01005387819219484,-0.003517181797204046,-0.00047072509603558044
2012-06-05,-0.0018994320425552889,-0.0004788783229590487,0.007569043776887565
2012-06-06,-0.018827147235141263,0.007501824538629854,0.022465204818232734
2012-06-07,-0.0008676847310654584,-0.0018021121566529161,0.0006030376444172276
2012-06-08,0.0048892083204526175,0.00285821200927876,0.007948381833717334
2012-06-11,0.008680755858302695,-0.007350763690361112,-0.01270021408610701
2012-06-12,-0.00883437228715422,0.004993098455614556,0.011487140577787998
2012-06-13,0.00614343329690945,-0.0010739402935088429,-0.00639832659284855
2012-06-14,-0.005122658452972143,0.0049405209344729,0.010596622517666998
2012-06-15,-0.0007560009473409625,0.008562924564281012,0.01022390294367596
2012-06-18,0.0034684376032145434,0.0036235768928494214,0.0019352563130195944
2012-06-19,-0.013490750448414525,0.0005091005490365352,0.009669070764843142
2012-06-20,0.002011170182539964,-0.004816563964691505,-0.0016244069218977347
2012-06-21,0.011191088174395748,-0.018311320801729834,-0.02244166368679469
2012-06-22,-0.007346766269578755,0.000979018404414579,0.007698656652004409
2012-06-25,0.008702140458722354,0.0009433430772675449,-0.01603773778191321
2012-06-26,-0.006984977470094775,0.0008840151696343924,0.005022032523261477
2012-06-27,0.0009796919898941384,0.008695327572677963,0.009013361841203783
2012-06-28,0.0025173177461925247,-0.0033308403695960836,-0.0028565084277479957
2012-06-29,-0.022112456397289797,0.023129795926759202,0.02492349897719444
2012-07-02,0.0039458948336800245,0.006318165557892658,0.0030096276956539563
2012-07-03,-0.00610804760380541,0.00926088169247916,0.00659001473685371
2012-07-05,0.0063119685260685475,0.002221905452460465,-0.004515095828440575
2012-07-06,0.0077655657783449895,-0.005056018785484378,-0.009506307690594445
2012-07-09,-0.0001824550250556024,0.004338417771265259,-0.0012574693568839597
2012-07-10,0.0022290416348544973,-0.006169531380920932,-0.008723700535149696
2012-07-11,-0.001432407836915808,0.0041325934496215765,0.00014555838022512678
2012-07-12,0.004072624700477222,-0.0008944800098157212,-0.004848799190780984
2012-07-13,-0.0034365948938041603,0.008476248925573126,0.016774239861424463
2012-07-16,-0.0010682917686995388,0.0022282508797654764,-0.0023607013710756526
2012-07-17,-0.004008784912453909,-0.0006553105855721694,0.00686330528880672
2012-07-18,-0.0009346467281893716,0.003364466322368766,0.007403450849741405
2012-07-19,-0.003979526212945433,0.003892700043561364,0.0026174894657470934
2012-07-20,0.008858473376831806,0.00122793658380677,-0.009151667112450818
2012-07-23,0.007515786800063251,-0.009727433457095508,-0.010115719669712912
2012-07-24,0.0048781123849643,0.00020546319507900538,-0.008590665196629455
2012-07-25,-0.0011253891000709134,0.00375208914915508,0.00022033259826812412
2012-07-26,-0.008382604700364055,0.003909545493533638,0.0164934290610273
2012-07-27,-0.00910450994940534,0.004671524907281312,0.018428832954722477
2012-07-30,0.0026953594351891755,0.0036775301139613543,-3.5714285714285714e-06
2012-07-31,0.0010347107937259262,-0.005600745066815602,-0.006998387154622363
2012-08-01,0.00038035814949374976,-0.0015749099063195595,-0.0008750431454084197
2012-08-02,0.005749039104072211,-0.004017386782047374,-0.00690792257272595
2012-08-03,-0.014997968443128753,0.005499017131975365,0.019830211206862777
2012-08-06,-0.0024085747689391243,0.003853263624920764,0.001934512161489198
2012-08-07,-0.005443111479330878,-0.0020627945340017544,0.00500972771732672
2012-08-08,-0.001345304484377195,-0.00013186988760206233,0.0012073367545989695
2012-08-09,-0.001097827613458813,0.003506590196193333,0.0008497534521725271
2012-08-10,0.0015165412304551423,0.0025032260889475124,0.0016319297998701235
2012-08-13,0.00221484421674463,-0.0057597556348357795,-0.000500731409358602
2012-08-14,-0.00359653583730166,-0.006002641615753803,0.0001378310108583187
2012-08-15,-0.004319576288518388,-0.0032027824254388278,0.0011332958119080877
2012-08-16,-0.00569676062644006,0.0013950320122524597,0.007375587608314015
2012-08-17,0.0019632219444325307,0.002674510454940278,0.0013348574784308304
2012-08-20,-0.0006640155378296294,0.0013638511195553148,6.702905291748239e-05
2012-08-21,-0.004176206648055603,0.0020656046180987124,-0.003028345070120259
2012-08-22,0.0024128895769262187,0.008702771998424539,0.00041937274284526094
2012-08-23,0.0005672243404121687,-0.0015834357825777834,-0.008183177556695087
2012-08-24,0.002000473486387517,0.0011257778286214715,0.006039303749850852
2012-08-27,0.004155463599438105,0.0005013950426318111,0.00020822069269519283
2012-08-28,-0.0008308885374004974,-0.0010507277968436353,-0.000993083672148507
2012-08-29,0.0010881525034270566,-0.002373386526411516,0.0007741694451497187
2012-08-30,0.003730755246323181,-0.0017907976632807786,-0.00721146524007609
2012-08-31,-0.0023653236633347915,0.013349833503025228,0.004765636470555761
2012-09-04,-0.001604081790832015,-0.0026012463825124646,-0.00092454677172659
2012-09-05,-0.0004735782277547408,-0.004330533792127345,-0.0008548164297190164
2012-09-06,-0.004009802221046589,0.003312856583285129,0.020292678797504463
2012-09-07,-0.010142416203615877,0.009059418651532527,0.0038911248944780174
2012-09-10,0.0024117852811677823,-0.0036795568495236377,-0.005685245028795994
2012-09-11,-0.005422311859852767,-0.0004798266310130591,0.00278335785978451
2012-09-12,-0.00526985728066065,-0.0031204130670475752,0.0033316183549953796
2012-09-13,-0.004939046143450933,0.014262144485986845,0.015232721311454011
2012-09-14,-0.013558757618627947,-0.00770429003800163,0.0044304287501208735
2012-09-17,0.009743152651812987,-0.005318672910772246,-0.0033993876561333384
2012-09-18,0.0022242532326865318,0.003959603239168974,-0.0008218118650083462
2012-09-19,0.0042576587550690785,-6.617594067693557e-05,0.000541473994354696
2012-09-20,0.001773241628291392,0.001652851628234963,6.40662292653855e-05
2012-09-21,-0.0008588288317862658,0.0034657803672437544,-0.00042205347145257477
2012-09-24,0.005551275554272491,9.308031546815339e-05,-0.0015119704861411795
2012-09-25,0.003584017800129087,-0.0004854446507408677,-0.0106460331817477
2012-09-26,0.005312615110646057,-0.00020808101934551742,-0.00562515342450137
2012-09-27,-0.006885375280773101,0.008079638221003275,0.009418123018534879
2012-09-28,-0.0014920714081404383,-0.0026915530265090234,-0.004635749054211483
2012-10-01,0.007049248310537577,0.006838450379627788,0.00263629806189787
2012-10-02,-0.00044286167094309146,-0.0016565543832531117,0.0010355272215306708
2012-10-03,-0.004354237460803609,-0.002375450279958627,0.004079646623508498
2012-10-04,0.009891087364465945,0.00469653106819951,0.0071642539451519435
2012-10-05,-0.007778164639481666,-0.010091950591219546,6.442637069465017e-05
2012-10-08,-0.002053227793608801,7.788690923221197e-05,-0.003425146617568232
2012-10-09,-0.01085667427278548,-0.006444149534620912,-0.009891180219195128
2012-10-10,0.00028962908634182856,-0.0023294806346345447,-0.006383785017522037
2012-10-11,0.008673303031816274,0.009093461618345589,0.0005545902350580827
2012-10-12,-0.005023635438371128,-0.00814993042939122,-0.0032824365763881014
2012-10-15,0.0006459006882045766,0.0013915053777612202,0.008324331820773056
2012-10-16,0.004995317737129612,0.0015852958831825822,0.010129231610854607
2012-10-17,0.0008854479482608202,-0.004866554814692518,0.004530694488725922
2012-10-18,-0.007284213439657636,-0.00449738886095568,-0.002602878130977727
2012-10-19,-0.011219403997146495,-0.010175116659863925,-0.01666800574839266
2012-10-22,-0.0006109433426051721,-0.0007856772842463737,0.00013593810867729904
2012-10-23,-0.012529362104631922,-0.010800391420490585,-0.013880304927473662
2012-10-24,-0.005384149972388743,-0.006983838126262477,-0.002832577794253583
2012-10-25,0.002176921093552191,0.003920217533857863,0.0029029416210954975
2012-10-26,0.005598344985398844,0.007275650351206037,-0.0005697226053492381
2012-10-31,0.005370832938920763,0.0048079889358305546,-4.166666666666666e-06
2012-11-01,0.0007828386067362046,0.007275631738703504,0.010466861281952851
2012-11-02,0.010422785457757818,-0.013426185890574073,-0.008895290648481262
2012-11-05,-6.629683776202825e-05,0.009256940511618735,0.002045090269107937
2012-11-06,-0.012400511697478734,0.011717413233132285,0.007821203142510504
2012-11-07,0.006958699533546413,-0.00963072180795484,-0.02266729093754504
2012-11-08,-0.0003186526909092779,0.0001029610578413909,-0.012027477796093772
2012-11-09,-0.00013058583895191896,0.004533491400628111,0.0008658170226999516
2012-11-12,0.0021160302460826175,0.0001290333507251041,0.0007927303596083215
2012-11-13,0.002678841762784143,-0.0036484466749299033,-0.003474921229484524
2012-11-14,-0.004367249153309758,-0.010392107600226765,-0.013502577454164633
2012-11-15,0.0014706939238795411,-0.002818982911499521,-0.0016949922276404805
2012-11-16,0.0013895714774094365,0.004539365116846368,0.004934372254718477
2012-11-19,-0.005178911074327049,0.020504664499230194,0.02023615165618274
2012-11-20,-0.001665701305766695,-0.008205514972616464,0.0004278607689907445
2012-11-21,-0.0006764940742194185,0.001318533975345137,0.001864339357229413
2012-11-23,-0.0044280901387701846,0.012567290587396987,0.013621449703402073
2012-11-26,0.0017279773412962895,0.0004593043508004408,-0.0021259841544548556
2012-11-27,0.004659152042086318,-0.0023446114313934435,-0.005108351231735609
2012-11-28,0.007028856368586858,0.000593071138669376,0.008048831698104148
2012-11-29,-0.0009254821957591223,0.008513154051680362,0.004662373056916149
2012-11-30,0.000936413621024159,-0.0030315498326802565,0.00020810444791062753
2012-12-03,0.0006636879512104798,-0.002403123833741822,-0.004927409957933817
2012-12-04,0.005651617939555811,-0.003366534025154022,-0.0014174770670096683
2012-12-05,0.0021330375553053624,0.0039344493152736705,0.0017663400758533086
2012-12-06,-0.00209818642182524,0.005503369556281629,0.0033886245257682764
2012-12-07,-0.004788762335990391,-0.0006788887927081226,0.0030254769499322284
2012-12-10,0.002294942677237926,0.002855710178258227,0.00041832538280438426
2012-12-11,0.0028032803954195482,-0.0018297176303943745,0.0068054832212737105
2012-12-12,-0.0020900767205107025,-0.0039050764987281026,0.00048557264660383924
2012-12-13,-0.004353507813370552,-0.007921217724544655,-0.006133968291080866
2012-12-14,0.008308330432408629,0.001953704850285402,-0.0037168916719393786
2012-12-17,-0.003090149345215846,-0.002179019822163394,0.01175140071540861
2012-12-18,0.007560842389930451,-0.0035655039233703795,0.011126639865402852
2012-12-19,0.0020420613031167907,0.0003075082025508608,-0.007431116850907634
2012-12-20,0.007022372432432975,-0.0002493787111279922,0.005750333217772991
2012-12-21,-0.005799987122293623,0.0019527267201227593,-0.009079152966085495
2012-12-24,-0.003960261112006277,-0.003124631550767165,-0.0030833427886902396
2012-12-26,0.003520498612058759,0.0041896090889278915,-0.0042171883548513
2012-12-27,0.003102702587627102,0.004484081235348465,-0.001343183008156927
2012-12-28,-0.0016033550713091616,-0.002617503826528802,-0.010808526280637725
2012-12-31,0.0010142327252599115,0.007586099444547645,0.016995004052338235
2013-01-02,0.011524384474027198,0.01229471253157403,0.025627996539201225
2013-01-03,-0.023329348097740774,-0.012467240944260117,-0.0022619374136257434
2013-01-04,0.0017275166659029037,0.0017377421025635287,0.004389099825284397
2013-01-07,-0.00246119936430614,-0.00688444315017148,-0.0027350604164873647
2013-01-08,0.0008587728024025348,0.002775618808181217,-0.0028796719397961345
2013-01-09,0.000445970281185295,0.004898684294521671,0.002539865618543356
2013-01-10,0.015523553398357703,0.0016182026809438439,0.007947404060272943
2013-01-11,0.002109376012652633,-0.0017138419740454914,-7.045286042637905e-05
2013-01-14,0.0037865047003564495,0.0018748783686090846,-0.0006823707431963575
2013-01-15,0.0004607464895133261,0.0043197114136279795,0.0006772778883882964
2013-01-16,-0.00022671088005672167,0.0010627805118102783,-0.00013887585139533095
2013-01-17,0.0030780183239154484,0.0005310107883072944,0.006457588958208156
2013-01-18,0.0029208460969808395,0.009334820938062375,0.0022269643239429997
2013-01-22,0.004719768079502362,0.003455302239021684,0.0053910191816593745
2013-01-23,-0.0018495116903582062,-0.0018395626168505714,0.0016064908235582558
2013-01-24,-0.005247560288083252,-0.005237887577728606,0.00026487241519933426
2013-01-25,-0.005329076576465184,-0.008509345190595687,0.005619311220963504
2013-01-28,-0.006861507322499617,-0.006211472865465296,-0.0012003355332878315
2013-01-29,0.007810143948315567,0.003985045016563861,0.003928974039419181
2013-01-30,0.0061008649051170994,0.0003424508571560204,-0.003918459032491915
2013-01-31,-0.0005118228918867585,-0.0017888149932669883,-0.0024681644781471904
2013-02-01,0.0016945999208358294,0.0015601936390252026,0.010284917486605174
2013-02-04,-0.008967443585888765,-0.000392670530077765,-0.011242675433661533
2013-02-05,0.00072029168341008,-4.111838756413501e-06,0.010094920720413975
2013-02-06,0.000865340308158252,0.0065964899439161576,0.0007256603444813423
2013-02-07,-0.00885109613305939,-0.003770451072963673,-0.0013256604936644004
2013-02-08,0.007962913480779365,0.007573104610998929,0.005561784045971345
2013-02-11,0.0003578196608198553,-0.005325211313491791,-0.0002001997780818956
2013-02-12,0.002696887957252456,0.000486885983675618,0.001643935663051549
2013-02-13,-0.0011523472605185234,-0.0036711824833933196,0.0008517093441462833
2013-02-14,0.003170561365493045,0.004090827671346522,0.0009163707782799728
2013-02-15,-0.0004354114613490706,-0.008961272907950929,-0.0011856772791608802
2013-02-19,0.0024232452941527114,0.0013806229511451164,0.007490603996864134
2013-02-20,-0.006516763496095715,-0.012020158041610014,-0.012467882657540652
2013-02-21,-0.014664309981541808,-0.00480854543478686,-0.006083777308537106
2013-02-22,0.007527048483322314,0.00947568557638323,0.009767882946969111
2013-02-25,-0.010721178031324668,-0.0001975834610770024,-0.019031486931799714
2013-02-26,-0.0023128799992200174,0.006077618231270331,0.0068413011787618015
2013-02-27,0.012041139113105922,0.0006111744606636538,0.01259434754274308
2013-02-28,-0.0023154760454444675,-0.0014083062902433435,-0.0019788418273051756
2013-03-01,0.009328468177424058,0.002161251965978576,0.003293967225136698
2013-03-04,-0.0016545967249683318,-0.005088466688911251,0.005321704594695647
2013-03-05,0.0021159720955291586,0.009797769505649846,0.008955527936204837
2013-03-06,0.000919899031516521,-0.0004365695832610386,0.0013574660836940652
2013-03-07,-0.007032352840739299,-0.0036366374374364714,0.0018087184050653647
2013-03-08,0.0012933280073148,0.0037128114007606195,0.004260688123729332
2013-03-11,-0.0013194723937663322,0.00026733479405010533,0.0037922007882698764
2013-03-12,-0.0045700210527230365,0.0014432145081870887,-0.002246848295758679
2013-03-13,0.001893102579083586,-0.004034038889587326,0.0014097900818495315
2013-03-14,-0.0009511842194657827,0.004972975907268088,0.0053203661182498274
2013-03-15,-0.0029079436503965882,-2.84279224742447e-05,-0.0013234627279601285
2013-03-18,0.0005086087748707043,0.0007492190681407107,-0.005521695622265848
2013-03-19,0.004051852952628736,0.0006825582475683096,-0.0023258119619155955
2013-03-20,-0.0034254176112984065,-0.0003107735691087947,0.006982829712122068
2013-03-21,-0.0028899566367452264,-0.003301689619167137,-0.008545009317713768
2013-03-22,0.0025330740721468035,0.0015746176512213775,0.008030625404685958
2013-03-25,0.0003208087338935918,-0.00016640588094882528,-0.004179738153987931
2013-03-26,0.005650729744131461,0.01113799169163494,0.007999759943855317
2013-03-27,0.004175294922550763,0.010477305365247254,-3.1746031746031746e-06
2013-03-28,0.0037332158298153425,-0.00691564624223115,0.003070573333788955
2013-04-01,-0.00024396434283891866,-0.004973176852124591,-0.003959910854410893
2013-04-02,0.008746342595883276,-0.0030506438806842217,0.004931644793982212
2013-04-03,0.012712789879386071,-0.012930812940027691,-0.010141268896134538
2013-04-04,0.010799391309815737,0.0067432751833280315,0.004055946049804353
2013-04-05,0.00038030069176506865,0.008305616070096927,-0.004493571414981777
2013-04-08,-0.0002614795492626116,0.00046096042053323395,0.0067650450123635224
2013-04-09,-0.00823807617152824,0.006335595387898901,0.0034543418342233454
2013-04-10,0.004394223643800286,-0.0021008808710161406,0.012246212781302272
2013-04-11,0.0034848635466219638,0.002021790957657195,0.003274769039275055
2013-04-12,0.028304772891202597,-0.016509534415016614,-0.0024520813000773484
2013-04-15,0.03715131965248815,-0.049605627903183354,-0.023176035586592536
2013-04-16,-0.01344659512392367,0.01207065280992897,0.01476075637001712
2013-04-17,0.009069477742342454,-0.010179946834238918,-0.01461352721985462
2013-04-18,-0.00902117461446855,0.005340072199864126,-0.006255618430937553
2013-04-19,-0.0009084636806134869,0.010110174618165355,0.008691586176181657
2013-04-22,-0.004960755602022461,0.010396417857013849,0.004436099932530194
2013-04-23,0.010377174796831564,0.0038753635436820145,0.010307496665354524
2013-04-24,-0.005814540686727513,0.012014167035451228,0.0006319278169349929
2013-04-25,-0.014903292847750596,0.013577788839318128,0.004051723561481342
2013-04-26,0.008577938221868602,-0.004046986366770109,-0.0017681165984031984
2013-04-29,-0.009286567243362654,0.012206663387307706,0.006696884165623699
2013-04-30,-0.0034828125714022624,0.00022021760360144745,0.002383585388940072
2013-05-01,0.0030934116362107637,-0.005227103969531492,-0.008769481375853398
2013-05-02,0.0027934640549125878,0.008069826724452289,0.009285362550045225
2013-05-03,-0.006021638796668005,-0.0016607091678961803,0.010139028790800367
2013-05-06,-6.94770863309439e-05,0.00040434396665740846,0.002539577166589963
2013-05-07,0.002574382528052039,-0.0008723382060494603,0.005067268116958909
2013-05-08,0.0007292901446696742,0.0048204347269859135,0.004549596391541741
2013-05-09,0.0008912762530586805,-0.001272480575247069,-0.0028175482215153556
2013-05-10,-0.0017765916839769208,-0.004728397419278515,0.00325253279215588
2013-05-13,-0.001451759938760849,-0.004390936075638506,0.0007940925449910854
2013-05-14,0.0013075546470479676,-0.0007131960556642665,0.010332291326188937
2013-05-15,0.007773658612001377,0.0026170382235020245,0.005384959226887018
2013-05-16,0.0023733889983717747,0.0011684311562374181,-0.004696385768184915
2013-05-17,0.0017437619547789173,-0.00048640453479686517,0.009675875805133445
2013-05-20,-0.0056242027606285125,0.0022300831845646326,-6.134914693733041e-05
2013-05-21,0.005787609209819754,0.0006738470663133825,0.001436174057632501
2013-05-22,-0.008396498038274988,-0.010764226658803848,-0.007419020681352575
2013-05-23,-0.007496624695331592,-0.0020353403966759933,-0.0028943477953274
2013-05-24,-0.0015705646114807846,-0.0038930492615810008,-0.0008476416733138179
2013-05-28,-0.007379049668837939,-0.004160319669768539,0.005987392841103731
2013-05-29,-0.0028491384497411924,-0.003207069575989584,-0.006495885625313468
2013-05-30,-0.002809085690636494,-0.00027550586398597163,0.0036910585710840525
2013-05-31,-0.005471178330075839,-0.012784669923577761,-0.014353267039737898
2013-06-03,0.0006603906085749877,0.006209285816719845,0.005505136670199291
2013-06-04,0.00027656689309036805,-0.004327283001868161,-0.004808453839969217
2013-06-05,-0.012236060977688411,-0.0055704061680913845,-0.01400272310921596
2013-06-06,0.006448015093312431,0.0013891287991921334,0.009051301756410283
2013-06-07,0.011160726636311066,-0.002981601992240104,0.012718915239841012
2013-06-10,-5.3643828072885436e-05,-0.0034304180600100587,-1.5873015873015873e-06
2013-06-11,-0.005230230700819733,-0.00790359913243689,-0.010317300985898389
2013-06-12,0.0005410060508174256,-0.005773127043716125,-0.008278755008489645
2013-06-13,0.003358187412958384,0.012867169399743411,0.015206990490776368
2013-06-14,-0.006485503642076144,-0.004018947711111925,-0.006274128535208611
2013-06-17,0.007696492231622597,0.002590490515683176,0.007720007392490769
2013-06-18,0.0039306097922737135,0.0025682495294550717,0.00790385179761494
2013-06-19,-0.005475337421519956,-0.014160830368677173,-0.013818459927528635
2013-06-20,-0.005161187310073615,-0.027633311574603237,-0.02477982607414777
2013-06-21,0.008326106601142113,-0.0014554307753793254,0.0032086185329365034
2013-06-24,-0.006673790082342583,-0.00883879407796422,-0.012637594550447016
2013-06-25,0.008758774397412131,0.0052104500017969135,0.009611920933373421
2013-06-26,0.00459812386630175,0.004953535481007799,0.009898757063729445
2013-06-27,0.0038736915895580992,0.0071391037899331865,0.005868093422650548
2013-06-28,-0.0030273698534542142,0.002266241685162349,-0.004098556099525879
2013-07-01,0.0021300445815298635,0.0031775672845076952,0.0058592369617591015
2013-07-02,-0.0031401610756402725,-0.0004919318574950571,-0.0009309494734019894
2013-07-03,0.0021929118755737802,-0.0009444652182144678,0.00043277811386988963
2013-07-05,0.008198072232405864,-0.004771485084806576,0.010787335728756795
2013-07-08,-0.0007328758350462082,0.004480378847784121,0.005703387527549739
2013-07-09,0.0014991635162125915,0.004971882208652957,0.007195975896319493
2013-07-10,0.003612263235071768,-0.0030502815950495324,0.00036214481612266213
2013-07-11,0.00832947552622123,0.010106054752602955,0.013619488540374465
2013-07-12,-0.0014040964726959107,-0.0008048437577042962,0.0004168223308398784
2013-07-15,-5.497927463710431e-05,0.003066902697361968,0.0038198702536656917
2013-07-16,0.0008792788346416914,-0.000826889952826534,-0.003747982090737447
2013-07-17,9.948722825150424e-05,0.0023067596783780267,0.002565821838218921
2013-07-18,0.0032404608123406983,-0.0009434609529983587,0.00547693696127629
2013-07-19,-0.0036051685452003395,0.0029046491569928185,0.0017757389508071713
2013-07-22,0.0008730366096467303,0.0021617943312222322,0.0019505129109792215
2013-07-23,0.0025040355157510976,-9.480060533097645e-05,-0.0021246910569975405
2013-07-24,0.0010252914246005396,-0.005386047097997539,-0.0036663672550551027
2013-07-25,0.0017714073603686945,0.00012462565088328667,0.002432281529801481
2013-07-26,-0.0025739895966919927,-0.0006421065934441856,0.0010649818789048224
2013-07-29,-0.001098207487964522,-0.003688905287554001,-0.0030757405527163215
2013-07-30,-0.001050364857542196,-0.00035873956553552635,-1.1904761904761904e-06
2013-07-31,0.0009335183578670545,0.0005557721469624266,0.0007106570745741121
2013-08-01,0.011749305030624137,0.002155631919648381,0.011556887861993945
2013-08-02,-0.00021849784461814792,0.0027624998306711624,0.0016980552750692052
2013-08-05,0.0034723646884747645,-0.004694680212167288,-0.0014638048260806522
2013-08-06,0.0008760676441875792,-0.005282026533760486,-0.0056840784442042875
2013-08-07,-0.0025841526005911043,-0.0023750548222092665,-0.0032420460631647154
2013-08-08,0.0010096640694116968,0.006323641113167866,0.0036630115597320917
2013-08-09,-0.0029710965313522564,0.0019474096850967204,-0.002887684999580479
2013-08-12,-0.004000050563037598,0.0034551349381457984,-0.0011831518892221372
2013-08-13,0.00823509596604023,-0.0021362794137630703,0.002954591928641287
2013-08-14,-0.004604941902446008,0.0022393322865820204,-0.005131369859292161
2013-08-15,-0.004612764308782244,-0.0057427301935622,-0.01398780286211115
2013-08-16,-0.0010195185778840074,-0.0015331967519698255,-0.0033072913262099037
2013-08-19,-0.0011003127726344985,-0.006687581025637903,-0.0063936607918455785
2013-08-20,-0.0010349108208861095,0.0017356768533151217,0.004914142777494638
2013-08-21,-0.0033231273414527393,-0.007037057106275092,-0.006161499529735904
2013-08-22,0.002758359456591783,0.006590209080863665,0.009114422818906943
2013-08-23,-0.0036446612014155604,0.008117776004395819,0.00337138741304912
2013-08-26,-0.0073108584726907675,8.176742285240105e-05,-0.003721528568709677
2013-08-27,-0.017008553516360426,-0.001914657273231428,-0.016085635842757264
2013-08-28,0.0020984398507547116,-0.00021210013898866227,0.003549913574213232
2013-08-29,0.0005893978492602954,0.0011423531503481248,0.0015854091496888439
2013-08-30,0.0003362978811098179,-0.003094953508136383,-0.0031682680874188904
2013-09-03,0.004411306383794952,0.00366139814137207,0.004521283898864434
2013-09-04,0.00893782434613162,-0.0007891619263129578,0.008272417812583052
2013-09-05,0.004628596179163085,-0.002926959563347004,0.0012664135936826446
2013-09-06,-0.005289484853013947,0.0051716484254257355,0.0004813676989366054
2013-09-09,0.005007601428479875,0.003598864187981197,0.009575679186239966
2013-09-10,0.011064438016617478,-0.00190134516281335,0.007396590219495256
2013-09-11,-0.00124182067418016,0.0028460683004554793,0.003137906536178534
2013-09-12,0.0024594768481841682,-0.004135696170767447,-0.002656813380625128
2013-09-13,0.0004926606276496478,0.001711570457963218,0.002248818265911662
2013-09-16,0.0080269064250783,-0.0013448754793909576,0.005787371160506143
2013-09-17,0.002860972105419718,-0.00023603575523394428,0.004462309816529367
2013-09-18,-0.011850248453594649,0.019138296646648248,0.011573985504804565
2013-09-19,0.0025677761984794338,-0.003611961280631496,-0.0016760639995666874
2013-09-20,0.004491437447127731,-0.007421818681738241,-0.006991702260596341
2013-09-23,-0.0022177300360932055,-0.00021082429664208305,-0.004627708600567745
2013-09-24,-0.00408176334466728,0.0015022181469207879,-0.002354469855435839
2013-09-25,-0.0013642355832764856,0.0001905291348663291,-0.0028909715531565206
2013-09-26,0.0012868146957863257,0.001569885079677346,0.0038451789947984635
2013-09-27,0.0003044786430284753,-0.0027751067568575326,-0.004596808513910452
2013-09-30,0.0005430335038355422,-0.004152071055501415,-0.0053285338325107815
2013-10-01,0.017771535007381354,-0.0015222729845242454,0.007915690748850223
2013-10-02,-0.006254109788478857,0.004937472044959246,-0.0009452631627629491
2013-10-03,-0.005697462492531435,-0.005217053091209454,-0.009221727721782435
2013-10-04,0.004852076746543654,0.005301587068624486,0.007575972920206799
2013-10-07,-0.012148600615804021,-0.0027980078562924726,-0.008645434039065635
2013-10-08,-0.00961723427045918,-0.005733882161045564,-0.011648426301663791
2013-10-09,0.007858990646648354,-0.0017782445473812035,0.0007237576287672378
2013-10-10,0.015529645422007509,0.015228774387213283,0.021556335004273543
2013-10-11,0.009497336837939524,0.00019388368642508143,0.00644070121586861
2013-10-14,0.00838306064523442,-0.0009427308438116494,0.003991636839279214
2013-10-15,-0.007983703099827676,-0.0030224771106158654,-0.0072576900790961175
2013-10-16,0.0008269178482802363,0.013204114785038369,0.013962232639449219
2013-10-17,0.004265945091610274,0.008134551236939208,0.006681822543582225
2013-10-18,0.0026343017372387053,0.0049394300415012225,0.0067534136673714365
2013-10-21,0.0015407191061907982,-0.0009195092314836395,5.631917494448912e-05
2013-10-22,0.00011982369618777649,0.010172094184916027,0.005790031078097256
2013-10-23,-0.004497907308524023,-0.009650038641338938,-0.004789950070020215
2013-10-24,0.004040021741139879,0.0014123620557605072,0.0033211819127186132
2013-10-25,-0.0022827594957110075,0.004501910495879904,0.004566340666463149
2013-10-28,5.3812040949423396e-05,0.001691101662406954,0.0015905606211775618
2013-10-29,0.0027672379219465686,0.0029167825225009094,0.005332365284211638
2013-10-30,-0.002856954019114351,-0.003902100777926522,-0.004968397366099211
2013-10-31,-0.002632736407384358,-0.004772925307273762,-0.0028375453797408142
2013-11-01,0.007207981317421788,-0.006783405034094272,0.0023879813560799593
2013-11-04,0.004920141193773495,0.0013794197779894118,0.003517191659805218
2013-11-05,-0.0007290588375272753,-0.010100704857336336,-0.003168655322355936
2013-11-06,0.003226459740116699,0.004375885928034204,0.005103983132768223
2013-11-07,-0.013923584058729784,-0.006416556326405295,-0.012645159919744912
2013-11-08,0.01563221752748949,-0.0042807912342382294,0.01348905129192674
2013-11-11,0.0018181912041895342,-0.0019311477083356256,0.00016722997752056105
2013-11-12,0.00023563879311039185,-0.004117191364081905,-0.002032532782213001
2013-11-13,-0.00033092426394888664,0.006105944662239541,0.008021623867060308
2013-11-14,-0.0021645306461829435,0.010576496760328603,0.004986646610770404
2013-11-15,0.007713236062806391,0.0043277320552876156,0.004348194279496305
2013-11-18,0.0012211838341442162,-0.00037384946782075077,-0.003501634472739608
2013-11-19,0.0025305236997867067,-0.005950105895000495,-0.0021768419403084696
2013-11-20,0.003702521168137762,-0.011299067875848922,-0.003131009319796354
2013-11-21,-0.0006397937676931942,0.006929881269476937,0.008065818801797926
2013-11-22,0.0005087098570002798,0.005223055726593457,0.004999887858336764
2013-11-25,-0.005578630368503314,-0.0006669750666511817,-0.0009978606172869372
2013-11-26,0.0010549979856806335,0.00014716751295221014,0.0002740429459766462
2013-11-27,0.0038030090180562796,0.0008237245593156186,0.0024327582424320702
2013-11-29,0.001199476535459556,0.002242199363267918,-0.0006646997681633031
2013-12-02,0.000851768333878985,-0.011492582915017677,-0.0025986759540733415
2013-12-03,-0.006933587370247712,-0.0011561612792260396,-0.004321993689038619
2013-12-04,0.0005744372605206753,-0.0033618694646167903,-0.00011335290770158598
2013-12-05,0.004026147164746825,-0.009747407686742296,-0.004397349623153194
2013-12-06,0.007999499909103393,0.01169489661966052,0.011174867170240027
2013-12-09,-0.0006815138667091346,0.0017434495252356516,0.0025401684570438066
2013-12-10,-0.008782547184789057,0.004208387192835514,-0.003585985706964982
2013-12-11,-0.004310744669187162,-0.013222848218703226,-0.011233673678517811
2013-12-12,0.002906316199900006,-0.009044444988209447,-0.003303732843894275
2013-12-13,-0.0028673394776951994,0.0025226152450070777,-0.00011468248447879948
2013-12-16,0.006599327667052218,0.00334996245597172,0.006229805574271377
2013-12-17,-0.004326568854402357,-0.002849226600922452,-0.003182989456178548
2013-12-18,0.0162961908092887,0.009308263864123114,0.017070124818456458
2013-12-19,0.0009437725807887186,-0.006567540591474623,-0.0011580058173788575
2013-12-20,-0.006993238847525725,0.010672994711616035,0.005814625578853814
2013-12-23,0.01165552452909695,0.0006499009951650343,0.005340291680745282
2013-12-24,0.004881667826476092,-6.959684100672227e-05,0.0021886887519286663
2013-12-26,0.002349277681713186,0.0009621438289649246,0.005081574504932264
2013-12-27,0.005284667271589488,0.002606191054442951,-5.666091941709289e-05
2013-12-30,0.005488542453088526,-0.00118026370109334,-0.0001653523971801867
2013-12-31,0.007386031542494605,0.0006723320053906262,0.004730364119916025
2014-01-02,-0.0060677553314660865,-0.009018529128230984,-0.009585951211338492
2014-01-03,-0.0014665917907992897,0.0015813292739886129,-0.00016630103841215087
2014-01-06,-0.0014880101531995966,-0.0009510546862714516,-0.002899695830014533
2014-01-07,0.0006186509959517638,0.005437880796247978,0.006139964595293117
2014-01-08,0.008090969315672542,-0.006610356787676646,0.00021646668715000848
2014-01-09,0.0007774269636610685,-0.0006966827621302219,0.0006525435406735438
2014-01-10,-0.011326550323653742,0.01507086936572881,0.002721408847252337
2014-01-13,-0.007488281769872426,-0.005225364529886587,-0.013306267897516393
2014-01-14,0.008108188217149108,0.003052022548979131,0.010896349681063988
2014-01-15,9.075085786880766e-05,0.004772296543131131,0.005388742885672379
2014-01-16,-0.0022508021822078275,0.0008786885143638211,-0.0013009061071032773
2014-01-17,-0.008852253081491807,0.003429736231534529,-0.004230660094676835
2014-01-21,0.005364012611970765,-0.00047629024741920566,0.0029393881696966402
2014-01-22,-0.0019263997985666016,0.0018580298221788022,0.0006504024261278337
2014-01-23,-0.005556744451072751,-0.0031371248525384698,-0.00819440664885081
2014-01-24,-0.0165481630206008,-0.011343930587012278,-0.021337236214169632
2014-01-27,0.006443575335480659,-0.010096592264729719,-0.004921156177942424
2014-01-28,-0.0005257130243190414,0.007770975464781641,0.005953008118046613
2014-01-29,-0.011300770586152252,-0.0014550522825231204,-0.00960677605655804
2014-01-30,0.0060939638231587556,0.003108656421282193,0.010599853362544228
2014-01-31,-0.013771167422455363,-0.0003455362283798541,-0.0058588082341322675
2014-02-03,-0.017958872503790822,-0.008768567804678344,-0.022506095433652017
2014-02-04,0.004215212666244548,0.005955645905861815,0.007002475171341336
2014-02-05,0.0031467536473988172,-0.003987261878296533,-0.0012565369582281398
2014-02-06,0.004705962869304198,0.008810412434058931,0.01318479483536902
2014-02-07,-0.0040242701821853934,0.011817198663306161,0.012392888863467727
2014-02-10,0.0009869852520807642,-0.0024487423932337926,0.0018344261229754617
2014-02-11,0.003468123205951917,0.009453684976485372,0.010942057854513024
2014-02-12,0.0029266129909932192,-0.0005380555893668605,0.0004929172291701359
2014-02-13,-0.009572954148003486,0.00597309975996731,0.005161786784225257
2014-02-14,-0.0043195380756972015,0.006054364619220064,0.005518480809383048
2014-02-18,-0.00558350616789352,0.007046569806579424,0.0011949335935279779
2014-02-19,0.0020034496795507226,-0.00492717514161066,-0.006623589797701109
2014-02-20,0.001452698949872231,0.004755887422940251,0.005899416992166651
2014-02-21,-0.0026342509183025376,0.0014741637963831852,-0.0011421097303052539
2014-02-24,0.0009673611581499393,0.005209964227357273,0.005545508007575782
2014-02-25,-0.0025950880923427833,-0.0005751043936628573,-0.00038018944767061934
2014-02-26,0.0009608676099002708,0.0018051109864998772,5.256637631421234e-05
2014-02-27,-0.0029247244558462645,0.004569619786131806,0.005246115512922764
2014-02-28,-0.002168605664529976,-0.0033179088759461945,0.002527547463027329
2014-03-03,-0.021669452057313212,0.00685665282692452,-0.00703374030597212
2014-03-04,0.018676757331641973,-0.001874375563377842,0.014053702133801079
2014-03-05,0.0017700824996859064,-0.0015304194967580998,0.000904286089914581
2014-03-06,0.004719636484128314,0.0010700935865296766,0.0022884549023921047
2014-03-07,0.00840706417473688,-0.009415002305893212,0.0004233489130310335
2014-03-10,0.0012491590202316294,-0.0038864645896796845,-0.0005327189686657122
2014-03-11,-0.004051661262991356,-0.0017353901687833949,-0.0049444298281771625
2014-03-12,-0.005920460950942455,0.003775441126585536,0.00026548022444414877
2014-03-13,-0.011763175497552692,-0.0024751661463967827,-0.011214776735609132
2014-03-14,-0.004206631731925648,0.0014713718961527904,-0.0028096067110183966
2014-03-17,0.015502192646427198,-0.004347645157169966,0.009041931340745518
2014-03-18,-0.002340441979131722,0.007863322417921901,0.007135899294820198
2014-03-19,0.00647399315573207,-0.0131407375885127,-0.0053307701255207165
2014-03-20,0.0004621852234030899,0.0007560617805651352,0.005837411041879686
2014-03-21,-0.007579993988020878,0.003993603711566316,-0.00388036296054944
2014-03-24,0.0009017937433332037,-0.001724982672255411,-0.004137067708395698
2014-03-25,0.0002599119840906005,0.006328528888837467,0.0047439669555705034
2014-03-26,-0.005669375115361188,0.0015014146692781114,-0.007193762577675747
2014-03-27,-0.007792914256392979,0.007823583649050184,-0.0021097562290841817
2014-03-28,0.005707146048253238,0.00029026088506279397,0.004928821872235954
2014-03-31,0.005469958977845334,0.0010446614854968043,0.008193341251056203
2014-04-01,0.008446019910117075,-0.003531329450981472,0.006629500554169039
2014-04-02,0.002786581202328936,-0.0006261428018775007,0.003345925198017309
2014-04-03,-0.0054115255325942685,0.00414926790175382,-0.0013241869023112665
2014-04-04,-0.011207263315912873,0.00502940894700884,-0.01182293715184236
2014-04-07,-0.0038632540339456223,-0.003413913146393717,-0.011052283060915335
2014-04-08,-0.003841501545455557,0.006126557513798485,0.0041218775292354995
2014-04-09,0.006163613691905168,0.003903721391333087,0.01074978121064319
2014-04-10,-0.012095158531564532,-0.0046869993229807705,-0.0210070053476129
2014-04-11,-0.005145977003289902,-0.0014362795305468,-0.009009757424667768
2014-04-14,-0.0012079155451463065,0.007723892370236678,0.00787720728617884
2014-04-15,0.0033317368591460456,-0.0018921841118694645,0.006886283504463226
2014-04-16,0.00208448427880089,0.008106885516986366,0.010476792771176593
2014-04-17,0.006137211853025866,-0.004027237101996829,0.001395851540523644
2014-04-21,0.0035119663476667925,-0.0016010124422723509,0.00348628675303693
2014-04-22,0.002777852974262089,0.000908843496493166,0.004543523195420022
2014-04-23,-0.002518034714026753,0.0005830943034724123,-0.002342403971053766
2014-04-24,-0.002401693586934874,0.003620643920574783,0.002026955559107148
2014-04-25,-0.00196116120197011,-0.004100200408634652,-0.008199226454289164
2014-04-28,0.005019473032842698,-0.0027174724556565536,0.003167048368472085
2014-04-29,-0.0005300769994458247,0.005613050444594701,0.004654772347822098
2014-04-30,0.0034534068879187164,-0.0007236403599538677,0.0029818830927149545
2014-05-01,-0.006101576304452946,0.0022813521830610706,0.00010551625286721195
2014-05-02,-0.005954236975259096,0.00639709198392118,-0.0014342716031765315
2014-05-05,0.000997259313851425,-0.0018799977822150143,0.0019136907080128582
2014-05-06,-0.0013429318148524179,-0.003926854338673217,-0.008704749736059735
2014-05-07,0.005252039437394415,0.0001931602320831105,0.0058885205729172115
2014-05-08,-0.001966430294879143,-0.0005837364041214018,-0.0010654472219253424
2014-05-09,-0.004300027777802432,0.0012553739608520936,0.0014911029486063482
2014-05-12,0.0023984702713491478,0.0076865688866687015,0.009735248628942251
2014-05-13,-0.004730898318899154,0.00919380904972121,0.0008950039873781739
2014-05-14,-0.009373683449504124,0.009225243576787195,-0.00473868122430322
2014-05-15,-0.005680536014909262,-0.005289937257148361,-0.008781015161339266
2014-05-16,0.002004073679992972,0.0016562602975429236,0.0034679702712103943
2014-05-19,0.003088005476060848,-0.0026543894159668287,0.0036685355425685865
2014-05-20,-0.004055122968046453,-0.0011026945061171764,-0.00630597461500186
2014-05-21,0.006564374715630718,0.0028919031761068486,0.00842343771707528
2014-05-22,-0.0009326326630133697,0.0034528330026676805,0.002431033145233304
2014-05-23,-0.0012108157396788777,0.006288300628529899,0.004007590720764627
2014-05-27,0.0053335292268643945,-0.004349490364620602,0.006145451176410084
2014-05-28,-0.009801423566811253,0.008453532025774906,-0.0007321020599693123
2014-05-29,0.005557877287802921,0.0002475559099818451,0.00517171269611953
2014-05-30,0.003700878967995587,-0.008069865549136333,0.001610274754678271
2014-06-02,-0.0051130671881169975,-0.0024519149152930214,0.0011408038108377684
2014-06-03,-0.005972020096227404,-0.006726878391165522,-0.0005195463491314993
2014-06-04,-0.0004859200095627539,-0.001917670441810058,0.002021627902830709
2014-06-05,0.007883257119947683,0.005806782550211175,0.0065208577194353756
2014-06-06,0.002553634063331934,0.006115465879094367,0.004781650262847055
2014-06-09,-0.005006715644627499,0.0038369730296382047,0.0010224401064893702
2014-06-10,-0.003536081313901856,0.0001970151517832751,0.00010089290001425798
2014-06-11,-0.0007885071839664429,-0.002600254460852973,-0.00347783259820258
2014-06-12,-0.00352289828578042,0.007717936141814452,-0.007081162262246333
2014-06-13,-0.000828782460489622,0.0003832386810781993,0.0030473349818392176
2014-06-16,0.002125360582378077,-0.0019267991040963362,0.0008231381548990535
2014-06-17,-0.0065192589947540205,-0.0019647305519315057,0.002778085007985131
2014-06-18,0.012328719671845003,0.011821951496494931,0.007338980126552277
2014-06-19,-0.014573871914143133,0.005431742688929306,0.001120571415002597
2014-06-20,0.0023233612888354143,0.0028039008688838488,0.0020298815406988805
2014-06-23,-0.00048143202150354277,-0.004675000104046048,-0.000306402137543879
2014-06-24,0.00042222741103093813,0.003395565790815755,-0.0060250097585498935
2014-06-25,0.00304906269727694,0.002750406690424275,0.0045190055099964994
2014-06-26,0.004757130521028599,0.0016477855115653347,-0.0007168085495220933
2014-06-27,0.00397961876905432,-0.002545024366763033,0.001943641414580212
2014-06-30,0.0032075397209536016,-0.0017621398458151304,-0.0005114978678045885
2014-07-01,0.0003124823170863167,0.0012273908865283083,0.006692230654795809
2014-07-02,-0.0052997942583872075,-0.0025735539103284104,0.0010147805863357524
2014-07-03,-0.0031580688348657013,0.0022706796933370608,0.004918003153443755
2014-07-07,-0.0035823165033094886,-0.0028940972888988415,-0.00348162213716474
2014-07-08,-0.0008826317078289523,-0.0015437499016842178,-0.006430990792634469
2014-07-09,0.00432696067387831,0.0009689837611205291,0.004483656695204472
2014-07-10,-0.0038414984316782123,-0.0018003751127971149,-0.003957569662902707
2014-07-11,-0.00011322249383881635,0.0005750411458908123,0.001374592077261003
2014-07-14,-0.00011205165322385504,-0.0007730993331581523,0.005034781854070378
2014-07-15,-0.010195095487440586,-0.00545746494447072,-0.0018733157385850791
2014-07-16,0.005491966946015906,0.008868809888896618,0.0037006039830170382
2014-07-17,0.00010629767219552613,-0.0005509675977156299,-0.011366209903917566
2014-07-18,0.0028475398240333815,0.0028612761905322205,0.010218804704364698
2014-07-21,0.002925134411364411,0.00226721326082087,-0.0018719961391211585
2014-07-22,0.0012027671176678824,0.005918521160666988,0.004357170402672018
2014-07-23,0.0015075011994636878,0.0021901528370038732,0.0022191985196459043
2014-07-24,-0.006219515162195952,-0.004198437159857318,4.952102332344044e-05
2014-07-25,0.004456690196458098,0.007143350969732563,-0.004682357730105068
2014-07-28,-0.0004097332062998935,-0.0003968553627072334,0.00040362977830828205
2014-07-29,-0.00447001803298129,-0.001788888835065384,-0.004298411871481715
2014-07-30,-0.013485110357698728,-0.010143003284926969,0.00015120561781346194
2014-07-31,-0.02092676270454878,-0.01892036829534886,-0.01974890940208067
2014-08-01,0.005506169611066459,0.0010296690078019774,-0.0030562653193274988
2014-08-04,0.0036815250662647395,0.007166377360673031,0.0072201808120264865
2014-08-05,-0.009236608412448067,-0.00932826583253107,-0.00969723678333649
2014-08-06,-0.005540414284736857,0.0024479058208850494,0.0003117568366793781
2014-08-07,-0.002749214607505559,0.0024332242346532945,-0.0054155304928989005
2014-08-08,0.009817009539159217,0.0028664404447137715,0.011568105098038396
2014-08-11,0.004027756221057907,0.005205545598920168,0.002896945954904154
2014-08-12,-0.001380029364144834,-0.004318144267196447,-0.0013942029417644407
2014-08-13,0.007727473786455757,0.009281922451617537,0.006767773337464296
2014-08-14,0.011002696424461013,0.002118926151068405,0.004720702614187118
2014-08-15,0.00525724998199316,0.002709472754890609,-0.0002051705600854887
2014-08-18,0.004817643462364371,0.0001455502617933712,0.008378441205564656
2014-08-19,-0.001192824649828577,0.005225679263844273,0.00521789107448685
2014-08-20,-0.0066388630710711724,0.0012209166497341097,0.002670507411922388
2014-08-21,0.006120204374307823,0.00154005069578044,0.0029151590168494867
2014-08-22,-0.0028741898093389132,0.0005893744705261095,-0.0015544677122495212
2014-08-25,0.004503645479835469,0.008588810720631158,0.005069912791709339
2014-08-26,-0.0011680278713314147,0.0024983465141053722,0.0006483829854299772
2014-08-27,0.006532416126979453,0.004018820199048268,-0.00040034228724010414
2014-08-28,-0.003070686215573003,-0.00034547167425590716,-0.0005501894221231269
2014-08-29,-0.0017059910460777324,0.0029088360382699702,0.002847328713971266
2014-09-02,-0.0025049299415605794,-0.013836659589402858,-0.0004990553227100065
2014-09-03,0.0056727558470246854,0.008509790888167916,-0.0005491242924211654
2014-09-04,-0.013648906054076603,-0.0015638007667719044,-0.0014471442050719813
2014-09-05,0.0025809029881635453,0.003496191315881925,0.004494455668940012
2014-09-08,-0.007982093912998065,-0.006070383126587196,-0.002586464531817889
2014-09-09,-0.0033163889682990954,-0.010971383590571862,-0.006331863181949207
2014-09-10,0.0005026791561732913,-0.0031319323846220703,0.0037621981215299116
2014-09-11,-0.0021805745026377975,-0.006578635951882358,0.0011491794185144956
2014-09-12,-0.004390064743059959,-0.01460738133430188,-0.005841625737624983
2014-09-15,-0.0013737782784878057,0.00035390306006279277,-0.0007537195371684677
2014-09-16,0.0033969006584246304,0.0071252184980868626,0.007537850998751392
2014-09-17,-0.007452222068603113,-0.004373957917661607,0.0013462732242259675
2014-09-18,0.010773342879557626,-0.0017487068339589549,0.0053296521121809996
2014-09-19,0.00028135105012107027,0.004700807650610883,-0.0009013603559052656
2014-09-22,-0.0016369986558455963,-0.009323780417931868,-0.0077231039769986645
2014-09-23,-0.0038781335442698356,-0.0012494965124379147,-0.005724603284114503
2014-09-24,-4.525936219852529e-05,0.008021824764289986,0.007827625331952805
2014-09-25,-0.009485933740252882,-0.006784559970162642,-0.016135702822883045
2014-09-26,-0.0005805514587180751,0.0065020098488916215,0.007945190136199622
2014-09-29,-0.00507404766762429,-0.0027313440654398195,-0.001819302108779705
2014-09-30,0.0008256169589424649,-0.006773506497882453,-0.0026328385992734475
2014-10-01,-0.0019306586598266111,-0.0014469713856256087,-0.013552429947959034
2014-10-02,-0.006529044360404918,-0.008882238040640145,0.00015395757828090017
2014-10-03,0.021227962853560958,0.006807181599165393,0.011008962861257238
2014-10-06,-0.009102430159157371,0.0043511883758538565,-0.0011708170438353204
2014-10-07,-0.004310187765080451,-0.005241181816546131,-0.015436735319127653
2014-10-08,0.010181775571570573,0.012211544929806266,0.017489219878126096
2014-10-09,-0.012586137374113453,-0.01876644063295681,-0.01983336515694981
2014-10-10,-0.0021768650466814483,-0.004441137406382124,-0.011414601983986392
2014-10-13,-0.004005248155996916,-0.00025770973470012524,-0.01642714149190375
2014-10-14,0.012211320838114331,0.0034095006826638883,0.0015471751557674914
2014-10-15,-0.004299138965998483,-0.010154795498074395,-0.0067665358403651895
2014-10-16,-0.011108539022163482,-0.004117240057909223,-0.0008589624519829248
2014-10-17,0.008613620897944244,0.009773823629360374,0.011809922591476639
2014-10-20,0.004958491285103585,0.0038187773700921615,0.009708984134540456
2014-10-21,0.006471082932676552,0.0121122789557832,0.019810132860912225
2014-10-22,0.002472374261764002,-0.006864155285177448,-0.007111456425970644
2014-10-23,-0.0002574974541621081,0.0035652277539427926,0.011624243653357588
2014-10-24,0.006795373401736581,0.002326572627881251,0.0076948719015700025
2014-10-27,-0.002577328373298783,-0.005294453403781955,-0.0013746779918810985
2014-10-28,0.004320616795595718,0.009288078553351115,0.011469632932759063
2014-10-29,0.0010525441024615667,0.0013113124383625678,-0.0015126311547353024
2014-10-30,0.013003335672895777,0.0029623073574759125,0.006410482479553718
2014-10-31,0.018000085180123925,0.006758500636998178,0.011435324444505394
2014-11-03,0.0015761584498336534,-0.004248959025123541,0.0005453565467177718
2014-11-04,0.0011679602489742618,-0.004788456779329837,-0.003470154541470683
2014-11-05,0.005707125091805683,-0.0025632539963089877,0.0063153597654842415
2014-11-06,-0.0028284457904870267,-0.002175449793944195,0.004002436713859427
2014-11-07,-0.002357521015479956,0.012162213980051895,0.0009345672654289109
2014-11-10,0.00556186351561369,-0.008322655049057682,0.00314683960588382
2014-11-11,-0.004222567784664339,0.0042243718198624065,0.000979878104542273
2014-11-12,0.0006138569389275347,-0.002907169928109413,-0.0010779278125067197
2014-11-13,0.005096054509508353,-0.0019726918571323516,0.0011274526952059468
2014-11-14,-0.005012957367257009,0.010711025494025615,0.000244765869173817
2014-11-17,0.00024972862409796244,-0.0031878488470983126,0.0006360584259119064
2014-11-18,0.002327041038325077,0.004150044495094064,0.005773285286262884
2014-11-19,0.0007326632509708104,-0.006805632116112485,-0.0016060529182470942
2014-11-20,-0.00339509864044066,0.004799197405520541,0.0017536227143957392
2014-11-21,0.008721099161024846,0.015827336820312288,0.005350551420953802
2014-11-24,0.002488405938403188,-0.0022884407260716265,0.0028060811093089917
2014-11-25,0.00189784691503895,0.0010211623409605813,-0.0007244135063057418
2014-11-26,0.0041940934543829465,0.00251200180137417,0.0025586238772971562
2014-11-28,0.01694632257538486,-0.014134091553329252,-0.0021192623825482563
2014-12-01,-0.01682941672843626,0.0011480467530069047,-0.006950096612794219
2014-12-02,0.004739356354346203,-0.005071074268646907,0.006463255202037408
2014-12-03,0.002271200271200395,0.003291197312782735,0.003862871102511348
2014-12-04,0.0030215346647909074,0.0009176706120443321,-0.0011068496467150483
2014-12-05,0.00084099741702136,-0.003378521491625268,0.001636877237469242
2014-12-08,0.00019159414368549456,-0.0015801472613002575,-0.0066828877860081485
2014-12-09,-0.004794798776756011,0.00329883801044363,-0.0006787133047845211
2014-12-10,-0.0020445459894823806,-0.006951297643787439,-0.016032364849001876
2014-12-11,0.0026597475015438378,-0.0007820467745003584,0.0050690165329082765
2014-12-12,-0.0004601021006506737,-0.003464369349497125,-0.016162028277427277
2014-12-15,-0.001260912020320903,-0.01293629391641549,-0.006869852184076935
2014-12-16,0.002804178741111266,0.002314973153429591,-0.008020792946139737
2014-12-17,0.006875375765595112,0.006515183768039242,0.0196040244596024
2014-12-18,0.002580778703951232,0.0036425134117786108,0.024727396850090597
2014-12-19,0.006442954592479781,0.009426721615653022,0.004253939971607682
2014-12-22,0.009692350863181789,-0.0015096372389300566,0.004599428626851163
2014-12-23,-0.01048828860886993,-0.006464048815677076,0.0013487931697079185
2014-12-24,0.004267135430348548,0.00028807749015530965,9.549646935523891e-05
2014-12-26,0.001191519687414494,0.005864513993747485,0.003224313937311313
2014-12-29,0.005469824841585808,-0.0004224784656041094,0.0013431873044119009
2014-12-30,-0.003633192534805114,6.041803305158969e-07,-0.00536681085392322
2014-12-31,0.0025438858857332477,-0.0036727055093529956,-0.009924458412049544
2015-01-02,0.011099828386403008,0.00362550247403548,-0.0005357738599921305
2015-01-05,0.009991637607318072,-0.002705977439661081,-0.018059757792451232
2015-01-06,0.008130803767792315,0.0032260220586448445,-0.009419759965420892
2015-01-07,-0.00039923411412761805,0.005672720164674896,0.012460372113928132
2015-01-08,-0.0048175161605397854,0.004102693122319456,0.017744312560281708
2015-01-09,0.0017378404406348498,0.0014543449162829271,-0.00801416466692149
2015-01-12,0.004675161022271772,-0.0017509740492309257,-0.007834083087290734
2015-01-13,-0.000209717879174602,0.0017833844016058972,-0.0028136049392070883
2015-01-14,0.0017989931688586413,0.0019204756594099236,-0.006038211034437509
2015-01-15,0.0041042308632360455,0.008429892963214752,-0.009161503818095402
2015-01-16,-0.00976158663415842,0.004965669218801505,0.01311354837291996
2015-01-20,0.0053963215843982025,0.005193865120717633,0.002132265316889499
2015-01-21,-0.009846445682897498,0.0006508498272317451,0.005047233097623772
2015-01-22,0.0014536799506715621,0.00902629280086856,0.01487041246936662
2015-01-23,0.011502139431013643,0.0036497528216156887,-0.0054833147538899795
2015-01-26,-0.002327569629643587,-0.001124947784253843,0.002341586847000113
2015-01-27,-0.006000272990279307,-0.0026333345923589195,-0.01319123020361339
2015-01-28,0.013432149447987957,-0.0002934102035158327,-0.012824931989942038
2015-01-29,-4.08554527432594e-05,-0.0020450615838092144,0.009243163228352664
2015-01-30,0.006068046217076871,0.0052044651518241385,-0.01257512031895983
2015-02-02,-0.002180502583790304,0.006251337441957727,0.012383864051559747
2015-02-03,-0.013227458886855201,-8.8985259998761e-05,0.014460568566503148
2015-02-04,0.006391290067645211,-0.0025826717663685545,-0.0038080425507651975
2015-02-05,-0.007024752589544943,0.001606672340124203,0.010094740773730754
2015-02-06,-0.007397048306424035,-0.011704101288723305,-0.0027659361993426024
2015-02-09,-0.0017029542834534628,-0.0007846930955469162,-0.004475906716246154
2015-02-10,-0.0009816076459805872,-0.0011309946048326078,0.010653139923630563
2015-02-11,0.0010990276226647041,-0.003069016309256943,0.0005800207188911528
2015-02-12,-0.003373165672601021,0.006568447879518571,0.009616488046857125
2015-02-13,-0.0029522058404910447,0.0025021735503842116,0.004116212739364436
2015-02-17,-0.008115760633479912,-0.007501940910540451,0.001572767833680895
2015-02-18,0.003827893455572281,0.002894715234818576,9.469269584248958e-05
2015-02-19,-0.0018446401379635863,-0.002401497754184492,-0.0007144032369698197
2015-02-20,0.0002411386493625812,0.0026761417322341864,0.006000221287101476
2015-02-23,0.004921545110339747,0.0019769596583932526,-0.0001426080127438858
2015-02-24,0.005283509607367884,0.008053940747748735,0.0028400168617422465
2015-02-25,-0.0016725481026233157,0.0027898667276356924,-0.0008503789020202015
2015-02-26,0.00042427632202806406,-0.0029156715849867573,-0.0011818228438227455
2015-02-27,0.0007326308758993897,0.004083402555411824,-0.0034065110645908714
2015-03-02,-0.0017236782426736598,-0.0076557293128349255,0.006313301102795457
2015-03-03,-0.002924324542249166,-0.0045019042483692906,-0.004104531880528074
2015-03-04,0.0020058001724842242,-0.0034407820087978447,-0.004216006006111444
2015-03-05,0.0017640872118316888,0.0013668115217570188,0.001093973094332949
2015-03-06,4.8089274448373336e-05,-0.019396245886832704,-0.01406466016049027
2015-03-09,0.0033303503848229926,0.003925869872490618,0.0041443828420078795
2015-03-10,0.007138176472595587,-0.006917751215807592,-0.01622234380615812
2015-03-11,0.005718361459040908,0.007416373485024405,-0.002342186950895399
2015-03-12,0.0003203333200922505,0.0039043325124003135,0.012713251990645725
2015-03-13,0.0030438999290448056,-0.005256577832159651,-0.006133236382778702
2015-03-16,0.002943135819544158,0.007509902573089323,0.013359349656618709
2015-03-17,0.00566515159191025,0.0012605105239809646,-0.002974361909017346
2015-03-18,-0.003917743031951071,0.020545350552676672,0.012020034279730476
2015-03-19,0.003551963906564003,-0.006689506226847485,-0.004561865433408368
2015-03-20,-0.005699263354701665,0.01118504719324868,0.008826713617395225
2015-03-23,-0.006649737471806845,0.0005290650540899584,-0.0019487130069051966
2015-03-24,0.004366663915038113,0.002341448832854454,-0.00561960797991077
2015-03-25,-0.008680627906928277,-0.010606623772723036,-0.014654543947887276
2015-03-26,-0.0064662044888639915,-0.004734143286593259,-0.002382478954502713
2015-03-27,0.007485009791918975,0.0017537256871740362,0.0022884826904708117
2015-03-30,0.007612729245552148,0.006943424532746063,0.012198924182214615
2015-03-31,0.004357272556541687,-0.005585769447182406,-0.008740523032129618
2015-04-01,-0.001756866149222857,0.01242327638849815,-0.0035375966595922134
2015-04-02,-0.002137234093381646,-0.0016369160782713633,0.0035971019793809515
2015-04-06,-0.004972136758903977,0.006774951762366538,0.006733069158203313
2015-04-07,0.003713027509318973,0.0031382241145635897,-0.0026470035858414476
2015-04-08,0.006885988946924232,0.0009110024659264339,0.003376345499911683
2015-04-09,0.002418658742232409,0.0005185062882933872,0.0044226998959154724
2015-04-10,-0.0018976642470627375,0.005999750580538282,0.0054565585338351074
2015-04-13,0.0025986677311017276,-0.0035602687164748062,-0.004523132037763031
2015-04-14,0.00037169923874044714,0.0022920215730224598,0.0019126987902681693
2015-04-15,-0.004412780084027064,0.006243169581592631,0.004486431149652212
2015-04-16,-0.0028800865099833936,-4.318281278111618e-05,-0.0002855156805126655
2015-04-17,-0.001226313795556846,-0.0047163348257035515,-0.011504048815521485
2015-04-20,0.0028649034712339167,-0.0007196704183629634,0.00913634002098228
2015-04-21,-0.0020915640145179057,0.0009602900404297246,-0.0011921207545758756
2015-04-22,-0.0005546166134153359,-0.0037040034359871535,0.004913322519547337
2015-04-23,-0.0022271683583583945,0.005422199858997238,0.0025154612369738707
2015-04-24,0.0037780499625551375,0.000812772613301893,0.0023198737232477317
2015-04-27,-0.006003253541770867,0.0028312863951769065,-0.004158274670088459
2015-04-28,-0.0066649192939432795,-0.0028703853600313143,0.0031782958903467814
2015-04-29,-0.006517035740605618,-0.01049463790200852,-0.004114738358733501
2015-04-30,-0.00182910341337103,-0.00980482620470324,-0.010020621725419985
2015-05-01,0.0042532423995241845,0.0016731204842122306,0.010841262675725098
2015-05-04,-0.0028369534328803237,0.0012218637337838192,0.002847290310960031
2015-05-05,-0.015467619703260533,-0.007964806613114068,-0.011452207219252757
2015-05-06,-0.014398209990298708,-0.011180574133704067,-0.004117202165169814
2015-05-07,0.013392547318593392,0.0017657899546355943,0.003989427898782508
2015-05-08,0.01488929818924103,0.015101497000997815,0.013165965427353536
2015-05-11,-0.015123227654854169,-0.014502493278843284,-0.004772878358544927
2015-05-12,-0.007283859094828233,0.001288587349305726,-0.002991850002386344
2015-05-13,-0.008138037692844213,0.0012265449540562116,0.00019013820525331536
2015-05-14,0.008126798541546803,0.010320840855168174,0.010427192912984157
2015-05-15,0.0104663147211629,0.008988318062177751,0.0010834150602942406
2015-05-18,-0.006332041234893106,-0.005752230018715007,0.0031064592979411954
2015-05-19,0.006545926390929548,-0.0074862898658616655,-0.00032891546553598914
2015-05-20,0.002556134405529704,0.0018683860886741146,-0.0007046134054941158
2015-05-21,0.006401684641531304,0.007613463846774796,0.002911900055989612
2015-05-22,0.0025985784700071836,-0.0019558461215312883,-0.0023891298784924405
2015-05-26,0.007343067674464395,-0.006598309111264276,-0.010752115149547941
2015-05-27,0.009528564250945662,0.0027032241668550035,0.009491653225075268
2015-05-28,-0.006256397323817364,-0.0026026162297911287,-0.0011284229395716677
2015-05-29,-0.009636207726888392,-0.0029035237668433357,-0.006213087524064971
2015-06-01,-0.0004272788356339028,-0.00336900535240309,0.002036283542871682
2015-06-02,-0.015323138112979322,-0.004773493303975731,-0.0009930078127630747
2015-06-03,-0.004681855969981658,-0.01008201061380731,0.0026490995645380103
2015-06-04,0.011203778228219967,-0.004552331192236349,-0.008446750420998326
2015-06-05,-0.00027870602583181616,-0.006409211984230823,-0.001713624836562183
2015-06-08,-0.004761627646788608,-0.0032849988553893925,-0.006150029845599042
2015-06-09,-0.0046234992208321396,-0.0019751603130277505,-0.00014440871603039888
2015-06-10,-0.011586799887014929,0.006710241340261074,0.011992768063662439
2015-06-11,0.01255526507794435,0.005515414273855172,0.0032232328805587196
2015-06-12,0.000991304163315352,-0.00521363922409427,-0.007655116612382082
2015-06-15,0.0033048563679232102,-0.002661095656132636,-0.004285600310536104
2015-06-16,0.005705200649074325,0.004309848763371625,0.005451355756271999
2015-06-17,-0.00538090143663946,-0.0008335050493244248,0.001616986007746672
2015-06-18,-0.005816787517403781,0.005973225590812725,0.01039924692175203
2015-06-19,0.00868571897509592,0.0002766415076574729,-0.004439322004511866
2015-06-22,-0.010678939538565213,-0.0012612828514691767,0.005122986324812166
2015-06-23,-0.002452855279200343,0.0032659942399255867,0.0007075682205378754
2015-06-24,0.005534521240181421,-0.0036968588705188505,-0.007262947586882204
2015-06-25,-0.0023605514641873533,-0.003326622209216786,-0.0030405755606720845
2015-06-26,-0.003024227768935105,-0.0038315593588249272,-0.00019076967933565324
2015-06-29,0.014030756603179666,-0.0059501222865482335,-0.020970596857468413
2015-06-30,-0.004876121738938662,0.0036481927138472155,0.002092914139471597
2015-07-01,0.002140091870997493,-0.0021723514727106778,0.008015396364387688
2015-07-02,0.0006457531358825979,0.0016129348920217517,-0.0009157934640347603
2015-07-06,0.020882167020253625,-0.010406184061987659,-0.002846160232382852
2015-07-07,0.0119635771876749,-0.0014698728487382577,0.0062883175906304715
2015-07-08,0.008729888912941085,-0.015838184192210756,-0.016777655846086544
2015-07-09,-0.014606924875352213,0.005711231824246662,0.0018086842479686685
2015-07-10,-0.01661461337138756,0.009559483340736485,0.012591199903797885
2015-07-13,0.0031972290650350626,0.00605915079787697,0.011036932356908741
2015-07-14,0.0017654479941980048,0.0037970593436125917,0.004337632372230333
2015-07-15,0.010863140440131565,-0.002124867869344171,-0.00033273567490944703
2015-07-16,0.0024131012904451137,0.00799421983499032,0.008023925080061495
2015-07-17,0.005747254212035468,-0.0023743058971518963,0.0008473064218210577
2015-07-20,0.008837829479439015,-0.012595855864812086,0.0005167859676424125
2015-07-21,-0.0006763727830065444,-0.0016862744942944827,-0.003952441016481694
2015-07-22,0.01004002507765814,-0.007338936202629786,-0.0017957826028138385
2015-07-23,0.0061273982139189295,-0.004500492155070279,-0.005631140180009613
2015-07-24,0.00258740715521027,-0.006563442341989139,-0.010373218032324565
2015-07-27,0.008271109824980426,-0.0128108457698357,-0.005818451081626479
2015-07-28,-0.005145062103458585,0.008563755945426483,0.012281327779081003
2015-07-29,-0.0012458234505956223,0.006497290819909622,0.006877316319871932
2015-07-30,0.007717709289306613,-0.002053176537552804,0.00023485893348626074
2015-07-31,0.00021440885232663684,0.004839067429581183,-0.0015202188299786121
2015-08-03,0.008811561136058818,-0.005349914166481879,-0.003375453510058063
2015-08-04,-0.0037017968916458867,1.5463657119273123e-05,-0.0019572562631254963
2015-08-05,-0.00107816794465338,-0.0026594066729628153,0.003292479083739074
2015-08-06,0.0009000906842452793,-0.0010214029143913957,-0.00818886357807102
2015-08-07,0.002574687364443244,0.0022181052218365202,-0.001922072837524326
2015-08-10,-0.010667248253694203,0.009343191340916629,0.012596653212109059
2015-08-11,0.008148784837483953,-0.004336657679085496,-0.00902705975456661
2015-08-12,-0.0028023297922055903,-0.00465721633925369,0.0011944925106327573
2015-08-13,0.0015645467805529437,-0.004656936630564101,-0.0012477628692246722
2015-08-14,0.0020461823777091974,0.0011045593023291946,0.0036390878980118854
2015-08-17,0.004502696407131409,0.0013084263816842425,0.005584469296760232
2015-08-18,0.001663110806531769,-0.0058728619108539895,-0.0028999997358470538
2015-08-19,0.0015862574969740142,-0.002060111397438792,-0.007907047045829917
2015-08-20,-0.0023941902174128634,-0.00615828968780404,-0.020881960208217955
2015-08-21,0.0009907894290139638,-0.018879326606117304,-0.030103256527208033
2015-08-24,0.0024058601686705733,-0.034088001061188825,-0.0421074635288232
2015-08-25,-0.005681581728791894,-0.004469499048640129,-0.011769890655020465
2015-08-26,0.0030834906482851707,0.012958014084402909,0.038391592637176286
2015-08-27,-0.005978326506266693,0.02392881747664005,0.024733166508237675
2015-08-28,-0.002580228221852581,0.0062077725646955285,4.8171474068021686e-05
2015-08-31,-0.006726331750022798,-0.0009247315514235794,-0.00807920686482961
2015-09-01,0.008872935605024043,-0.013290258175790692,-0.029849203343687288
2015-09-02,-0.0017323573158028697,0.00453671846363985,0.018980075405625033
2015-09-03,0.003041438738067964,0.0028525643142949956,0.0007158439770152045
2015-09-04,0.008448245846606512,-0.0072098489116886755,-0.015137819819427786
2015-09-08,-0.009551767776549156,0.005788147543148995,0.0251300969334622
2015-09-09,0.004463345903238575,-0.005678265407480284,-0.013373214283138082
2015-09-10,-0.005791564961343384,0.0010947786537344791,0.00544122854094111
2015-09-11,0.0015823428855123664,0.0010172584895958348,0.004543378146173819
2015-09-14,0.0028350272002481097,-0.0021743199581741486,-0.003711528639407199
2015-09-15,-0.004807062370433005,-0.0013265879500846322,0.01249712331802271
2015-09-16,-0.009657367139752447,0.008088754236319277,0.008664559647765436
2015-09-17,0.0007219598949656315,0.0026262535433115687,-0.002248080705660578
2015-09-18,0.010324428353083925,-0.0007028723055136346,-0.01634185567538011
2015-09-21,-0.0022514249243378763,-0.0021087602757555437,0.005167096208822374
2015-09-22,0.010651627528867119,-0.0032620845268040268,-0.012979875560972527
2015-09-23,0.0017631251924640472,-0.0027626604874489823,-0.0015987862269252822
2015-09-24,-0.004095610877786696,0.004076354073934368,-0.003615963830892385
2015-09-25,-0.002360719749608654,-0.0013366751526084379,-0.00025993203622866015
2015-09-28,0.010179110312144368,-0.007198766146139535,-0.025097801035048564
2015-09-29,0.0010524519098941843,0.0015281777272238705,0.0005849594778076157
2015-09-30,-0.0011144773845373594,0.0064985610054881515,0.01865815719399019
2015-10-01,0.0007758778302483638,0.0008154524745163942,0.002608480450286234
2015-10-02,-0.00903371744200912,0.011142928805984116,0.014937459275481974
2015-10-05,-0.012594182103372938,0.0026499750121185125,0.017794560594570314
2015-10-06,-0.004591334542467772,0.0029880143944804793,-0.0034264488807181108
2015-10-07,-0.005776497267623829,0.002539667858344748,0.008190359406032934
2015-10-08,-0.005978167984244878,-0.0005329707732488447,0.00902652464477987
2015-10-09,-0.005146251920068021,0.0028801295639394302,0.000596248494668043
2015-10-12,0.004675146620408849,0.00029883434934113517,0.0009433395262556323
2015-10-13,0.00388697569142332,-0.002800265026617803,-0.006302323489789238
2015-10-14,-0.0028705218674383638,0.0043978529132581,-0.0047944378434601805
2015-10-15,-0.005316552962687153,0.003703563123566198,0.015354374925007432
2015-10-16,0.0009452391955420832,-0.0004716569284087619,0.004546370113099743
2015-10-19,0.004733919037093666,-0.0035094376343137563,0.0004917130480429328
2015-10-20,-0.003663670879983188,-0.00157473844128684,-0.0012788278283877906
2015-10-21,0.008649173888826306,-0.0011980665558973752,-0.006203706379069559
2015-10-22,-0.0005649889415986517,0.008741523859897075,0.01689347659453219
2015-10-23,-0.0033499555242343525,0.00044209206420867554,0.010961588348924071
2015-10-26,0.0033891311830884724,-0.0006051210849098666,-0.0024580039348795868
2015-10-27,0.00428775217300317,-0.0006140618118548408,-0.0019327344895726016
2015-10-28,-0.002184814176030567,0.0010509780073153395,0.011373203440741117
2015-10-29,-0.002247348363801923,-0.009040546763105835,-0.0005763798864483532
2015-10-30,0.0011127563129568296,0.0008271758842278667,-0.004312467829841529
2015-11-02,-0.0022964136201936713,9.958483902160374e-05,0.011828834162575375
2015-11-03,-0.002444214121367166,-0.000656996575664176,0.0028970786689901853
2015-11-04,0.008051878167867317,-0.0030128140492747335,-0.003035355002471431
2015-11-05,0.0011507132531490302,-0.0019530082320501363,-0.0009999078628054815
2015-11-06,0.0034794354182288417,-0.0063733812157777585,-0.0005263353861693521
2015-11-09,0.000796974782494643,-0.00628206825416049,-0.009334491700515602
2015-11-10,0.003975247669089474,0.0010505809238167932,0.002301824204431274
2015-11-11,-0.0007715683073304426,-0.002485609076430002,-0.0039365652400129725
2015-11-12,0.00284135581674573,-0.005056394692725921,-0.013964682043119197
2015-11-13,0.006917263746892215,-0.0012028979032065274,-0.011232774953370783
2015-11-16,-0.0005307209587521505,0.0066509677811878234,0.015202993372154276
2015-11-17,0.005573617350416576,-0.0032660881762370236,-0.0007348284980086993
2015-11-18,-0.0009045836049789868,0.004038487450779469,0.015861155390969536
2015-11-19,-0.003931018879475885,0.0029758242122224763,-0.0008658150619373054
2015-11-20,0.0019114092793470663,0.0007564726746524673,0.003640493152266833
2015-11-23,0.003988944187846514,-0.0005850960662507948,-0.001150744647528929
2015-11-24,-0.0043389852097358095,0.003203372025152086,0.0013331870470006074
2015-11-25,0.0030012159443169283,-0.0002502828337561466,-0.00015023930196662486
2015-11-27,0.007901382184121468,-0.004465007483090642,0.0011401739447000328
2015-11-30,0.0006392067971394791,0.0012545622235008414,-0.004158278420193708
2015-12-01,0.0003036269084688489,0.0135877161505961,0.009527572462531827
2015-12-02,0.008882652431846034,-0.015510233541708801,-0.010212958205431328
2015-12-03,-0.029063615982789153,-0.024448340897330854,-0.014010629818436288
2015-12-04,0.0038940323115658738,0.020296713082774007,0.019494780768934048
2015-12-07,0.01687315242640678,-0.008754975549705366,-0.006067855323619184
2015-12-08,0.0027294026077342016,-0.0077822990376625835,-0.006730141108591946
2015-12-09,-0.003079561903351144,-0.008278136912904525,-0.007789382208176202
2015-12-10,0.0037066156524308796,5.627700120770839e-06,0.0025719521468218647
2015-12-11,0.01134355980360249,-0.005635271750014063,-0.01938956827452277
2015-12-14,-0.003912472671464012,-0.008262462216639285,0.005044594754317927
2015-12-15,-0.0005218704621347503,0.0036722141040337985,0.010487885904685112
2015-12-16,-0.007599906963181165,0.010138378941459912,0.014622679762718707
2015-12-17,0.01759077051688379,-0.005951799266876969,-0.015246630468471531
2015-12-18,-0.004714465212018176,-0.000525994899357795,-0.017821979834024292
2015-12-21,-0.0031622043937549384,0.004391224909545525,0.008243072963190403
2015-12-22,-0.002650371468027398,-0.0020493543635793387,0.009066580609703891
2015-12-23,-0.00820833364674483,0.008757497118571798,0.012375773695646863
2015-12-24,0.00029678053403187933,0.002262545713062455,-0.0016576433707773872
2015-12-28,0.0059910149140722565,-0.006714012722165506,-0.0022925745845728167
2015-12-29,-0.009262181924157483,0.0013793172201058302,0.010663399987154955
2015-12-30,0.0055673196673403725,-0.009261044699143316,-0.007095497323605336
2015-12-31,0.0036342159883775743,2.0685393289961683e-05,-0.010009260729468674
2016-01-04,0.0037493831636260487,-0.004068595637173835,-0.013985602959175891
2016-01-05,0.004141435459447249,-0.00018375015153740225,0.0016832208184178483
2016-01-06,0.002861409932721602,-0.0031862776861401026,-0.012622324821477874
2016-01-07,-0.00041474448227138227,-0.013144082081111582,-0.023999110433678462
2016-01-08,0.004546006798418391,-0.005048675738569518,-0.010984117107505732
2016-01-11,0.008491950029759134,-0.00862609414052379,0.0009830641175553778
2016-01-12,0.001984675830663536,0.0069229577147448635,0.008059976732947947
2016-01-13,-0.0008529268125167868,-0.005878185203498559,-0.024949158306598582
2016-01-14,0.0034873998870210894,0.002494411223725613,0.01640731045762887
2016-01-15,0.008859120372579018,-0.013969592189009332,-0.02147498412225686
2016-01-19,-0.001454745220915679,0.001789344715775581,0.0013220055607314092
2016-01-20,0.0042515112348488196,-0.003927655391173866,-0.012825118345712124
2016-01-21,-0.0038210833755064643,0.002644394239146494,0.0055911520106670266
2016-01-22,-0.010178776637905965,0.019371730984052288,0.020503873699547294
2016-01-25,0.0036671998043415225,-0.008108592276942937,-0.015127461187955169
2016-01-26,-0.009446960118459389,0.01444433245609679,0.013631228722005236
2016-01-27,-0.0031007489612910714,-0.0009419739241080384,-0.010895143976640313
2016-01-28,-0.002826793478715636,0.003321818462578872,0.005196521983071653
2016-01-29,-0.001957907781373535,0.023874875129180288,0.024365444904812024
2016-02-01,-0.000590560735159881,-0.0050957407456659306,-0.0003730904281740351
2016-02-02,0.012010515882725321,-0.004130944756019866,-0.01803525038590571
2016-02-03,-0.015520959145870556,0.002671402472885174,0.005981734008849532
2016-02-04,-0.005355210143976163,0.002801132401173209,0.0015570032284729742
2016-02-05,0.00638877274346261,-0.0018263994606859029,-0.019061183306577315
2016-02-08,0.003110246288680854,0.002535947911617005,-0.013471338052904153
2016-02-09,0.005104476667202913,-0.007697876351104349,4.199722781934141e-05
2016-02-10,-0.002892357723113993,0.0037769983690905304,-0.0008746221915167641
2016-02-11,-0.003205879813979918,0.004974405078264206,-0.01301889511631464
2016-02-12,-0.007878948627795888,0.002172442907230383,0.02060617437160497
2016-02-16,0.002618400263765166,-8.90212900719941e-05,0.01686744890462895
2016-02-17,-0.011780123701898591,0.007182099628069796,0.016323108622657016
2016-02-18,-0.0017750794436353545,0.0055160346484261664,-0.004107283636352841
2016-02-19,0.002102201137399602,-0.0031640360788551527,-0.00047974147949824227
2016-02-22,-0.0037713931923173704,0.006086263152218322,0.014467533324710907
2016-02-23,0.006368181874754983,-0.0032741167273788213,-0.012642208689754278
2016-02-24,-0.0017438118509448715,0.001780977001339894,0.0045631530288598714
2016-02-25,-0.003925409449226791,0.005236408723516394,0.012099480891232807
2016-02-26,0.005125732116958698,-0.004785507540195854,-0.0023133277048538185
2016-02-29,-0.002722029426636726,0.0045519249583838035,-0.007854750327286806
2016-03-01,-0.017013407893815738,0.0020692616614158485,0.023494240568226406
2016-03-02,-0.0025588459543893884,0.0036531810337992266,0.004480426783108892
2016-03-03,-0.0016930356245840005,0.00454344942449804,0.003909155347826786
2016-03-04,-0.009014525726809336,0.0017887663426508012,0.003243032532510179
2016-03-07,-0.002779409762235071,0.0010547506419202304,0.000787786117486142
2016-03-08,0.009625692897478019,-0.0017348608008885653,-0.01092990805714186
2016-03-09,-0.007184735041294286,-0.0002124983143011914,0.0049281430842007335
2016-03-10,-0.0026645890492892946,-0.0025910479040524665,0.0007904057190255548
2016-03-11,-0.013060956828784005,0.0019244165118148479,0.016124899803665462
2016-03-14,0.0022773882535226204,-0.0016384140845322843,-0.001294499367022559
2016-03-15,0.004077149521932374,-0.0029498172105255262,-0.0016425354972718698
2016-03-16,-0.003026060811597263,0.007608363810049706,0.005775295018191247
2016-03-17,-0.00688842323650245,0.003072223776539375,0.006333183731973105
2016-03-18,0.0006692910204362962,0.0018564393723399057,0.00391854789670994
2016-03-21,-0.0031318541555430584,-0.0018289229398712847,0.001407464075624067
2016-03-22,-0.00017366640896579588,0.0005105792486541634,-0.0005491598662614912
2016-03-23,0.008520057921078869,-0.0034589808282023634,-0.0066111130069985095
2016-03-24,0.0012172116727617577,-0.0021201042696953167,-0.0004538613412246118
2016-03-28,-0.0008729748010089345,0.001842976565337405,0.0005807158227114668
2016-03-29,0.0012209320084391132,0.0073255879865232725,0.009241167734471553
2016-03-30,-0.007117340554576265,-0.002783811436966031,0.004380378975370565
2016-03-31,0.004671637917112765,0.0010460119348451294,-0.002434607519746887
2016-04-01,0.004493404403010235,-0.003491899035084635,0.006803308467640396
2016-04-04,0.0029067643224931932,-0.0041806845506251,-0.0032452194481323226
2016-04-05,0.009256607364229407,-3.586610119446672e-05,-0.009996517744408389
2016-04-06,-0.0059861408784635545,0.002195239722959102,0.010912449629095093
2016-04-07,0.009357197625172693,0.0013228232954263495,-0.011974630956198114
2016-04-08,-0.008156510770471463,0.004131016263012432,0.0026881036068770628
2016-04-11,-0.00038426009970283083,0.0026370979271951875,-0.002355500705162495
2016-04-12,-0.008453116528194977,0.004228277327108461,0.009303655373954877
2016-04-13,-0.00620579360722137,0.00801978844485294,0.010092169876548193
2016-04-14,-0.00386726693072898,-0.004276492353770384,3.951876760246639e-05
2016-04-15,0.006447925751894715,0.0016569117442650477,-0.0011140288941853824
2016-04-18,-0.0020726151089826574,0.0008781151765554814,0.007018838027249202
2016-04-19,-0.003800281146168438,0.005946144034331037,0.0031456853539188166
2016-04-20,-0.00962828246106612,-0.0011884331960137532,0.0009442420736538063
2016-04-21,3.243560944066953e-05,-0.004536991144002755,-0.005387342897869499
2016-04-22,-0.00375503106252209,-0.001990451595620917,-8.92857142857143e-06
2016-04-25,0.0012539754714349714,-0.0036472239223060733,-0.0017321826760021079
2016-04-26,-0.0035418435687564575,0.001034597517007378,0.0014762926269544312
2016-04-27,0.004022420995493624,0.006735295883335674,0.0020485198720678415
2016-04-28,0.00881975330789068,-0.0009946195731965295,-0.009084087333235237
2016-04-29,0.004421719703700021,0.00015372073967142934,-0.0054065265713905105
2016-05-02,-0.00027745441646271973,-0.00783063023484551,0.00794108782478596
2016-05-03,0.011687359977464335,-0.005360563935410981,-0.008711222108278408
2016-05-04,0.0026316693942428533,-0.003167098874228466,-0.005586093148121668
2016-05-05,0.0027416821629245606,0.004159163264574035,-0.0002023415945546146
2016-05-06,-0.002404490674877902,0.0028047301559752636,0.00365192918039116
2016-05-09,0.0033877285852402387,-0.007708887858467737,0.0008183014731077382
2016-05-10,-0.006215022693949062,0.017314218089726285,0.012424169208439393
2016-05-11,0.0015160982486020274,0.0021397026418329863,-0.009364588100211122
2016-05-12,-0.004893897664541696,-0.0033040450179942114,0.00028030698269770465
2016-05-13,0.005574441173416985,0.0009358236401797917,-0.008724428030524149
2016-05-16,-0.006944463259672819,0.0047978327086138466,0.009854991083567629
2016-05-17,-0.001222125319805633,-0.0034951536011442884,-0.009344190811798391
2016-05-18,-0.010453367998420187,-0.013988560214012947,0.00028217102942420565
2016-05-19,0.00272752173287788,-0.0023697733344735373,-0.003476476465023347
2016-05-20,-0.0016922399494271676,0.007165955433106983,0.0063055524885859155
2016-05-23,0.0019754928269080153,-0.0023862042935105807,-0.0013750113780805543
2016-05-24,-0.006711765460587999,0.004845986748394708,0.012948663223927714
2016-05-25,-0.00413189158224264,0.005606367071795298,0.006770603358974251
2016-05-26,0.0018638620374125039,0.004343408505958088,0.0002757728852251706
2016-05-27,-0.0043896659570347605,0.001582254518253082,0.004287444551669102
2016-05-31,0.002065840617353753,0.000810113707333059,-0.0019138611748165011
2016-06-01,0.0024346733123330614,0.00027274350556980004,0.0020375118269030192
2016-06-02,0.0023002146586743565,0.008432616875071417,0.0030329884614407557
2016-06-03,0.016806248190102256,0.014943178652980196,-0.0029977934752903664
2016-06-06,-0.007252759438606976,0.003319779553941677,0.00507856771599372
2016-06-07,-0.001984354499749713,0.00720125717868564,0.001550811606217781
2016-06-08,0.0029124224426052983,0.011492109084647647,0.0032503234376446556
2016-06-09,0.0060911727247467675,0.0011342449889091078,-0.0013750334992179872
2016-06-10,0.010619679634031471,-0.009315259547557332,-0.009487053465701018
2016-06-13,0.007998258054137931,-0.005888567879352274,-0.007721486488866217
2016-06-14,0.0012193028418100483,-0.003504788772546348,-0.001977352641838827
2016-06-15,0.00297710477418913,0.006283184460113217,-0.0014040495200832142
2016-06-16,0.0047115120921596655,-0.003319941652845779,0.002974610471821079
2016-06-17,-0.007118469441646137,0.0020652187745568602,-0.0037340123083329227
2016-06-20,-0.011941463627431042,0.002138942578008958,0.00643022169519747
2016-06-21,-0.009479377731449117,-0.0021583733383668236,0.002828051943031315
2016-06-22,0.004148241943764081,-0.0018549713619116386,-0.0016417821760002045
2016-06-23,-0.012552023982276917,0.006276466849033415,0.013011631153556627
2016-06-24,0.03379786349788506,-0.004368889630134855,-0.03591851969276443
2016-06-27,0.010847070967277595,0.0074906892754382625,-0.017919182173378498
2016-06-28,-0.006772720996942066,0.018030858192045664,0.018025708264348878
2016-06-29,-0.00780984967861608,0.0122914573589303,0.01701747330391268
2016-06-30,0.002990744516230776,0.015000638315373427,0.013635721565047778
2016-07-01,0.004209889787881818,0.011873065001082272,0.0020908080230383247
2016-07-05,0.010521929083929701,-0.002264399184785608,-0.0072026348027098225
2016-07-06,0.002893669975889859,0.0023263117843744067,0.005987356198917458
2016-07-07,0.0026537313133143266,-0.0075792884311638884,-0.0006307890760496089
2016-07-08,0.00048732312586220023,0.016307140714877443,0.014879612595002993
2016-07-11,-0.0071352764084362304,-0.0029172222922456467,0.0035160095754016496
2016-07-12,-0.011659041508954068,-0.0022405150196685864,0.00725166336068082
2016-07-13,0.0071715743990225156,0.0028569039675764157,-0.00015138706103931318
2016-07-14,-0.006802432376720918,-0.0035971877271945285,0.005571434958695941
2016-07-15,-0.004041701443734346,-0.006023391638064108,-0.0013536414836505506
2016-07-18,-0.0003647537713312623,0.0016892169322712894,0.0026758800795192235
2016-07-19,0.003512580333203691,0.0012930595082507343,-0.001028896093009378
2016-07-20,-0.0037719411747078884,-0.003645753620331692,0.004150476485132752
2016-07-21,0.004540604512808112,0.0011940387739543838,-0.003789222571614182
2016-07-22,-0.0022848987065412596,0.002786651212959958,0.0044731160690563146
2016-07-25,0.001172265833394447,-0.007492581863040324,-0.002727768969650738
2016-07-26,0.000871846104272515,0.0022856385326084755,0.00044937993024970715
2016-07-27,0.008062348210338577,0.006327376468881087,-0.0010723407817476614
2016-07-28,0.0002305293919408136,-0.0013390064480053887,0.0011458975665004027
2016-07-29,0.005732093987540561,0.005975341254837558,0.0016050484921247108
2016-08-01,-0.0014236748107043966,-0.008380050091654002,-0.000838445364806866
2016-08-02,-0.0012210022490881504,-0.009237040690644004,-0.006418409783580919
2016-08-03,-0.002765065420201225,0.005765393419644185,0.0029120726418984015
2016-08-04,0.0018217033922902678,0.0072328260603981885,0.0010541377944612862
2016-08-05,-0.0064813711463959246,-0.0024882273023408277,0.008168948103677109
2016-08-08,-0.0004866907201773028,0.002652772130779067,-0.0006057113966179917
2016-08-09,0.00476753408612167,0.006628267500357022,0.0005845189558140776
2016-08-10,0.004605478401016687,-0.0009273305311951806,-0.0024858232694418402
2016-08-11,-0.005744422293984451,0.0017588184935764038,0.004629753124360639
2016-08-12,0.0018234854684336965,0.0036095809967751076,-0.0008793465830364347
2016-08-15,-0.0029019986398721104,0.0018834932930369276,0.0028728628424741142
2016-08-16,-0.00048311531290747434,-0.005101789096865066,-0.005169079047996814
2016-08-17,0.0007037844888080635,0.003133447101389669,0.0018695972621709319
2016-08-18,0.0028999732116502144,0.004765125009015585,0.002232613653003688
2016-08-19,-0.004258696638019118,-0.006724067211442727,-0.0014737823497776256
2016-08-22,0.0015560218691943483,-4.3189345353181717e-07,-5.684419037802972e-05
2016-08-23,-0.0006634463749472353,0.0011162639068516941,0.0020013615390017986
2016-08-24,-0.0016953933616925551,-0.00550167525137572,-0.005126936763422653
2016-08-25,-0.0016526202815552327,-0.0020455845293880746,-0.000700692346375566
2016-08-26,-0.005094480356394019,-0.0046642405622993365,-0.0018954457003581243
2016-08-29,0.006111628282936686,0.008978744496419559,0.0049122254060034775
2016-08-30,-0.002742027173928616,-0.0038903377616981883,-0.0016615532155109592
2016-08-31,0.0005637106704751678,-0.007412592309313085,-0.0028567127117236674
2016-09-01,0.005703240795581689,0.0007356638149952553,3.3477121222895435e-05
2016-09-02,0.0006800349356222713,0.007474258348618642,0.0044959835978570775
2016-09-06,0.01231384731829888,0.010633899664779109,0.003010386214139071
2016-09-07,-0.0025145119265615437,0.0013576661399985809,-0.00010442643734843543
2016-09-08,-0.009286511422469992,-0.005098026729331266,-0.002296215119196382
2016-09-09,-0.015841177521450398,-0.02639177716065294,-0.023948026692546438
2016-09-12,0.005386947429960815,0.006322919673359221,0.014333436580482674
2016-09-13,-0.012217455064172874,-0.019230028309604637,-0.014389213555585301
2016-09-14,0.0037109335925301886,0.00022608382169516522,-0.00038769032339583534
2016-09-15,0.0027523823599495062,0.0055348194385329745,0.009981954150308154
2016-09-16,-0.003924684786193895,0.0016846617812436718,-0.00387643276389797
2016-09-19,0.0012617532859701699,-0.0004794100140196962,0.00017806338626009192
2016-09-20,0.0012127334966616152,0.004448311775042565,3.540384816023337e-05
2016-09-21,0.011475864590551204,0.017650204931157938,0.01123662533148466
2016-09-22,0.005941220349069597,0.009644047260219548,0.0062951302923492086
2016-09-23,-0.0019210628154189692,-0.007012611137119253,-0.005485814691285067
2016-09-26,-0.002431925124501107,-0.002388511712154199,-0.008109091828256906
2016-09-27,0.005557635264158405,0.00476584322395903,0.006197880378039702
2016-09-28,-0.0017860841677794293,0.007493938318874026,0.004953111430438882
2016-09-29,-0.005773631707551153,-0.005127441981667462,-0.009056623769190683
2016-09-30,-0.0007771254622688176,-0.0001044374225276667,0.007535846277554298
2016-10-03,-0.00590153696924842,-0.0007777866664837884,-0.0024155167134731963
2016-10-04,-0.019440590161040605,-0.017756666313936555,-0.005110313095460757
2016-10-05,-9.387428183099176e-06,0.0035803167227179277,0.004412827359502263
2016-10-06,-0.008705283566763122,-0.003528913049601705,0.000683306134665941
2016-10-07,-0.0005100034675082271,-0.003175215166571963,-0.0034417459164812745
2016-10-10,-0.002166651000165581,0.006095816026343148,0.0051961595251036295
2016-10-11,-0.015265379738520086,-0.011513423857685254,-0.012642282702470756
2016-10-12,0.0002734873857339561,5.3485022223048956e-05,0.00129847929805564
2016-10-13,-0.00013516373734332306,-0.0009166988917524866,-0.0032864364691290804
2016-10-14,-0.008464706294643395,-0.003876263665255367,0.0005049026225656514
2016-10-17,0.0025267538618797608,0.0009621580043679102,-0.0034838828287905486
2016-10-18,0.010011782271043159,0.01237451772827939,0.006249154112801175
2016-10-19,0.0029548445582174535,0.006224535219013561,0.002654311113558061
2016-10-20,-0.0015114139889277713,-0.002260893086090325,-0.0018793863852720235
2016-10-21,-0.001523866103951501,0.00338541388669912,0.00045500908193304854
2016-10-24,-0.0012416504263652447,6.263540236674074e-05,0.004240330464616964
2016-10-25,0.0024206739893439556,0.00037641860454736063,-0.003363453960434005
2016-10-26,-0.006492622742726223,-0.010057165763587013,-0.0020201373060579403
2016-10-27,-0.008988724757645459,-0.005397222864418686,-0.0026777383256674303
2016-10-28,0.002950788186453648,-0.005173711569960616,-0.0029662439831622932
2016-10-31,0.0061301046629439375,0.0016413478924566835,3.53895665797614e-05
2016-11-01,-0.004273660981044762,-0.004619192377899925,-0.007259084608444811
2016-11-02,0.003821557591095707,-0.004393530042753102,-0.0060323106682816825
2016-11-03,-0.0033455484334639794,-0.005542918697610597,-0.0045913336912692965
2016-11-04,0.005192000436421354,-0.0022476226678271776,-0.0011158239796488245
2016-11-07,0.0020107870175894806,0.01104240025682716,0.022041540244018457
2016-11-08,-0.0015162486656690214,-0.0007418417323546529,0.004487235474345817
2016-11-09,-0.022449736586018888,-0.02171540419361835,0.01058545961817322
2016-11-10,-0.012426964115345648,-0.01817345465023438,0.0024774038881248406
2016-11-11,-0.006167582120048545,-0.017717560540320344,-0.0023231718566347204
2016-11-14,-0.002472378188603958,-0.006365036025610253,0.0007655408856800422
2016-11-15,0.004129750515225014,0.01595087540986393,0.007783407301542684
2016-11-16,0.006646679077417847,-0.0034310735525882345,-0.0018963144001255233
2016-11-17,-0.006200239845970965,-0.0018356209234190813,0.005124061295318836
2016-11-18,-0.004843580601639858,-0.007488623315265735,-0.0022541574229294824
2016-11-21,-0.0033882272726909355,0.012390078437316432,0.007534792813811085
2016-11-22,0.0037311191370796313,0.00474144164219951,0.001934400607377925
2016-11-23,-0.007084265817891873,-0.007809239492348973,0.0005247521375866728
2016-11-25,-5.0508800686519445e-05,-0.0015108731163934975,0.003696436456881191
2016-11-28,0.006433675066283742,0.005531905820908877,-0.0047127313071005554
2016-11-29,0.002668878679863492,-0.0020689046790317734,0.0019317548726938086
2016-11-30,-0.016014295653359982,-0.005138278007870679,-0.002417732944622669
2016-12-01,0.0019429012160983592,-0.0065248001668249695,-0.003693633086917114
2016-12-02,-0.0027091937504822756,0.004985538278401097,0.00048285690012473575
2016-12-05,-0.0025205847000778067,0.0007412256506200473,0.005990797335690498
2016-12-06,0.0006973784946002709,0.0033903293972526566,0.00314816097387465
2016-12-07,-0.0032229906482451453,0.008702884755445558,0.013061416134855992
2016-12-08,0.008936075971390877,0.0006157337619408519,0.0024292990017834746
2016-12-09,0.00519619491125951,-0.002365423236705656,0.00601978545342402
2016-12-12,-0.0014003112905887594,-0.0022539500076100196,-0.001167669238324498
2016-12-13,-0.00014209411222853487,0.0057876525012854375,0.006653254901739063
2016-12-14,0.0037904249855919255,-0.013572746773562353,-0.008275011385559201
2016-12-15,0.004055436901753413,0.002107021092867368,0.004097832794186169
2016-12-16,-0.0008767036675351084,-0.00020892109871117898,-0.001975083894962657
2016-12-19,-0.002767903916055343,0.004655776929605142,0.002158446906816259
2016-12-20,0.0025433512488444113,0.00010363724097103659,0.003837201150480417
2016-12-21,-0.0048454779117538494,-0.0014877131734769506,-0.0028026000745596763
2016-12-22,-0.0009369509633934766,-0.0027831334576726863,-0.0017469824683141086
2016-12-23,0.00016958725700816067,0.002732792457403343,0.0014443606287531496
2016-12-27,0.005820664374167227,0.0025936541779556736,0.002461406019452536
2016-12-28,-0.001503722549975391,0.0029036950025184733,-0.00828415136762485
2016-12-29,-0.0005946935910877449,0.004387885000734832,-0.00024022232427124563
2016-12-30,-0.0062980958602510476,-0.0013811087293335296,-0.0036740835089972617
