entry_time,exit_time,side,qty,entry_price,exit_price,costs,net_pnl,exit_reason
2018-01-02 14:40:00+00:00,2018-01-02 14:40:00+00:00,SHORT,678.0,147.472626,147.82625910000002,16.02324180000818,-239.76324180001666,stop
2018-01-03 14:40:00+00:00,2018-01-03 21:00:00+00:00,LONG,665.0,149.99749950000003,151.092445,10.011242500012827,728.1387574999774,eod_flat
2018-01-04 14:40:00+00:00,2018-01-04 14:45:00+00:00,LONG,662.0,151.647582,151.3933449,16.044960200014486,-168.3049602000077,stop
2018-01-05 14:40:00+00:00,2018-01-05 15:20:00+00:00,SHORT,660.0,151.8024095,152.1367332,16.053641999997694,-220.6536419999992,stop
2018-01-08 14:40:00+00:00,2018-01-08 21:00:00+00:00,LONG,654.0,152.94764700000002,153.3623315,10.016337000009173,271.2036629999953,eod_flat
2018-01-09 14:40:00+00:00,2018-01-09 18:25:00+00:00,SHORT,653.0,153.6823155,153.8069169,16.064714200015004,-81.36471420001129,stop
2018-01-10 14:40:00+00:00,2018-01-10 14:55:00+00:00,LONG,656.0,152.83764150000002,152.46322719999998,16.015780800011726,-245.61578080002664,stop
2018-01-11 14:40:00+00:00,2018-01-11 14:40:00+00:00,SHORT,652.0,153.3023345,153.416874,15.999754000001985,-74.67975400000421,stop
2018-01-12 14:40:00+00:00,2018-01-12 21:00:00+00:00,LONG,648.0,154.09770450000002,155.3022345,10.024560000014162,780.5354399999851,eod_flat
2018-01-16 14:40:00+00:00,2018-01-16 15:40:00+00:00,LONG,643.0,156.59782950000002,156.21281469999997,16.08451640002349,-247.56451640003226,stop
2018-01-17 14:40:00+00:00,2018-01-17 16:15:00+00:00,SHORT,647.0,155.132243,155.6071149,16.092119299995943,-307.24211930000695,stop
2018-01-18 14:40:00+00:00,2018-01-18 14:40:00+00:00,SHORT,641.0,156.172191,156.4272051,16.034038100013618,-163.46403810000706,stop
2018-01-19 14:40:00+00:00,2018-01-19 14:40:00+00:00,SHORT,637.0,156.912154,157.1072799,16.00519830000391,-124.29519830001405,stop
2018-01-22 14:40:00+00:00,2018-01-22 14:40:00+00:00,SHORT,636.0,156.872156,156.95726340000002,15.968306400015535,-54.12830640001698,stop
2018-01-23 14:40:00+00:00,2018-01-23 21:00:00+00:00,LONG,627.0,159.19795950000002,159.95200200000002,10.005352500008257,472.7846474999982,eod_flat
2018-01-24 14:40:00+00:00,2018-01-24 15:15:00+00:00,SHORT,626.0,160.2419875,160.4276451,16.061657600010392,-116.22165760000826,stop
2018-01-25 14:40:00+00:00,2018-01-25 14:40:00+00:00,SHORT,626.0,159.932003,160.0876077,16.028542200001482,-97.40854219999864,stop
2018-01-26 14:40:00+00:00,2018-01-26 15:00:00+00:00,SHORT,627.0,159.6020195,159.84758130000003,16.02724860001237,-153.96724860001166,stop
2018-01-29 14:40:00+00:00,2018-01-29 14:45:00+00:00,SHORT,622.0,160.59197,160.98770670000002,16.00822740000632,-246.14822740000915,stop
2018-01-30 14:40:00+00:00,2018-01-30 15:05:00+00:00,LONG,626.0,159.22796100000002,158.61255069999999,15.9068478000205,-385.24684780002264,stop
2018-01-31 14:40:00+00:00,2018-01-31 15:00:00+00:00,LONG,619.0,160.2380115,160.04239339999998,15.857603900019228,-121.08760390001149,stop
2018-02-01 14:40:00+00:00,2018-02-01 20:35:00+00:00,LONG,623.0,159.11795550000002,158.6025518,15.826505100016618,-321.0965051000223,stop
2018-02-02 14:40:00+00:00,2018-02-02 14:45:00+00:00,LONG,625.0,157.99789950000002,157.6626552,15.777687500015958,-209.52768750001738,stop
2018-02-05 14:40:00+00:00,2018-02-05 19:30:00+00:00,LONG,601.0,154.20771,153.37312709999998,14.774322900007718,-501.58432290000906,stop
2018-02-06 14:40:00+00:00,2018-02-06 21:00:00+00:00,LONG,208.0,148.7374365,152.712364,3.135080000000471,826.7849200000014,eod_flat
2018-02-07 14:40:00+00:00,2018-02-07 14:40:00+00:00,SHORT,649.0,152.51237400000002,152.9468223,15.86694669999278,-281.95694669999057,stop
2018-02-08 14:40:00+00:00,2018-02-08 21:00:00+00:00,SHORT,652.0,151.35243200000002,146.11730550000004,9.697522000014033,3413.302477999986,eod_flat
2018-02-09 14:40:00+00:00,2018-02-09 14:40:00+00:00,LONG,694.0,147.12735600000002,146.7538553,16.309485800019445,-259.2094858000155,stop
2018-02-12 14:40:00+00:00,2018-02-12 15:00:00+00:00,LONG,682.0,149.27746350000004,148.7036408,16.247081400026786,-391.34708140003454,stop
2018-02-13 14:40:00+00:00,2018-02-13 14:40:00+00:00,LONG,679.0,149.26746300000002,148.89361989999998,16.189464900034153,-253.8394649000303,stop
2018-02-14 14:40:00+00:00,2018-02-14 21:00:00+00:00,LONG,432.0,150.267513,153.59232,6.5633760000046095,1436.3166239999969,eod_flat
2018-02-15 14:40:00+00:00,2018-02-15 14:55:00+00:00,SHORT,665.0,154.38228049999998,154.9570434,16.467328500008733,-382.21732850001627,stop
2018-02-16 14:40:00+00:00,2018-02-16 18:35:00+00:00,LONG,654.0,156.25781250000003,155.8528543,16.322662800028127,-264.84266280002515,stop
2018-02-20 14:40:00+00:00,2018-02-20 21:00:00+00:00,LONG,655.0,155.55777750000001,156.11219400000002,10.207192499994164,363.14280750000137,eod_flat
2018-02-21 14:40:00+00:00,2018-02-21 20:15:00+00:00,LONG,652.0,156.86784300000002,156.45278829999998,16.335664400017436,-270.6156644000271,stop
2018-02-22 14:40:00+00:00,2018-02-22 15:00:00+00:00,LONG,651.0,156.647832,156.1428224,16.281249600002724,-328.76124959999606,stop
2018-02-23 14:40:00+00:00,2018-02-23 14:50:00+00:00,LONG,648.0,156.86784300000002,156.46278719999998,16.236158400011846,-262.4761584000273,stop
2018-02-26 14:40:00+00:00,2018-02-26 21:00:00+00:00,LONG,635.0,159.707985,160.431978,10.164445000019242,459.73555499998656,eod_flat
2018-02-27 14:40:00+00:00,2018-02-27 15:15:00+00:00,SHORT,635.0,160.59197,160.9477023,16.34001049999185,-225.8900104999998,stop
2018-02-28 14:40:00+00:00,2018-02-28 14:55:00+00:00,SHORT,637.0,159.5620215,159.81757800000003,16.27949050001385,-162.78949050002544,stop
2018-03-01 14:40:00+00:00,2018-03-01 14:40:00+00:00,LONG,642.0,158.15790750000002,157.77264309999998,16.219744800016656,-247.33974480002541,stop
2018-03-02 14:40:00+00:00,2018-03-02 14:45:00+00:00,LONG,658.0,153.90769500000002,153.27313809999998,16.15844020001424,-417.5384402000232,stop
2018-03-05 14:40:00+00:00,2018-03-05 14:40:00+00:00,LONG,645.0,156.3578175,155.9028488,16.10481150001064,-293.454811500015,stop
2018-03-06 14:40:00+00:00,2018-03-06 14:40:00+00:00,LONG,632.0,159.22796100000002,158.9525133,16.0829464000185,-174.0829464000185,stop
2018-03-07 14:40:00+00:00,2018-03-07 17:15:00+00:00,LONG,635.0,158.20791,157.682653,16.03819500000668,-333.5381950000067,stop
2018-03-08 14:40:00+00:00,2018-03-08 15:05:00+00:00,LONG,624.0,160.24801200000002,159.8724121,15.974337600001945,-234.37433760001613,stop
2018-03-09 14:40:00+00:00,2018-03-09 14:55:00+00:00,SHORT,619.0,161.371931,161.5877727,15.99601230000053,-133.60601229999912,stop
2018-03-12 13:40:00+00:00,2018-03-12 13:40:00+00:00,SHORT,609.0,163.7218135,163.9280301,15.965909399998736,-125.58590940000289,stop
2018-03-13 13:40:00+00:00,2018-03-13 14:05:00+00:00,LONG,603.0,165.12825600000002,164.8518643,15.914195100020095,-166.6641951000201,stop
2018-03-14 13:40:00+00:00,2018-03-14 20:00:00+00:00,SHORT,611.0,162.59187,162.02810100000002,9.917141000002914,344.46285899998736,eod_flat
2018-03-15 13:40:00+00:00,2018-03-15 14:35:00+00:00,SHORT,616.0,161.9019045,162.2578464,15.980210399995258,-219.26021040000296,stop
2018-03-16 13:40:00+00:00,2018-03-16 13:40:00+00:00,LONG,614.0,162.19810950000002,162.0221756,15.923414600007675,-108.02341460001117,stop
2018-03-19 13:40:00+00:00,2018-03-19 20:00:00+00:00,SHORT,623.0,159.472026,157.77788850000002,9.882337499998272,1055.447662499989,eod_flat
2018-03-20 13:40:00+00:00,2018-03-20 13:40:00+00:00,LONG,635.0,158.29791450000002,157.93262549999997,16.05851500002757,-231.95851500002973,stop
2018-03-21 13:40:00+00:00,2018-03-21 13:40:00+00:00,LONG,634.0,158.1979095,157.9126277,16.02866120001022,-180.86866120000445,stop
2018-03-22 13:40:00+00:00,2018-03-22 14:50:00+00:00,LONG,642.0,155.787789,155.3429104,15.97206120001431,-285.6120612000063,stop
2018-03-23 13:40:00+00:00,2018-03-23 13:40:00+00:00,LONG,647.0,154.147707,153.6530963,15.92312290000703,-320.0131229000063,stop
2018-03-26 13:40:00+00:00,2018-03-26 13:55:00+00:00,LONG,649.0,153.21766050000002,152.80318979999998,15.881484300015103,-268.9914843000247,stop
2018-03-27 13:40:00+00:00,2018-03-27 20:00:00+00:00,SHORT,636.0,155.932203,149.987499,9.728256000022157,3780.831743999983,eod_flat
2018-03-28 13:40:00+00:00,2018-03-28 13:40:00+00:00,LONG,687.0,149.78748900000002,149.2935759,16.42829970001077,-339.31829970001,stop
2018-03-29 13:40:00+00:00,2018-03-29 14:45:00+00:00,SHORT,687.0,149.40252949999999,149.9264901,16.460932200006482,-359.9609322000065,stop
2018-04-02 13:40:00+00:00,2018-04-02 13:50:00+00:00,LONG,680.0,150.50752500000002,150.0234956,16.33999200001199,-329.1399920000174,stop
2018-04-03 13:40:00+00:00,2018-04-03 13:40:00+00:00,SHORT,689.0,147.972601,148.50633390000002,16.351968099999198,-367.7419681000125,stop
2018-04-04 13:40:00+00:00,2018-04-04 20:00:00+00:00,LONG,441.0,146.7773385,151.35243200000002,6.5737664999978165,2017.6162335000038,eod_flat
2018-04-05 13:40:00+00:00,2018-04-05 13:40:00+00:00,LONG,678.0,152.7376365,152.1132657,16.523402400009502,-423.32340240000565,stop
2018-04-06 13:40:00+00:00,2018-04-06 14:50:00+00:00,LONG,661.0,150.7375365,149.9235066,15.88376390001082,-538.0737639000056,stop
2018-04-09 13:40:00+00:00,2018-04-09 13:40:00+00:00,LONG,686.0,149.56747800000002,149.1535913,16.386276200013583,-283.9262762000237,stop
2018-04-10 13:40:00+00:00,2018-04-10 14:40:00+00:00,SHORT,677.0,151.112444,151.6966848,16.411021600000794,-395.5310216000023,stop
2018-04-11 13:40:00+00:00,2018-04-11 19:25:00+00:00,LONG,671.0,151.81759050000002,151.3633482,16.266583300017317,-304.7965833000219,stop
2018-04-12 13:40:00+00:00,2018-04-12 20:00:00+00:00,LONG,666.0,152.5776285,153.3223335,10.186470000005954,495.9735300000069,eod_flat
2018-04-13 13:40:00+00:00,2018-04-13 13:40:00+00:00,LONG,663.0,154.11770550000003,154.0230556,16.342883700009423,-62.752883700023744,stop
2018-04-16 13:40:00+00:00,2018-04-16 16:15:00+00:00,SHORT,665.0,153.4623265,153.69690480000003,16.344569500020043,-155.99456950002534,stop
2018-04-17 13:40:00+00:00,2018-04-17 13:40:00+00:00,SHORT,657.0,155.072246,155.2670775,16.31429550000314,-128.00429549999492,stop
2018-04-18 13:40:00+00:00,2018-04-18 13:40:00+00:00,LONG,648.0,157.08785400000002,156.87274209999998,16.272511200008466,-139.3925112000254,stop
2018-04-19 13:40:00+00:00,2018-04-19 14:15:00+00:00,SHORT,650.0,156.41217899999998,156.69723480000002,16.286270000011882,-185.28627000002444,stop
2018-04-20 13:40:00+00:00,2018-04-20 20:00:00+00:00,SHORT,654.0,155.0622465,153.3976695,10.086642000017548,1088.6333579999869,eod_flat
2018-04-23 13:40:00+00:00,2018-04-23 14:50:00+00:00,SHORT,666.0,153.972301,154.2569664,16.427156400002332,-189.5871564000152,stop
2018-04-24 13:40:00+00:00,2018-04-24 13:50:00+00:00,SHORT,667.0,153.5623215,153.9069279,16.412468800006906,-229.85246880000236,stop
2018-04-25 13:40:00+00:00,2018-04-25 15:05:00+00:00,SHORT,682.0,149.812509,150.1465143,16.371614599999248,-227.7916146000008,stop
2018-04-26 13:40:00+00:00,2018-04-26 14:05:00+00:00,SHORT,671.0,151.8424075,152.19673980000002,16.326973299998343,-237.75697330000673,stop
2018-04-27 13:40:00+00:00,2018-04-27 20:00:00+00:00,SHORT,656.0,154.832258,153.33766650000004,10.107976000022973,980.4520239999711,eod_flat
2018-04-30 13:40:00+00:00,2018-04-30 13:45:00+00:00,SHORT,669.0,153.47232599999998,153.8569224,16.454991600004803,-257.29499160001393,stop
2018-05-01 13:40:00+00:00,2018-05-01 13:40:00+00:00,LONG,674.0,151.90759500000001,151.5933229,16.35939540001266,-211.8193954000073,stop
2018-05-04 13:40:00+00:00,2018-05-04 20:00:00+00:00,LONG,670.0,152.5176255,155.652217,10.32369500000442,2100.1763049999995,eod_flat
2018-05-07 13:40:00+00:00,2018-05-07 20:00:00+00:00,LONG,665.0,156.827841,156.972151,10.43385000000427,95.96614999999346,eod_flat
2018-05-08 13:40:00+00:00,2018-05-08 13:40:00+00:00,LONG,665.0,156.97784850000002,156.7127597,16.684052000013452,-176.2840520000195,stop
2018-05-09 13:40:00+00:00,2018-05-09 13:40:00+00:00,LONG,662.0,157.37786850000003,157.0627212,16.647512600028506,-208.62751260002324,stop
2018-05-10 13:40:00+00:00,2018-05-10 13:40:00+00:00,SHORT,653.0,159.1420425,159.3275241,16.639484800004055,-121.11948480000183,stop
2018-05-11 13:40:00+00:00,2018-05-11 13:45:00+00:00,LONG,649.0,160.13800650000002,159.9324055,16.615049000014977,-133.4350490000194,stop
2018-05-14 13:40:00+00:00,2018-05-14 17:05:00+00:00,LONG,645.0,160.728036,160.52234059999998,16.57353300001148,-132.67353300001588,stop
2018-05-15 13:40:00+00:00,2018-05-15 20:00:00+00:00,SHORT,653.0,158.7220635,158.55792750000003,10.359192000014275,107.18080799997162,eod_flat
2018-05-16 13:40:00+00:00,2018-05-16 13:45:00+00:00,LONG,652.0,158.9379465,158.8125287,16.572405600009006,-81.7724056000053,stop
2018-05-17 13:40:00+00:00,2018-05-17 13:45:00+00:00,LONG,651.0,159.28796400000002,159.0425034,16.574850600020056,-159.79485060001932,stop
2018-05-18 13:40:00+00:00,2018-05-18 13:45:00+00:00,SHORT,653.0,158.39208,158.6874537,16.5690261000112,-192.87902609999932,stop
2018-05-21 13:40:00+00:00,2018-05-21 15:15:00+00:00,LONG,646.0,159.94799700000002,159.4524583,16.498000200017373,-320.11800020001664,stop
2018-05-22 13:40:00+00:00,2018-05-22 13:50:00+00:00,LONG,643.0,159.9779985,159.8224176,16.448518700014574,-100.03851870001165,stop
2018-05-23 13:40:00+00:00,2018-05-23 20:00:00+00:00,LONG,651.0,157.91789550000001,160.17199100000002,10.353829500003172,1467.4161705000035,eod_flat
2018-05-24 13:40:00+00:00,2018-05-24 13:45:00+00:00,LONG,650.0,160.36801800000003,160.0623912,16.657420000016998,-198.65742000001774,stop
2018-05-25 13:40:00+00:00,2018-05-25 13:50:00+00:00,SHORT,651.0,159.97200099999998,160.5276561,16.701470100014916,-361.73147010001566,stop
2018-05-29 13:40:00+00:00,2018-05-29 13:45:00+00:00,SHORT,650.0,159.492025,159.9575934,16.6194599999983,-302.6194599999968,stop
2018-05-30 13:40:00+00:00,2018-05-30 13:40:00+00:00,SHORT,645.0,160.32198350000002,160.44764730000003,16.55315100001161,-81.05315100000794,stop
2018-05-31 13:40:00+00:00,2018-05-31 14:50:00+00:00,LONG,642.0,160.9380465,160.65232629999997,16.51236840001502,-183.43236840002743,stop
2018-06-01 13:40:00+00:00,2018-06-01 20:00:00+00:00,LONG,638.0,161.7380865,163.2018395,10.365586000013536,933.8744139999981,eod_flat
2018-06-04 13:40:00+00:00,2018-06-04 20:00:00+00:00,LONG,635.0,163.97819850000002,164.7017645,10.435590000020483,459.46440999998526,eod_flat
2018-06-05 13:40:00+00:00,2018-06-05 13:55:00+00:00,SHORT,634.0,165.051747,165.25817640000002,16.756239600007632,-130.87623960001196,stop
2018-06-06 13:40:00+00:00,2018-06-06 13:40:00+00:00,LONG,631.0,165.52827600000003,165.36180819999998,16.701181800021743,-105.04118180003107,stop
2018-06-07 13:40:00+00:00,2018-06-07 20:00:00+00:00,SHORT,629.0,165.88170549999998,164.99824950000001,10.406176000006496,555.6938239999793,eod_flat
2018-06-11 13:40:00+00:00,2018-06-11 14:45:00+00:00,LONG,636.0,165.00825,164.7218786,16.772210400010408,-182.13221040000462,stop
2018-06-12 13:40:00+00:00,2018-06-12 13:55:00+00:00,LONG,632.0,165.75828750000002,165.5117917,16.745345600013025,-155.7853456000123,stop
2018-06-13 13:40:00+00:00,2018-06-13 18:10:00+00:00,LONG,628.0,166.5383265,166.3117037,16.719118400007915,-142.31911840000078,stop
2018-06-14 13:40:00+00:00,2018-06-14 20:00:00+00:00,LONG,624.0,167.21836050000002,167.7216135,10.450128000005861,314.0298719999828,eod_flat
2018-06-15 13:40:00+00:00,2018-06-15 14:25:00+00:00,SHORT,627.0,166.99165,167.3384052,16.77551040001572,-217.41551040001144,stop
2018-06-18 13:40:00+00:00,2018-06-18 13:50:00+00:00,SHORT,630.0,165.84170749999998,166.29829080000002,16.74747900001705,-287.64747900002135,stop
2018-06-19 13:40:00+00:00,2018-06-19 14:05:00+00:00,LONG,629.0,165.6382815,165.02184559999998,16.628181100015127,-387.7381811000173,stop
2018-06-20 13:40:00+00:00,2018-06-20 14:30:00+00:00,LONG,619.0,167.62838100000002,167.4115827,16.588147700015014,-134.1981477000136,stop
2018-06-21 13:40:00+00:00,2018-06-21 20:00:00+00:00,SHORT,616.0,168.29158500000003,166.428321,10.309376000005386,1147.7706240000093,eod_flat
2018-06-22 13:40:00+00:00,2018-06-22 20:00:00+00:00,SHORT,629.0,166.611669,166.21831050000003,10.467503500012555,247.4224964999853,eod_flat
2018-06-25 13:40:00+00:00,2018-06-25 13:40:00+00:00,LONG,638.0,164.71823550000002,164.3319215,16.78833200000861,-246.4683320000173,stop
2018-06-26 13:40:00+00:00,2018-06-26 13:45:00+00:00,SHORT,645.0,162.59187,163.217952,16.822890000001536,-403.82288999999787,stop
2018-06-27 13:40:00+00:00,2018-06-27 13:40:00+00:00,SHORT,638.0,163.651817,163.84802130000003,16.718343400011236,-125.17834340002139,stop
2018-06-28 13:40:00+00:00,2018-06-28 13:50:00+00:00,LONG,649.0,160.828041,160.45234829999998,16.674562300023354,-243.82456230001966,stop
2018-06-29 13:40:00+00:00,2018-06-29 17:00:00+00:00,LONG,638.0,163.20816,162.8920799,16.639103800000953,-201.65910379999588,stop
2018-07-02 13:40:00+00:00,2018-07-02 13:40:00+00:00,SHORT,645.0,161.031948,161.1377232,16.625003999998853,-68.22500400000692,stop
2018-07-03 13:40:00+00:00,2018-07-03 17:00:00+00:00,SHORT,633.0,163.9218035,161.97809850000002,10.314735000008682,1230.3652649999963,eod_flat
2018-07-05 13:40:00+00:00,2018-07-05 14:00:00+00:00,LONG,644.0,163.00815000000003,162.8120887,16.78347720002421,-126.26347720001615,stop
2018-07-06 13:40:00+00:00,2018-07-06 13:40:00+00:00,SHORT,639.0,164.06179649999999,164.2980708,16.78927770000729,-150.97927770001237,stop
2018-07-09 13:40:00+00:00,2018-07-09 13:55:00+00:00,LONG,626.0,167.428371,167.1316135,16.750195000019175,-185.7701950000078,stop
2018-07-10 13:40:00+00:00,2018-07-10 14:40:00+00:00,SHORT,623.0,167.83160800000002,168.17849760000001,16.752220800002533,-216.11222079999828,stop
2018-07-11 13:40:00+00:00,2018-07-11 20:00:00+00:00,LONG,625.0,167.09835450000003,167.171641,10.445937500023206,45.804062499978926,eod_flat
2018-07-12 13:40:00+00:00,2018-07-12 20:00:00+00:00,LONG,621.0,168.03840150000002,169.7815105,10.489311000009508,1082.4706889999848,eod_flat
2018-07-13 13:40:00+00:00,2018-07-13 13:45:00+00:00,LONG,620.0,170.1385065,169.9113077,16.863256000004867,-140.86325599999782,stop
2018-07-16 13:40:00+00:00,2018-07-16 13:50:00+00:00,LONG,618.0,170.3585175,170.0712901,16.826533200009408,-177.5065332000038,stop
2018-07-17 13:40:00+00:00,2018-07-17 20:00:00+00:00,LONG,625.0,168.3784185,170.81145899999999,10.59968750000806,1520.650312499985,eod_flat
2018-07-18 13:40:00+00:00,2018-07-18 20:00:00+00:00,SHORT,625.0,170.751462,170.56852800000001,10.666249999999877,114.33374999999302,eod_flat
2018-07-19 13:40:00+00:00,2018-07-19 13:55:00+00:00,LONG,627.0,170.21851050000004,169.7713231,17.046499800019404,-280.38649980002936,stop
2018-07-20 13:40:00+00:00,2018-07-20 14:05:00+00:00,SHORT,627.0,169.9615015,170.28872970000003,17.072081400015406,-205.17208140002253,stop
2018-07-23 13:40:00+00:00,2018-07-23 13:40:00+00:00,LONG,628.0,169.18845900000002,168.98140999999998,16.98677200002112,-130.0267720000254,stop
2018-07-24 13:40:00+00:00,2018-07-24 14:00:00+00:00,LONG,618.0,171.86859300000003,171.80109979999997,16.990797600023257,-41.7107976000359,stop
2018-07-25 13:40:00+00:00,2018-07-25 20:00:00+00:00,LONG,620.0,171.148557,173.1813405,10.674230000010994,1260.325769999996,eod_flat
2018-07-26 13:40:00+00:00,2018-07-26 13:50:00+00:00,LONG,628.0,171.13855650000002,170.7212186,17.168201200030694,-262.0882012000221,stop
2018-07-27 13:40:00+00:00,2018-07-27 20:00:00+00:00,SHORT,625.0,171.35143200000002,168.27841350000003,10.613437500008871,1920.6365624999933,eod_flat
2018-07-30 13:40:00+00:00,2018-07-30 20:00:00+00:00,SHORT,650.0,167.731613,165.86829300000002,10.842000000005214,1211.1579999999917,eod_flat
2018-07-31 13:40:00+00:00,2018-07-31 13:55:00+00:00,LONG,660.0,167.1983595,166.40169379999998,17.599362000015617,-525.7993620000224,stop
2018-08-01 13:40:00+00:00,2018-08-01 16:30:00+00:00,LONG,655.0,167.6783835,167.1016168,17.53218850001602,-377.78218850000485,stop
2018-08-02 13:40:00+00:00,2018-08-02 20:00:00+00:00,LONG,655.0,166.9583475,170.151492,11.040352500012887,2091.5096474999923,eod_flat
2018-08-03 13:40:00+00:00,2018-08-03 14:15:00+00:00,SHORT,656.0,170.04149750000002,170.518755,17.880919999993694,-313.08091999998624,stop
2018-08-06 13:40:00+00:00,2018-08-06 20:00:00+00:00,LONG,651.0,170.5985295,171.5214235,11.136006000008138,600.8039939999903,eod_flat
2018-08-07 13:40:00+00:00,2018-08-07 13:50:00+00:00,LONG,648.0,172.36861800000003,171.98108,17.84462400001371,-251.12462400002255,stop
2018-08-08 13:40:00+00:00,2018-08-08 13:40:00+00:00,SHORT,649.0,171.79141,172.06892550000003,17.857559500013707,-180.1075595000137,stop
2018-08-09 13:40:00+00:00,2018-08-09 13:45:00+00:00,SHORT,646.0,172.2213885,172.53897720000003,17.822300200015434,-205.16230020002865,stop
2018-08-10 13:40:00+00:00,2018-08-10 14:05:00+00:00,LONG,648.0,171.37856850000003,171.0211856,17.7441192000133,-231.5841192000214,stop
2018-08-13 13:40:00+00:00,2018-08-13 15:35:00+00:00,LONG,646.0,171.56857800000003,171.21116469999998,17.70899180002243,-230.8889918000305,stop
2018-08-14 13:40:00+00:00,2018-08-14 14:55:00+00:00,SHORT,645.0,171.42142850000002,171.66888150000003,17.70718500000541,-159.60718500000468,stop
2018-08-15 13:40:00+00:00,2018-08-15 13:40:00+00:00,SHORT,648.0,170.5214735,170.69877480000002,17.691242400003148,-114.89124240000683,stop
2018-08-16 13:40:00+00:00,2018-08-16 13:40:00+00:00,LONG,645.0,171.10855500000002,170.8412054,17.64049200002347,-172.440492000011,stop
2018-08-17 13:40:00+00:00,2018-08-17 13:40:00+00:00,SHORT,650.0,169.64151750000002,169.9286901,17.662190000000066,-186.66218999999415,stop
2018-08-20 13:40:00+00:00,2018-08-20 20:00:00+00:00,SHORT,645.0,170.6214685,170.27851350000003,10.99402500001574,221.20597499997473,eod_flat
2018-08-21 13:40:00+00:00,2018-08-21 20:00:00+00:00,LONG,645.0,170.94854700000002,170.831458,11.022405000017415,-75.52240500001375,eod_flat
2018-08-22 13:40:00+00:00,2018-08-22 14:05:00+00:00,LONG,645.0,170.88854400000002,170.42125159999998,17.603598000032292,-301.4035980000308,stop
2018-08-23 13:40:00+00:00,2018-08-23 15:20:00+00:00,LONG,640.0,171.65858250000002,171.19116689999998,17.545984000025783,-299.1459840000243,stop
2018-08-24 13:40:00+00:00,2018-08-24 20:00:00+00:00,LONG,637.0,171.99859950000004,172.931353,10.98602050001736,594.1639794999754,eod_flat
2018-08-27 13:40:00+00:00,2018-08-27 13:40:00+00:00,LONG,634.0,173.85869250000002,173.71088969999997,17.62697520002922,-93.7069752000321,stop
2018-08-28 13:40:00+00:00,2018-08-28 13:50:00+00:00,LONG,628.0,175.128756,174.89075989999998,17.58155080001518,-149.46155080002018,stop
2018-08-29 13:40:00+00:00,2018-08-29 20:00:00+00:00,LONG,627.0,175.27876350000003,176.8611565,11.039589000016662,992.1604109999798,eod_flat
2018-08-30 13:40:00+00:00,2018-08-30 13:40:00+00:00,LONG,628.0,176.72883600000003,176.5105817,17.743700400027024,-137.0637004000256,stop
2018-08-31 13:40:00+00:00,2018-08-31 18:15:00+00:00,LONG,627.0,176.71883550000004,176.3206026,17.702028300021652,-249.6920283000245,stop
2018-09-04 13:40:00+00:00,2018-09-04 14:55:00+00:00,SHORT,627.0,176.17119100000002,176.4894117,17.694378899994632,-199.52437889998964,stop
2018-09-05 13:40:00+00:00,2018-09-05 20:00:00+00:00,SHORT,629.0,175.351232,173.57867850000002,10.973848500021319,1114.9361514999916,eod_flat
2018-09-06 13:40:00+00:00,2018-09-06 20:00:00+00:00,SHORT,641.0,173.7613115,172.26861300000002,11.090261500019551,956.8197384999928,eod_flat
2018-09-07 13:40:00+00:00,2018-09-07 20:00:00+00:00,LONG,656.0,171.40857000000003,171.551422,11.249088000013217,93.71091199998455,eod_flat
2018-09-10 13:40:00+00:00,2018-09-10 20:00:00+00:00,SHORT,654.0,172.0813955,171.9785985,11.250761999996712,67.22923800000626,eod_flat
2018-09-11 13:40:00+00:00,2018-09-11 13:40:00+00:00,SHORT,657.0,171.20143950000002,171.5888727,18.02361239999354,-254.54361239998383,stop
2018-09-13 13:40:00+00:00,2018-09-13 20:00:00+00:00,LONG,644.0,174.30871500000003,174.63126799999998,11.235868000021014,207.72413199996288,eod_flat
2018-09-14 13:40:00+00:00,2018-09-14 13:45:00+00:00,SHORT,644.0,174.7412625,175.05925440000001,18.026783600011413,-204.7867836000063,stop
2018-09-17 13:40:00+00:00,2018-09-17 20:00:00+00:00,SHORT,646.0,173.7813105,171.68858400000002,11.15868100001029,1351.90131899998,eod_flat
2018-09-18 13:40:00+00:00,2018-09-18 20:00:00+00:00,LONG,557.0,172.86864300000002,173.1613415,9.636935500001158,163.03306449998428,eod_flat
2018-09-19 13:40:00+00:00,2018-09-19 13:40:00+00:00,LONG,656.0,173.41867050000002,173.18094799999997,18.18596000002526,-155.94596000003048,stop
2018-09-20 13:40:00+00:00,2018-09-20 13:45:00+00:00,SHORT,654.0,173.8413075,174.5091939,18.237705599999913,-436.7977056000096,stop
2018-09-21 13:40:00+00:00,2018-09-21 13:40:00+00:00,SHORT,645.0,175.471226,175.56931050000003,18.114502500003624,-63.26450250001756,stop
2018-09-24 13:40:00+00:00,2018-09-24 13:45:00+00:00,SHORT,657.0,172.251387,172.8990168,18.152778599999806,-425.4927786000028,stop
2018-09-25 13:40:00+00:00,2018-09-25 15:30:00+00:00,SHORT,647.0,174.0812955,174.619206,18.058093499993646,-348.0280934999878,stop
2018-09-26 13:40:00+00:00,2018-09-26 19:50:00+00:00,LONG,641.0,175.268763,174.7507753,17.940115700025444,-332.0301157000131,stop
2018-09-27 13:40:00+00:00,2018-09-27 20:00:00+00:00,LONG,638.0,175.648782,176.39118000000002,11.230076000006875,473.64992400000546,eod_flat
2018-09-28 13:40:00+00:00,2018-09-28 13:50:00+00:00,LONG,639.0,176.0188005,175.77066309999998,17.979798600012685,-158.55979860001196,stop
2018-10-01 13:40:00+00:00,2018-10-01 16:45:00+00:00,LONG,633.0,177.55887750000002,177.11051569999998,17.953019400017354,-283.81301940002743,stop
2018-10-02 13:40:00+00:00,2018-10-02 13:40:00+00:00,LONG,635.0,176.53882650000003,176.380596,17.926367500022167,-100.47636750001928,stop
2018-10-03 13:40:00+00:00,2018-10-03 13:45:00+00:00,LONG,632.0,177.18885900000004,176.8105487,17.892109600027652,-239.09210960002406,stop
2018-10-04 13:40:00+00:00,2018-10-04 20:00:00+00:00,SHORT,637.0,175.331233,173.268663,11.102910000011917,1313.857089999996,eod_flat
2018-10-05 13:40:00+00:00,2018-10-05 13:40:00+00:00,SHORT,654.0,172.771361,173.17904760000002,18.107036400006393,-266.6270364000034,stop
2018-10-08 13:40:00+00:00,2018-10-08 13:45:00+00:00,SHORT,664.0,169.9215035,170.4087429,18.086961600008863,-323.5269615999953,stop
2018-10-09 13:40:00+00:00,2018-10-09 20:00:00+00:00,LONG,660.0,170.3985195,170.56147149999998,11.251680000011106,107.5483199999934,eod_flat
2018-10-10 13:40:00+00:00,2018-10-10 20:00:00+00:00,SHORT,666.0,168.9815505,163.40817,11.068587000012428,3711.87141299999,eod_flat
2018-10-11 13:40:00+00:00,2018-10-11 13:40:00+00:00,LONG,715.0,162.56812800000003,162.0021778,18.554393000028284,-404.6543930000226,stop
2018-10-12 13:40:00+00:00,2018-10-12 14:05:00+00:00,SHORT,666.0,164.5217735,165.4081929,17.595320400005903,-590.3553203999961,stop
2018-10-15 13:40:00+00:00,2018-10-15 17:50:00+00:00,SHORT,670.0,164.23178800000002,165.12816210000003,17.67064699999878,-600.5706470000018,stop
2018-10-16 13:40:00+00:00,2018-10-16 13:45:00+00:00,SHORT,695.0,165.1217435,165.4381962,18.384626499995136,-219.9346264999896,stop
2018-10-17 13:40:00+00:00,2018-10-17 20:00:00+00:00,SHORT,666.0,168.2815855,168.11840550000002,11.20211999999708,108.67787999998853,eod_flat
2018-10-18 13:40:00+00:00,2018-10-18 20:00:00+00:00,SHORT,687.0,166.8816555,164.38821900000002,11.379124500012324,1712.9908754999815,eod_flat
2018-10-19 13:40:00+00:00,2018-10-19 15:40:00+00:00,LONG,702.0,165.648282,165.43180049999998,18.59001300001188,-151.97001300001028,stop
2018-10-22 13:40:00+00:00,2018-10-22 13:40:00+00:00,LONG,701.0,165.5782785,165.0618412,18.532547300018365,-362.0225473000048,stop
2018-10-23 13:40:00+00:00,2018-10-23 14:05:00+00:00,LONG,714.0,162.09810450000003,161.482235,18.470823000019493,-439.7308230000219,stop
2018-10-24 13:40:00+00:00,2018-10-24 20:00:00+00:00,SHORT,703.0,164.0217985,157.46787300000003,11.30037350002138,4607.4096264999735,eod_flat
2018-10-25 13:40:00+00:00,2018-10-25 13:40:00+00:00,SHORT,753.0,159.26203650000002,159.7275681,19.225294799995226,-350.5452947999935,stop
2018-10-26 13:40:00+00:00,2018-10-26 14:10:00+00:00,LONG,760.0,157.3578675,156.7527553,19.085272000017994,-459.8852720000059,stop
2018-10-29 13:40:00+00:00,2018-10-29 14:05:00+00:00,SHORT,744.0,160.111994,160.9076979,19.123701599997275,-592.0037015999837,stop
2018-10-30 13:40:00+00:00,2018-10-30 20:00:00+00:00,LONG,494.0,154.97774850000002,157.412129,7.71603300000686,1202.5839669999875,eod_flat
2018-10-31 13:40:00+00:00,2018-10-31 20:00:00+00:00,LONG,747.0,160.268013,161.271936,12.009518999996772,749.9304810000109,eod_flat
2018-11-01 13:40:00+00:00,2018-11-01 13:50:00+00:00,LONG,746.0,161.5780785,161.15227129999997,19.252171200023213,-317.65217120002745,stop
2018-11-02 13:40:00+00:00,2018-11-02 14:05:00+00:00,LONG,738.0,162.82814100000002,162.1921569,19.17626580003315,-469.35626580002224,stop
2018-11-05 14:40:00+00:00,2018-11-05 21:00:00+00:00,SHORT,746.0,160.39198000000002,160.3980195,11.965467000003798,-4.50546699998938,eod_flat
2018-11-06 14:40:00+00:00,2018-11-06 19:30:00+00:00,LONG,559.0,161.33806650000002,160.2623692,14.364790700010445,-601.3147907000168,stop
2018-11-07 14:40:00+00:00,2018-11-07 21:00:00+00:00,LONG,728.0,163.68818400000004,166.2416875,12.009452000012061,1858.950547999983,eod_flat
2018-11-08 14:40:00+00:00,2018-11-08 14:55:00+00:00,SHORT,731.0,165.471726,166.1082699,19.40359090000524,-465.31359090001524,stop
2018-11-09 14:40:00+00:00,2018-11-09 14:40:00+00:00,LONG,735.0,164.048202,163.9519633,19.285444500015956,-70.73544450001094,stop
2018-11-12 14:40:00+00:00,2018-11-12 21:00:00+00:00,SHORT,519.0,160.771961,157.84789200000003,8.268189000012057,1517.5918109999868,eod_flat
2018-11-13 14:40:00+00:00,2018-11-13 15:00:00+00:00,LONG,622.0,159.5779785,158.56255620000002,15.812670600001525,-631.5926705999896,stop
2018-11-14 14:40:00+00:00,2018-11-14 14:40:00+00:00,SHORT,761.0,159.432028,159.9275901,19.45275810000146,-377.1227581000006,stop
2018-11-15 14:40:00+00:00,2018-11-15 15:35:00+00:00,LONG,773.0,156.53782650000002,155.7728631,19.296708200014308,-591.3167082000214,stop
2018-11-16 14:40:00+00:00,2018-11-16 14:50:00+00:00,SHORT,763.0,157.772111,158.19739980000003,19.2953544000205,-324.49535440002484,stop
2018-11-19 14:40:00+00:00,2018-11-19 21:00:00+00:00,SHORT,760.0,157.832108,153.4776735,11.829780000006167,3309.370219999997,eod_flat
2018-11-20 14:40:00+00:00,2018-11-20 15:00:00+00:00,LONG,717.0,150.72753600000001,149.8435154,17.22277020002042,-633.8427702000098,stop
2018-11-21 14:40:00+00:00,2018-11-21 14:45:00+00:00,LONG,800.0,153.34766700000003,152.82318759999998,19.583520000037424,-419.5835200000374,stop
2018-11-23 14:40:00+00:00,2018-11-23 18:00:00+00:00,LONG,679.0,151.887594,151.3624315,10.295337500001636,-356.5853374999955,eod_flat
2018-11-26 14:40:00+00:00,2018-11-26 14:45:00+00:00,SHORT,796.0,153.092345,153.32686410000002,19.517203600016273,-186.6772036000226,stop
2018-11-27 14:40:00+00:00,2018-11-27 14:40:00+00:00,LONG,790.0,154.02770100000004,153.6430974,19.436844000027236,-303.836844000038,stop
2018-11-28 14:40:00+00:00,2018-11-28 17:05:00+00:00,SHORT,778.0,156.1221935,156.4972128,19.46501539999747,-291.76501539999305,stop
2018-11-29 14:40:00+00:00,2018-11-29 18:50:00+00:00,SHORT,760.0,159.3620315,159.88758570000002,19.421192000012297,-399.4211920000123,stop
2018-11-30 14:40:00+00:00,2018-11-30 15:35:00+00:00,SHORT,758.0,159.19204,159.8575824,19.361139200004686,-504.4811392000159,stop
2018-12-03 14:40:00+00:00,2018-12-03 21:00:00+00:00,SHORT,734.0,163.831808,163.08815400000003,11.997964000019863,545.8420359999734,eod_flat
2018-12-04 14:40:00+00:00,2018-12-04 15:20:00+00:00,SHORT,743.0,162.5818705,163.0579344,19.36547769999771,-353.71547769998926,stop
2018-12-06 14:40:00+00:00,2018-12-06 16:30:00+00:00,LONG,753.0,154.5777285,153.74308639999998,18.55550130001697,-628.4855013000187,stop
2018-12-07 14:40:00+00:00,2018-12-07 15:15:00+00:00,LONG,759.0,157.84789200000003,157.4126827,19.133858700021733,-330.3238587000192,stop
2018-12-10 14:40:00+00:00,2018-12-10 14:55:00+00:00,LONG,591.0,153.83769150000003,152.80318979999998,14.480504700017889,-611.3905047000293,stop
2018-12-11 14:40:00+00:00,2018-12-11 21:00:00+00:00,SHORT,758.0,156.8621565,155.61778050000004,11.842992000023457,943.2370079999696,eod_flat
2018-12-12 14:40:00+00:00,2018-12-12 15:00:00+00:00,SHORT,762.0,157.28213549999998,157.62733710000003,19.20361920002364,-263.0436192000401,stop
2018-12-13 14:40:00+00:00,2018-12-13 14:40:00+00:00,SHORT,760.0,157.272136,157.7773536,19.165376000014476,-383.9653760000067,stop
2018-12-14 14:40:00+00:00,2018-12-14 14:50:00+00:00,SHORT,771.0,154.4622765,154.94704230000002,19.094431800008863,-373.754431800015,stop
2018-12-17 14:40:00+00:00,2018-12-17 15:30:00+00:00,SHORT,781.0,152.01239900000002,152.3767596,19.025628599995542,-284.5656285999982,stop
2018-12-18 14:40:00+00:00,2018-12-18 14:45:00+00:00,SHORT,787.0,150.5624715,150.8565924,18.98314830001101,-231.47314830001906,stop
2018-12-19 14:40:00+00:00,2018-12-19 19:05:00+00:00,LONG,786.0,150.5375265,149.8535143,18.873589200012248,-537.6335892000095,stop
2018-12-20 14:40:00+00:00,2018-12-20 14:45:00+00:00,LONG,478.0,147.28736400000003,146.03393450000002,11.199301000009655,-599.1393010000047,stop
2018-12-21 14:40:00+00:00,2018-12-21 14:45:00+00:00,LONG,805.0,145.50727500000002,144.9940489,18.69701050001325,-413.14701050002054,stop
2018-12-24 14:40:00+00:00,2018-12-24 14:45:00+00:00,LONG,470.0,139.99699950000002,138.7247386,10.462623000009614,-597.9626230000097,stop
2018-12-26 14:40:00+00:00,2018-12-26 15:10:00+00:00,LONG,575.0,139.11695550000002,138.05481229999998,12.732340000009401,-610.7323400000212,stop
2018-12-27 14:40:00+00:00,2018-12-27 14:40:00+00:00,SHORT,806.0,143.23283800000002,143.5457883,18.497941799992645,-252.23794179998623,stop
2018-12-28 14:40:00+00:00,2018-12-28 14:50:00+00:00,SHORT,588.0,145.78271049999998,146.78614470000002,13.779309600014926,-590.0193096000256,stop
2018-12-31 14:40:00+00:00,2018-12-31 14:55:00+00:00,LONG,779.0,147.24736200000004,146.74385639999997,18.310862400038758,-392.23086240005296,stop
2019-01-02 14:40:00+00:00,2019-01-02 21:00:00+00:00,LONG,792.0,144.307215,147.07264600000002,11.538647999995646,2190.221352000005,eod_flat
2019-01-03 14:40:00+00:00,2019-01-03 14:40:00+00:00,LONG,800.0,145.5972795,145.21402469999998,18.603840000014316,-306.60384000002523,stop
2019-01-04 14:40:00+00:00,2019-01-04 14:40:00+00:00,SHORT,803.0,144.7027645,144.9959478,18.61618990002239,-235.42618990000778,stop
2019-01-07 14:40:00+00:00,2019-01-07 14:40:00+00:00,LONG,777.0,149.11745550000003,148.6736441,18.501457800021768,-344.84145780003416,stop
2019-01-08 14:40:00+00:00,2019-01-08 14:50:00+00:00,LONG,759.0,152.28761400000002,151.7633042,18.45113820001967,-397.95113820001967,stop
2019-01-09 14:40:00+00:00,2019-01-09 14:40:00+00:00,SHORT,756.0,152.39238,152.516775,18.442619999998783,-94.04261999999449,stop
2019-01-10 14:40:00+00:00,2019-01-10 15:25:00+00:00,SHORT,759.0,151.552422,152.0267211,18.44301690000566,-359.99301689999703,stop
2019-01-11 14:40:00+00:00,2019-01-11 14:40:00+00:00,LONG,752.0,152.61763050000002,152.37323709999998,18.343836800006102,-183.78383680002662,stop
2019-01-14 14:40:00+00:00,2019-01-14 15:20:00+00:00,SHORT,758.0,151.052447,151.6666815,18.369751000004328,-465.5897510000069,stop
2019-01-15 14:40:00+00:00,2019-01-15 21:00:00+00:00,LONG,747.0,152.6776335,154.4222785,11.470185000020905,1303.2498149999935,eod_flat
2019-01-16 14:40:00+00:00,2019-01-16 15:45:00+00:00,LONG,744.0,155.16775800000002,154.68298299999998,18.432600000025104,-360.672600000031,stop
2019-01-17 14:40:00+00:00,2019-01-17 21:00:00+00:00,LONG,747.0,154.04770200000002,155.46222649999999,11.560198500027184,1056.649801499978,eod_flat
2019-01-18 14:40:00+00:00,2019-01-18 15:45:00+00:00,SHORT,741.0,156.732163,157.03727220000002,18.605917200002096,-226.08591720000294,stop
2019-01-22 14:40:00+00:00,2019-01-22 21:00:00+00:00,SHORT,743.0,155.97220099999998,153.4176705,11.493838500017176,1898.0161614999777,eod_flat
2019-01-23 14:40:00+00:00,2019-01-23 15:25:00+00:00,LONG,759.0,155.16775800000002,154.8229676,18.815913600021986,-261.6959136000168,stop
2019-01-24 14:40:00+00:00,2019-01-24 14:45:00+00:00,LONG,758.0,154.90774500000003,154.5130017,18.75542140003023,-299.2154214000337,stop
2019-01-25 14:40:00+00:00,2019-01-25 14:55:00+00:00,SHORT,750.0,156.1421925,156.6072249,18.774300000011124,-348.7743000000094,stop
2019-01-28 14:40:00+00:00,2019-01-28 21:00:00+00:00,SHORT,755.0,154.652267,154.90774500000003,11.68589000002271,-192.88589000002958,eod_flat
2019-01-29 14:40:00+00:00,2019-01-29 21:00:00+00:00,SHORT,751.0,155.292235,153.60768000000002,11.599195000021126,1265.1008049999916,eod_flat
2019-01-30 14:40:00+00:00,2019-01-30 15:00:00+00:00,LONG,757.0,155.727786,155.3929049,18.834992700012094,-253.50499270001382,stop
2019-01-31 14:40:00+00:00,2019-01-31 14:50:00+00:00,SHORT,742.0,158.54207250000002,158.86747350000002,18.847542000012197,-241.44754199999954,stop
2019-02-01 14:40:00+00:00,2019-02-01 18:50:00+00:00,LONG,737.0,159.40797000000003,159.14249239999998,18.776991200032967,-195.65699120003967,stop
2019-02-04 14:40:00+00:00,2019-02-04 14:40:00+00:00,LONG,734.0,159.62798100000003,159.2624792,18.718321200021364,-268.27832120002387,stop
2019-02-05 14:40:00+00:00,2019-02-05 21:00:00+00:00,LONG,722.0,162.0781035,162.6618665,11.723113999992506,421.4768860000034,eod_flat
2019-02-06 14:40:00+00:00,2019-02-06 14:40:00+00:00,LONG,720.0,162.9781485,162.7520953,18.758304000004955,-162.75830399999677,stop
2019-02-07 14:40:00+00:00,2019-02-07 15:25:00+00:00,SHORT,730.0,160.6419675,160.8976968,18.782389000016906,-186.68238900000944,stop
2019-02-08 14:40:00+00:00,2019-02-08 15:05:00+00:00,LONG,735.0,159.1579575,158.62254959999999,18.674806500003456,-393.5248065000177,stop
2019-02-11 14:40:00+00:00,2019-02-11 14:45:00+00:00,LONG,723.0,161.21806050000004,160.8223076,18.6193467000312,-286.1293467000345,stop
2019-02-12 14:40:00+00:00,2019-02-12 14:40:00+00:00,SHORT,721.0,161.371931,161.517765,18.62631400000234,-105.14631400000562,stop
2019-02-13 14:40:00+00:00,2019-02-13 15:15:00+00:00,LONG,711.0,163.58817900000003,163.18204799999998,18.579141000014772,-288.7591410000317,stop
2019-02-14 14:40:00+00:00,2019-02-14 14:40:00+00:00,SHORT,715.0,162.051897,162.2778486,18.5553940000095,-161.55539400000137,stop
2019-02-15 14:40:00+00:00,2019-02-15 21:00:00+00:00,SHORT,707.0,163.76181150000002,163.428171,11.566166499995035,235.88383350002104,eod_flat
2019-02-19 14:40:00+00:00,2019-02-19 21:00:00+00:00,LONG,709.0,163.5781785,164.0217985,11.613420000018778,314.5265799999869,eod_flat
2019-02-20 14:40:00+00:00,2019-02-20 17:10:00+00:00,LONG,708.0,164.2382115,164.01195669999998,18.58839840002281,-160.18839840001476,stop
2019-02-21 14:40:00+00:00,2019-02-21 14:40:00+00:00,LONG,710.0,163.61818050000002,163.4220216,18.572819000009133,-139.27281900002043,stop
2019-02-22 14:40:00+00:00,2019-02-22 14:45:00+00:00,LONG,708.0,163.828191,163.6319985,18.54429000000539,-138.90428999999654,stop
2019-02-25 14:40:00+00:00,2019-02-25 15:00:00+00:00,LONG,698.0,165.96829800000003,165.7217686,18.517521200030558,-172.07752120002976,stop
2019-02-26 14:40:00+00:00,2019-02-26 14:40:00+00:00,SHORT,703.0,164.5817705,164.8381302,18.530869100000302,-180.2208690999931,stop
2019-02-27 14:40:00+00:00,2019-02-27 15:00:00+00:00,LONG,701.0,164.83824150000004,164.52190059999998,18.464970900025605,-221.75497090003995,stop
2019-02-28 14:40:00+00:00,2019-02-28 15:10:00+00:00,LONG,700.0,164.82824100000002,164.54189839999998,18.4398200000345,-200.43982000002813,stop
2019-03-01 14:40:00+00:00,2019-03-01 19:30:00+00:00,SHORT,694.0,165.891705,166.1582754,18.439857600017717,-184.9998576000043,stop
2019-03-04 14:40:00+00:00,2019-03-04 15:15:00+00:00,LONG,688.0,167.08835400000004,166.881641,18.378544000020156,-142.21854400002485,stop
2019-03-05 14:40:00+00:00,2019-03-05 14:40:00+00:00,SHORT,692.0,165.811709,166.16827650000002,18.38470999999913,-246.74471000000779,stop
2019-03-06 14:40:00+00:00,2019-03-06 21:00:00+00:00,SHORT,689.0,166.13169299999998,165.2182605,11.415007500005402,629.3549924999797,eod_flat
2019-03-07 14:40:00+00:00,2019-03-07 21:00:00+00:00,SHORT,700.0,164.571771,162.83814150000003,11.459350000015434,1213.5406499999845,eod_flat
2019-03-08 14:40:00+00:00,2019-03-08 14:50:00+00:00,SHORT,722.0,161.2819355,161.6777826,18.66160619999488,-285.80160619999816,stop
2019-03-11 13:40:00+00:00,2019-03-11 20:00:00+00:00,LONG,708.0,164.02820100000002,166.211689,11.690496000004146,1545.909503999988,eod_flat
2019-03-12 13:40:00+00:00,2019-03-12 13:40:00+00:00,SHORT,707.0,166.49167500000001,166.7583414,18.853144799987348,-188.53314479999378,stop
2019-03-13 13:40:00+00:00,2019-03-13 13:40:00+00:00,SHORT,699.0,168.0015995,168.0984888,18.795620699995425,-67.72562070001052,stop
2019-03-14 13:40:00+00:00,2019-03-14 16:05:00+00:00,SHORT,697.0,168.411579,168.72855810000001,18.804432700003815,-220.93443270001808,stop
2019-03-15 13:40:00+00:00,2019-03-15 13:45:00+00:00,SHORT,694.0,168.75156199999998,168.9585834,18.75285160001647,-143.6728516000212,stop
2019-03-18 13:40:00+00:00,2019-03-18 15:30:00+00:00,LONG,688.0,169.99849950000004,169.6313385,18.68676800002413,-252.60676800002648,stop
2019-03-19 13:40:00+00:00,2019-03-19 13:45:00+00:00,LONG,683.0,170.97854850000002,170.79121089999998,18.671580800026135,-127.9515808000238,stop
2019-03-20 13:40:00+00:00,2019-03-20 14:10:00+00:00,SHORT,684.0,170.531473,170.7887847,18.68120279998925,-176.0012028000017,stop
2019-03-21 13:40:00+00:00,2019-03-21 20:00:00+00:00,LONG,680.0,171.20856,174.011299,11.737480000012965,1905.8625200000017,eod_flat
2019-03-22 13:40:00+00:00,2019-03-22 13:50:00+00:00,LONG,682.0,173.59867950000003,173.1909469,18.91363320002438,-278.0736332000213,stop
2019-03-25 13:40:00+00:00,2019-03-25 13:40:00+00:00,SHORT,696.0,169.61151900000002,169.718667,18.895008000007692,-74.57500799999661,stop
2019-03-26 13:40:00+00:00,2019-03-26 15:50:00+00:00,LONG,689.0,171.37856850000003,171.18116799999999,18.878944500018775,-136.00894450002974,stop
2019-03-27 13:40:00+00:00,2019-03-27 13:40:00+00:00,LONG,689.0,171.0785535,170.89119989999998,18.846630400018114,-129.08663040001576,stop
2019-03-28 13:40:00+00:00,2019-03-28 13:55:00+00:00,SHORT,694.0,169.66151649999998,170.25872640000003,18.883670600021503,-414.4636706000365,stop
2019-03-29 13:40:00+00:00,2019-03-29 19:05:00+00:00,SHORT,685.0,171.2414375,171.4088529,18.77954900001626,-114.67954900000692,stop
2019-04-01 13:40:00+00:00,2019-04-01 13:40:00+00:00,LONG,677.0,173.08865400000002,172.9109777,18.736855100016527,-120.28685510002038,stop
2019-04-02 13:40:00+00:00,2019-04-02 13:40:00+00:00,SHORT,675.0,173.60131950000002,173.7791136,18.761017499996058,-120.01101749998071,stop
2019-04-03 13:40:00+00:00,2019-04-03 13:45:00+00:00,SHORT,668.0,175.01124900000002,175.219272,18.71936399999356,-138.95936399997913,stop
2019-04-04 13:40:00+00:00,2019-04-04 14:25:00+00:00,LONG,666.0,175.428771,175.180728,18.676638000016737,-165.19663800001598,stop
2019-04-05 13:40:00+00:00,2019-04-05 13:40:00+00:00,SHORT,664.0,175.691215,175.84934130000002,18.67586319999782,-104.99586320001367,stop
2019-04-08 13:40:00+00:00,2019-04-08 14:35:00+00:00,SHORT,664.0,175.4412275,175.84934130000002,18.667563199999904,-270.98756320001576,stop
2019-04-09 13:40:00+00:00,2019-04-09 13:40:00+00:00,SHORT,662.0,175.811209,175.9593534,18.631592800001442,-98.07159280000445,stop
2019-04-10 13:40:00+00:00,2019-04-10 13:40:00+00:00,SHORT,660.0,176.111194,176.2093809,18.603354000005652,-64.80335400000115,stop
2019-04-11 13:40:00+00:00,2019-04-11 20:00:00+00:00,SHORT,656.0,176.9811505,176.36881800000003,11.589880000010453,401.69011999998656,eod_flat
2019-04-12 13:40:00+00:00,2019-04-12 13:45:00+00:00,SHORT,658.0,177.04114750000002,177.2294931,18.651404799996328,-123.93140479999408,stop
2019-04-15 13:40:00+00:00,2019-04-15 13:50:00+00:00,LONG,657.0,177.33886650000002,177.14051239999998,18.62864370001958,-130.31864370003004,stop
2019-04-16 13:40:00+00:00,2019-04-16 13:45:00+00:00,SHORT,654.0,177.691115,177.87956460000004,18.606038400010505,-123.24603840002686,stop
2019-04-17 13:40:00+00:00,2019-04-17 20:00:00+00:00,SHORT,649.0,178.9810505,178.448922,11.598603500008096,345.3513964999993,eod_flat
2019-04-18 13:40:00+00:00,2019-04-18 20:00:00+00:00,SHORT,653.0,178.5410725,178.52892600000004,11.658335500019263,7.93166449998148,eod_flat
2019-04-22 13:40:00+00:00,2019-04-22 20:00:00+00:00,LONG,655.0,177.94889700000002,179.1810405,11.69600750001436,807.0539924999856,eod_flat
2019-04-23 13:40:00+00:00,2019-04-23 13:40:00+00:00,SHORT,654.0,179.491025,179.6597604,18.792951600010724,-110.3529516000018,stop
2019-04-24 13:40:00+00:00,2019-04-24 15:05:00+00:00,SHORT,646.0,181.5009245,181.7799936,18.7786386000098,-180.2786386000098,stop
2019-04-25 13:40:00+00:00,2019-04-25 20:00:00+00:00,SHORT,643.0,181.88090549999998,181.769088,11.691347500014842,71.89865249998223,eod_flat
2019-04-26 13:40:00+00:00,2019-04-26 19:05:00+00:00,SHORT,647.0,180.91095399999998,181.3999518,18.761576600008596,-316.3815766000138,stop
2019-04-29 13:40:00+00:00,2019-04-29 13:55:00+00:00,LONG,642.0,181.989099,181.7000108,18.674624400011623,-185.59462440000578,stop
2019-04-30 13:40:00+00:00,2019-04-30 14:30:00+00:00,LONG,645.0,180.9190455,180.2901659,18.627342000006735,-405.62734200000307,stop
2019-05-01 13:40:00+00:00,2019-05-01 13:45:00+00:00,SHORT,639.0,181.79091000000003,181.9600134,18.597072599997944,-108.05707259998923,stop
2019-05-02 13:40:00+00:00,2019-05-02 13:40:00+00:00,SHORT,645.0,180.0209985,180.31983300000002,18.598252500010517,-192.74825250001712,stop
2019-05-03 13:40:00+00:00,2019-05-03 13:50:00+00:00,SHORT,641.0,180.6609665,180.91989900000002,18.545732499997598,-165.97573250000926,stop
2019-05-06 13:40:00+00:00,2019-05-06 20:00:00+00:00,LONG,512.0,179.20896000000002,181.1209435,9.224448000008124,978.9355519999954,eod_flat
2019-05-07 13:40:00+00:00,2019-05-07 13:50:00+00:00,LONG,650.0,179.61898050000002,179.0603012,18.641545000014048,-363.1415450000148,stop
2019-05-08 13:40:00+00:00,2019-05-08 13:50:00+00:00,SHORT,658.0,176.811159,177.51952500000002,18.66482800000358,-466.10482800000807,stop
2019-05-09 13:40:00+00:00,2019-05-09 13:40:00+00:00,LONG,661.0,175.268763,174.89075989999998,18.510049100023082,-249.86004910001932,stop
2019-05-10 13:40:00+00:00,2019-05-10 13:40:00+00:00,SHORT,659.0,175.471226,175.8293391,18.52653289998983,-235.99653289999807,stop
2019-05-13 13:40:00+00:00,2019-05-13 13:55:00+00:00,LONG,669.0,172.46862300000004,171.65111629999998,18.401982300021388,-546.9119823000351,stop
2019-05-14 13:40:00+00:00,2019-05-14 13:40:00+00:00,LONG,671.0,171.20856,171.0611812,18.371174800024534,-98.89117480000851,stop
2019-05-15 13:40:00+00:00,2019-05-15 20:00:00+00:00,LONG,669.0,171.508575,174.6812655,11.580055500006893,2122.5299444999914,eod_flat
2019-05-16 13:40:00+00:00,2019-05-16 20:00:00+00:00,LONG,668.0,174.8587425,176.0611965,11.720728000006716,803.2392719999925,eod_flat
2019-05-17 13:40:00+00:00,2019-05-17 19:20:00+00:00,LONG,672.0,175.0187505,174.5307995,18.783072000020184,-327.90307200000643,stop
2019-05-20 13:40:00+00:00,2019-05-20 14:30:00+00:00,SHORT,683.0,171.8414075,172.28894970000002,18.811322599999443,-305.6713226000103,stop
2019-05-21 13:40:00+00:00,2019-05-21 13:50:00+00:00,LONG,676.0,173.268663,172.880981,18.713032000018302,-262.0730320000083,stop
2019-05-22 13:40:00+00:00,2019-05-22 17:15:00+00:00,LONG,676.0,172.88864400000003,172.3510393,18.66077720002727,-363.4207772000211,stop
2019-05-23 13:40:00+00:00,2019-05-23 20:00:00+00:00,SHORT,683.0,170.5014745,169.96849800000004,11.627050500014917,364.02294949997344,eod_flat
2019-05-24 13:40:00+00:00,2019-05-24 14:15:00+00:00,LONG,682.0,171.268563,170.8412054,18.657883200011042,-291.45788319999554,stop
2019-05-28 13:40:00+00:00,2019-05-28 14:35:00+00:00,LONG,682.0,170.8185405,170.2112747,18.59527560000629,-414.1552756000148,stop
2019-05-29 13:40:00+00:00,2019-05-29 14:20:00+00:00,SHORT,690.0,168.1215935,168.3985218,18.580527000005986,-191.080527000006,stop
2019-05-30 13:40:00+00:00,2019-05-30 15:05:00+00:00,LONG,687.0,168.63843150000002,168.2314925,18.507093000018642,-279.5670930000155,stop
2019-05-31 13:40:00+00:00,2019-05-31 14:50:00+00:00,SHORT,695.0,166.3016845,166.718337,18.523487500008002,-289.5734874999985,stop
2019-06-03 13:40:00+00:00,2019-06-03 13:45:00+00:00,LONG,696.0,165.7982895,165.38180599999998,18.432516000028045,-289.87251600001855,stop
2019-06-04 13:40:00+00:00,2019-06-04 13:40:00+00:00,LONG,701.0,164.068203,163.8219776,18.384005400010864,-172.60400540001007,stop
2019-06-05 13:40:00+00:00,2019-06-05 20:00:00+00:00,SHORT,684.0,167.9816005,168.02840100000003,11.491542000011236,-32.011542000012014,eod_flat
2019-06-06 13:40:00+00:00,2019-06-06 13:40:00+00:00,SHORT,683.0,168.0615965,168.34851630000003,18.38622340000117,-195.96622340001437,stop
2019-06-07 13:40:00+00:00,2019-06-07 20:00:00+00:00,LONG,673.0,170.30851500000003,172.4813755,11.534883500008874,1462.3351164999897,eod_flat
2019-06-10 13:40:00+00:00,2019-06-10 20:00:00+00:00,LONG,665.0,174.47872350000003,174.7412625,11.611565000017094,174.58843499998366,eod_flat
2019-06-11 13:40:00+00:00,2019-06-11 13:40:00+00:00,LONG,659.0,176.55882750000004,176.380596,18.60455850002134,-117.45455850002509,stop
2019-06-12 13:40:00+00:00,2019-06-12 20:00:00+00:00,SHORT,667.0,174.0812955,173.90869500000002,11.605466500006969,115.12453349999151,eod_flat
2019-06-13 13:40:00+00:00,2019-06-13 13:40:00+00:00,SHORT,666.0,174.5612715,174.75922140000003,18.61463340000671,-131.8346334000173,stop
2019-06-14 13:40:00+00:00,2019-06-14 14:50:00+00:00,SHORT,668.0,173.771311,174.0591444,18.592711200013355,-192.27271120000728,stop
2019-06-17 13:40:00+00:00,2019-06-17 20:00:00+00:00,LONG,664.0,174.69873450000003,175.0812455,11.612696000026745,253.98730399997703,eod_flat
2019-06-18 13:40:00+00:00,2019-06-18 13:40:00+00:00,SHORT,657.0,176.951152,177.2794986,18.623716200013348,-215.72371620000214,stop
2019-06-19 13:40:00+00:00,2019-06-19 18:05:00+00:00,SHORT,652.0,177.8011095,178.1695965,18.573524000008206,-240.25352400001043,stop
2019-06-20 13:40:00+00:00,2019-06-20 20:00:00+00:00,SHORT,641.0,180.42097850000002,180.2390115,11.559153000001686,116.64084700000924,eod_flat
2019-06-21 13:40:00+00:00,2019-06-21 13:45:00+00:00,SHORT,645.0,179.6410175,179.87978460000002,18.554779500006617,-154.00477950001175,stop
2019-06-24 13:40:00+00:00,2019-06-24 13:45:00+00:00,SHORT,642.0,180.1209935,180.3398352,18.516371400009746,-140.4963714000083,stop
2019-06-25 13:40:00+00:00,2019-06-25 20:00:00+00:00,SHORT,643.0,179.571021,176.6388315,11.452151500015674,1885.3978484999952,eod_flat
2019-06-26 13:40:00+00:00,2019-06-26 17:30:00+00:00,LONG,659.0,178.27891350000002,177.8204376,18.76561810001178,-302.13561810001625,stop
2019-06-27 13:40:00+00:00,2019-06-27 13:40:00+00:00,LONG,656.0,178.46892300000002,178.11040569999997,18.707348800021464,-235.18734880002967,stop
2019-06-28 13:40:00+00:00,2019-06-28 13:40:00+00:00,LONG,654.0,178.65893250000002,178.5103617,18.68530320000741,-97.16530320001038,stop
2019-07-01 13:40:00+00:00,2019-07-01 13:45:00+00:00,SHORT,643.0,181.650917,182.05002330000002,18.715350900015153,-256.6253509000181,stop
2019-07-02 13:40:00+00:00,2019-07-02 13:40:00+00:00,SHORT,646.0,180.50097449999998,180.8598924,18.680963400006704,-231.86096340001478,stop
2019-07-03 13:40:00+00:00,2019-07-03 13:40:00+00:00,SHORT,640.0,181.8609065,182.08002660000002,18.63686400001825,-140.2368640000168,stop
2019-07-05 13:40:00+00:00,2019-07-05 13:40:00+00:00,LONG,639.0,181.769088,181.62001959999998,18.574707600018087,-95.25470760002099,stop
2019-07-08 13:40:00+00:00,2019-07-08 19:45:00+00:00,SHORT,641.0,181.090945,181.44995730000002,18.596884300003268,-230.12688430001128,stop
2019-07-09 13:40:00+00:00,2019-07-09 20:00:00+00:00,LONG,641.0,180.71903550000002,182.3408825,11.636073000007883,1039.6039269999833,eod_flat
2019-07-10 13:40:00+00:00,2019-07-10 15:20:00+00:00,LONG,637.0,183.62918100000002,183.07985899999997,18.67811400002296,-349.9181140000295,stop
2019-07-11 13:40:00+00:00,2019-07-11 14:35:00+00:00,LONG,632.0,184.40922000000003,184.079749,18.62567200001854,-208.22567200002572,stop
2019-07-12 13:40:00+00:00,2019-07-12 14:45:00+00:00,LONG,632.0,184.17920850000002,183.97976,18.611452000018517,-126.05145200001061,stop
2019-07-15 13:40:00+00:00,2019-07-15 18:25:00+00:00,SHORT,628.0,185.14074250000002,185.3903907,18.619069599998056,-156.77906959999734,stop
2019-07-16 13:40:00+00:00,2019-07-16 14:20:00+00:00,LONG,626.0,185.28926400000003,185.079639,18.545250000024055,-131.22525000002832,stop
2019-07-17 13:40:00+00:00,2019-07-17 14:10:00+00:00,LONG,628.0,184.709235,184.479705,18.54484000001412,-144.14484000000698,stop
2019-07-18 13:40:00+00:00,2019-07-18 15:15:00+00:00,LONG,632.0,183.1791585,182.64990629999997,18.487390400019194,-334.4873904000192,stop
2019-07-19 13:40:00+00:00,2019-07-19 20:00:00+00:00,SHORT,624.0,184.870756,182.68913400000002,11.467872000007901,1361.332127999985,eod_flat
2019-07-22 13:40:00+00:00,2019-07-22 20:00:00+00:00,LONG,638.0,183.149157,183.9608015,11.710809000008055,517.8291909999999,eod_flat
2019-07-23 13:40:00+00:00,2019-07-23 19:30:00+00:00,SHORT,635.0,184.7407625,185.01034890000003,18.787364000017703,-171.18736400002348,stop
2019-07-24 13:40:00+00:00,2019-07-24 20:00:00+00:00,LONG,634.0,184.789239,186.34068249999999,11.764821000010613,983.6151789999851,eod_flat
2019-07-25 13:40:00+00:00,2019-07-25 20:00:00+00:00,SHORT,636.0,185.69071499999998,184.929246,11.78571600001544,484.2942839999853,eod_flat
2019-07-26 13:40:00+00:00,2019-07-26 20:00:00+00:00,LONG,637.0,186.3593175,186.73066300000002,11.88291649999789,236.54708350001152,eod_flat
2019-07-29 13:40:00+00:00,2019-07-29 20:00:00+00:00,SHORT,639.0,186.09069499999998,186.0793035,11.890831500017612,7.279168499983115,eod_flat
2019-07-30 13:40:00+00:00,2019-07-30 20:00:00+00:00,LONG,643.0,184.74923700000002,185.130743,11.891642000002577,245.3083579999828,eod_flat
2019-07-31 13:40:00+00:00,2019-07-31 14:15:00+00:00,SHORT,643.0,185.310734,185.720427,19.09259900000569,-263.43259900000277,stop
2019-08-01 13:40:00+00:00,2019-08-01 17:45:00+00:00,LONG,594.0,183.909195,182.88987989999998,17.413169400011498,-605.4731694000169,stop
2019-08-02 13:40:00+00:00,2019-08-02 13:40:00+00:00,SHORT,657.0,180.0209985,180.4698495,18.95510700002069,-294.89510700001244,stop
2019-08-05 13:40:00+00:00,2019-08-05 20:00:00+00:00,SHORT,674.0,175.031248,172.8786435,11.724566999994693,1450.855432999997,eod_flat
2019-08-06 13:40:00+00:00,2019-08-06 13:50:00+00:00,LONG,683.0,174.888744,174.2208336,19.06280320001676,-456.18280320000747,stop
2019-08-07 13:40:00+00:00,2019-08-07 13:40:00+00:00,SHORT,688.0,172.8213585,173.5590894,19.078859200015813,-507.55885920000173,stop
2019-08-08 13:40:00+00:00,2019-08-08 14:00:00+00:00,SHORT,670.0,176.6811655,177.28949970000002,18.983914000011737,-407.5839140000201,stop
2019-08-09 13:40:00+00:00,2019-08-09 13:50:00+00:00,LONG,658.0,179.3789685,178.93031549999998,18.85367400001303,-295.2136740000235,stop
2019-08-12 13:40:00+00:00,2019-08-12 14:30:00+00:00,SHORT,666.0,176.711164,177.5395272,18.88989120000076,-551.6898912000083,stop
2019-08-13 13:40:00+00:00,2019-08-13 20:00:00+00:00,LONG,665.0,176.13880650000002,180.17099100000001,11.847307500007815,2681.4026925,eod_flat
2019-08-14 13:40:00+00:00,2019-08-14 13:50:00+00:00,LONG,676.0,177.2988645,176.8105487,19.14148080002019,-330.10148080000636,stop
2019-08-15 13:40:00+00:00,2019-08-15 13:40:00+00:00,LONG,683.0,175.0787535,174.45080829999998,19.08657160002275,-428.8865716000189,stop
2019-08-16 13:40:00+00:00,2019-08-16 20:00:00+00:00,LONG,675.0,176.388819,177.3611315,11.93906250001504,656.310937499991,eod_flat
2019-08-19 13:40:00+00:00,2019-08-19 13:55:00+00:00,LONG,665.0,179.988999,179.6402374,19.126464000016057,-231.92646400001152,stop
2019-08-20 13:40:00+00:00,2019-08-20 15:00:00+00:00,SHORT,667.0,179.211039,179.7897747,19.166711899999058,-386.0167119000066,stop
2019-08-21 13:40:00+00:00,2019-08-21 13:45:00+00:00,SHORT,661.0,180.110994,180.419844,19.069850000003697,-204.14985000000445,stop
2019-08-22 13:40:00+00:00,2019-08-22 14:10:00+00:00,LONG,658.0,180.71903550000002,180.5001428,19.01139660001877,-144.03139660001727,stop
2019-08-23 13:40:00+00:00,2019-08-23 13:50:00+00:00,LONG,665.0,178.55892750000004,178.3003848,18.980895500020694,-171.9308955000328,stop
2019-08-26 13:40:00+00:00,2019-08-26 15:15:00+00:00,SHORT,674.0,175.891205,176.219382,18.99129799999963,-221.19129799998814,stop
2019-08-27 13:40:00+00:00,2019-08-27 13:40:00+00:00,SHORT,666.0,177.70111450000002,177.8695635,18.947033999996563,-112.18703399998748,stop
2019-08-28 13:40:00+00:00,2019-08-28 14:00:00+00:00,SHORT,675.0,175.0812455,175.94935230000002,18.972090000011832,-585.9720900000141,stop
2019-08-29 13:40:00+00:00,2019-08-29 14:40:00+00:00,LONG,655.0,179.628981,178.9703111,18.77878450000736,-431.4287845000044,stop
2019-08-30 13:40:00+00:00,2019-08-30 20:00:00+00:00,SHORT,650.0,180.330983,178.9189455,11.675625000006562,917.8243749999979,eod_flat
2019-09-03 13:40:00+00:00,2019-09-03 14:05:00+00:00,LONG,663.0,178.18890900000002,177.71044969999997,18.868515900024562,-317.21851590003587,stop
2019-09-04 13:40:00+00:00,2019-09-04 14:10:00+00:00,LONG,658.0,179.1589575,178.95031329999998,18.847883600020168,-137.28788360002466,stop
2019-09-05 13:40:00+00:00,2019-09-05 20:00:00+00:00,LONG,646.0,182.19910950000002,183.250837,11.804035000015006,679.4159649999806,eod_flat
2019-09-06 13:40:00+00:00,2019-09-06 14:55:00+00:00,SHORT,647.0,183.010849,183.5801916,18.98466220000438,-368.3646621999992,stop
2019-09-09 13:40:00+00:00,2019-09-09 20:00:00+00:00,SHORT,644.0,183.39083,182.6791335,11.787454000019466,458.33254599999225,eod_flat
2019-09-10 13:40:00+00:00,2019-09-10 16:25:00+00:00,SHORT,654.0,181.3009345,181.81999800000003,19.007529000004297,-339.46752900001024,stop
2019-09-11 13:40:00+00:00,2019-09-11 13:40:00+00:00,SHORT,648.0,182.350882,182.5300761,18.917776800007914,-116.11777679999318,stop
2019-09-12 13:40:00+00:00,2019-09-12 13:45:00+00:00,LONG,637.0,185.37926850000002,184.72967749999998,18.849467000024845,-413.78946700002774,stop
2019-09-13 13:40:00+00:00,2019-09-13 13:55:00+00:00,SHORT,640.0,183.9008045,184.4702895,18.870400000014342,-364.47040000000925,stop
2019-09-16 13:40:00+00:00,2019-09-16 16:00:00+00:00,LONG,641.0,182.9191455,182.61990959999997,18.74021190002034,-191.8102119000269,stop
2019-09-17 13:40:00+00:00,2019-09-17 13:45:00+00:00,SHORT,639.0,183.130843,183.36016740000002,18.73829160000463,-146.53829160001553,stop
2019-09-18 13:40:00+00:00,2019-09-18 19:35:00+00:00,SHORT,637.0,183.430828,183.720207,18.714423000003706,-184.3344229999979,stop
2019-09-19 13:40:00+00:00,2019-09-19 16:30:00+00:00,LONG,632.0,184.769238,184.25972919999998,18.649561600019297,-322.00956160001283,stop
2019-09-20 13:40:00+00:00,2019-09-20 13:40:00+00:00,SHORT,631.0,184.4007795,184.60030380000003,18.629833300012507,-125.89983330002255,stop
2019-09-23 13:40:00+00:00,2019-09-23 13:55:00+00:00,SHORT,639.0,182.0408975,182.5100739,18.6437196000073,-299.8037196000058,stop
2019-09-24 13:40:00+00:00,2019-09-24 13:40:00+00:00,SHORT,633.0,183.11084400000001,183.3401652,18.560319599998905,-145.1603195999917,stop
2019-09-25 13:40:00+00:00,2019-09-25 13:45:00+00:00,LONG,644.0,179.96899800000003,179.6302385,18.521118000022625,-218.1611180000241,stop
2019-09-26 13:40:00+00:00,2019-09-26 19:35:00+00:00,SHORT,638.0,181.230938,181.80999690000002,18.539578200015228,-369.43957820000435,stop
2019-09-27 13:40:00+00:00,2019-09-27 20:00:00+00:00,SHORT,636.0,181.310934,179.0789535,11.460402000005274,1419.5395979999948,eod_flat
2019-09-30 13:40:00+00:00,2019-09-30 13:40:00+00:00,LONG,648.0,179.93899650000003,179.5602462,18.630194400026767,-245.43019440002308,stop
2019-10-01 13:40:00+00:00,2019-10-01 14:10:00+00:00,LONG,640.0,181.96909800000003,181.3600482,18.591872000015428,-389.79187200002343,stop
2019-10-02 13:40:00+00:00,2019-10-02 20:00:00+00:00,SHORT,654.0,177.5011245,176.30881500000004,11.56958700000962,779.770412999977,eod_flat
2019-10-03 13:40:00+00:00,2019-10-03 14:05:00+00:00,LONG,662.0,176.55882750000004,175.80065979999998,18.64701740002647,-501.9070174000385,stop
2019-10-04 13:40:00+00:00,2019-10-04 20:00:00+00:00,LONG,649.0,179.20896000000002,180.870956,11.684596000012334,1078.6354039999921,eod_flat
2019-10-07 13:40:00+00:00,2019-10-07 13:40:00+00:00,LONG,650.0,180.53902650000003,180.17017909999998,18.75081000003007,-239.7508100000323,stop
2019-10-08 13:40:00+00:00,2019-10-08 13:40:00+00:00,LONG,654.0,179.108955,178.6903419,18.71296740001935,-273.77296740001043,stop
2019-10-09 13:40:00+00:00,2019-10-09 13:45:00+00:00,SHORT,654.0,178.7410625,179.19970980000002,18.73533420001121,-299.95533420001567,stop
2019-10-10 13:40:00+00:00,2019-10-10 20:00:00+00:00,LONG,649.0,179.60898,180.650967,11.690436999997587,676.249563000004,eod_flat
2019-10-11 13:40:00+00:00,2019-10-11 16:35:00+00:00,LONG,641.0,182.93914650000002,182.6599052,18.743673300015246,-178.99367330001525,stop
2019-10-14 13:40:00+00:00,2019-10-14 13:40:00+00:00,LONG,640.0,182.84914200000003,182.6699041,18.712256000017078,-114.71225600002072,stop
2019-10-15 13:40:00+00:00,2019-10-15 20:00:00+00:00,LONG,636.0,183.8791935,185.2407375,11.738016000009338,865.9419839999878,eod_flat
2019-10-16 13:40:00+00:00,2019-10-16 14:00:00+00:00,LONG,638.0,184.7392365,184.42971049999997,18.837588000020787,-197.4775880000215,stop
2019-10-17 13:40:00+00:00,2019-10-17 13:40:00+00:00,LONG,633.0,185.97929850000003,185.8995488,18.831560100015736,-50.48156010002293,stop
2019-10-18 13:40:00+00:00,2019-10-18 14:05:00+00:00,LONG,635.0,185.28926400000003,184.9596522,18.803493000016687,-209.3034930000239,stop
2019-10-21 13:40:00+00:00,2019-10-21 13:40:00+00:00,SHORT,636.0,184.4007795,184.7103159,18.785150400007637,-196.86515040000836,stop
2019-10-22 13:40:00+00:00,2019-10-22 13:40:00+00:00,LONG,630.0,186.049302,185.7895609,18.736893000015016,-163.63689300000857,stop
2019-10-23 13:40:00+00:00,2019-10-23 13:40:00+00:00,SHORT,639.0,183.11084400000001,183.5001828,18.74749320000319,-248.78749319999375,stop
2019-10-24 13:40:00+00:00,2019-10-24 15:30:00+00:00,SHORT,630.0,185.3607315,185.58041160000002,18.698463000004608,-138.39846300000318,stop
2019-10-25 13:40:00+00:00,2019-10-25 20:00:00+00:00,LONG,630.0,185.27926350000004,187.150642,11.731545000014592,1178.9684549999768,eod_flat
2019-10-28 13:40:00+00:00,2019-10-28 20:00:00+00:00,LONG,625.0,188.629431,189.1605415,11.805937500000141,331.9440624999892,eod_flat
2019-10-29 13:40:00+00:00,2019-10-29 13:40:00+00:00,LONG,625.0,188.94944700000002,188.79922979999998,18.885750000023904,-93.88575000002675,stop
2019-10-30 13:40:00+00:00,2019-10-30 14:55:00+00:00,SHORT,629.0,187.710614,188.0906877,18.916357300001664,-239.0663572999981,stop
2019-10-31 13:40:00+00:00,2019-10-31 13:40:00+00:00,SHORT,623.0,189.0405475,189.1808076,18.85204230001301,-87.3820423000038,stop
2019-11-01 13:40:00+00:00,2019-11-01 13:55:00+00:00,SHORT,622.0,189.370531,189.720867,18.868992000003402,-217.90899199999916,stop
2019-11-04 14:40:00+00:00,2019-11-04 15:05:00+00:00,LONG,613.0,191.80959000000004,191.51893059999998,18.794212200028994,-178.17421220004084,stop
2019-11-05 14:40:00+00:00,2019-11-05 15:05:00+00:00,SHORT,612.0,191.6604165,191.96111340000002,18.786502800005792,-184.02650280001205,stop
2019-11-06 14:40:00+00:00,2019-11-06 21:00:00+00:00,SHORT,613.0,191.070446,191.18955900000003,11.716269000020105,-73.01626900001662,eod_flat
2019-11-07 14:40:00+00:00,2019-11-07 14:40:00+00:00,SHORT,609.0,192.150392,192.36115740000002,18.736128600004292,-128.35612860000845,stop
2019-11-08 14:40:00+00:00,2019-11-08 15:00:00+00:00,LONG,610.0,191.59957950000003,191.39894379999998,18.687777000020276,-122.38777700002998,stop
2019-11-11 14:40:00+00:00,2019-11-11 14:45:00+00:00,LONG,609.0,191.71958550000002,191.50893169999998,18.66816420002357,-128.28816420002772,stop
2019-11-12 14:40:00+00:00,2019-11-12 19:55:00+00:00,LONG,605.0,192.73963650000002,192.478825,18.640957500016384,-157.7909575000102,stop
2019-11-13 14:40:00+00:00,2019-11-13 21:00:00+00:00,LONG,605.0,192.51962550000002,192.7403625,11.654115000014258,133.54588499999124,eod_flat
2019-11-14 14:40:00+00:00,2019-11-14 16:00:00+00:00,LONG,606.0,192.49962450000004,192.1988558,18.645832200023335,-182.26583220002954,stop
2019-11-15 14:40:00+00:00,2019-11-15 16:05:00+00:00,SHORT,601.0,193.6603165,194.08134660000002,18.649090100005708,-253.0390901000146,stop
2019-11-18 14:40:00+00:00,2019-11-18 16:15:00+00:00,SHORT,600.0,193.670316,194.02134,18.614400000001297,-210.6143999999972,stop
2019-11-19 14:40:00+00:00,2019-11-19 21:00:00+00:00,SHORT,595.0,194.94025249999999,194.75973750000003,11.593575000018745,107.40642499997449,eod_flat
2019-11-20 14:40:00+00:00,2019-11-20 17:05:00+00:00,LONG,598.0,194.27971350000004,194.06865009999999,18.575913200030186,-126.21591320003427,stop
2019-11-21 14:40:00+00:00,2019-11-21 15:15:00+00:00,SHORT,601.0,192.99035,193.4312751,18.585985099994218,-264.99598509999214,stop
2019-11-22 14:40:00+00:00,2019-11-22 14:40:00+00:00,SHORT,598.0,193.5003245,193.6312971,18.521614799990516,-78.32161480000411,stop
2019-11-25 14:40:00+00:00,2019-11-25 21:00:00+00:00,LONG,594.0,194.60973,195.48022550000002,11.585673000006352,517.0743270000024,eod_flat
2019-11-26 14:40:00+00:00,2019-11-26 15:00:00+00:00,SHORT,594.0,195.6002195,195.79153470000003,18.601228800013644,-113.64122880001162,stop
2019-11-27 14:40:00+00:00,2019-11-27 14:40:00+00:00,SHORT,591.0,196.3801805,196.49161170000002,18.57583920000846,-65.85583920001585,stop
2019-11-29 14:40:00+00:00,2019-11-29 14:40:00+00:00,SHORT,590.0,196.7401625,196.8716535,18.57969000000992,-77.57969000000656,stop
2019-12-02 14:40:00+00:00,2019-12-02 21:00:00+00:00,SHORT,591.0,196.090195,194.20971,11.53336500000745,1111.366634999996,eod_flat
2019-12-03 14:40:00+00:00,2019-12-03 14:50:00+00:00,LONG,610.0,191.84959200000003,191.1289735,18.677285000019026,-439.57728500001764,stop
2019-12-04 14:40:00+00:00,2019-12-04 14:40:00+00:00,SHORT,602.0,193.650317,193.9013268,18.667899599995508,-151.10789959999482,stop
2019-12-05 14:40:00+00:00,2019-12-05 21:00:00+00:00,SHORT,600.0,194.19028999999998,194.07970350000002,11.648100000024897,66.35189999997237,eod_flat
2019-12-06 14:40:00+00:00,2019-12-06 21:00:00+00:00,LONG,596.0,195.63978150000003,196.1801905,11.676236000011727,322.0837639999896,eod_flat
2019-12-09 14:40:00+00:00,2019-12-09 17:50:00+00:00,LONG,595.0,196.18980900000003,195.90844769999998,18.659973500025586,-167.4099735000256,stop
2019-12-10 14:40:00+00:00,2019-12-10 15:10:00+00:00,SHORT,597.0,195.29023500000002,195.5315061,18.66884669999874,-144.03884669998652,stop
2019-12-11 14:40:00+00:00,2019-12-11 14:50:00+00:00,SHORT,596.0,195.5802205,195.70152480000002,18.657362800009764,-72.2973628000118,stop
2019-12-12 14:40:00+00:00,2019-12-12 14:40:00+00:00,SHORT,594.0,195.9602015,196.2815886,18.643937399993604,-190.90393739998888,stop
2019-12-13 14:40:00+00:00,2019-12-13 14:40:00+00:00,SHORT,589.0,197.2801355,197.7617514,18.621765099994917,-283.67176510000496,stop
2019-12-16 14:40:00+00:00,2019-12-16 21:00:00+00:00,LONG,580.0,199.89999450000002,200.289985,11.605510000024992,226.19448999998951,eod_flat
2019-12-18 14:40:00+00:00,2019-12-18 14:55:00+00:00,LONG,579.0,200.79003900000004,200.5879329,18.589431900028814,-117.01943190002157,stop
2019-12-19 14:40:00+00:00,2019-12-19 21:00:00+00:00,LONG,577.0,201.03005100000004,201.78991000000002,11.621357000013688,438.438642999987,eod_flat
2019-12-20 14:40:00+00:00,2019-12-20 14:40:00+00:00,SHORT,575.0,202.7998595,202.9323201,18.66484500000425,-76.16484500000098,stop
2019-12-23 14:40:00+00:00,2019-12-23 14:40:00+00:00,SHORT,572.0,203.4198285,203.51238390000003,18.621688800020138,-52.94168880002144,stop
2019-12-24 14:40:00+00:00,2019-12-24 18:00:00+00:00,SHORT,573.0,203.21983849999998,203.230161,11.64479250001159,-5.914792500016802,eod_flat
2019-12-26 14:40:00+00:00,2019-12-26 21:00:00+00:00,LONG,571.0,203.82019050000002,204.8997545,11.668956000010212,616.4310439999865,eod_flat
2019-12-27 14:40:00+00:00,2019-12-27 21:00:00+00:00,SHORT,568.0,205.829708,204.8002395,11.661892000002354,584.7381080000041,eod_flat
2019-12-30 14:40:00+00:00,2019-12-30 21:00:00+00:00,SHORT,575.0,204.369781,203.4801735,11.725687500008064,511.52431249998995,eod_flat
2019-12-31 14:40:00+00:00,2019-12-31 21:00:00+00:00,LONG,581.0,203.29016400000003,204.029798,11.832646000013995,429.7273539999807,eod_flat
2020-01-02 14:40:00+00:00,2020-01-02 15:20:00+00:00,LONG,575.0,206.04030150000003,205.5673851,18.926930000019127,-271.9269300000178,stop
2020-01-03 14:40:00+00:00,2020-01-03 21:00:00+00:00,LONG,481.0,205.9002945,205.7397125,9.89994200000902,-77.23994200000246,eod_flat
2020-01-06 14:40:00+00:00,2020-01-06 21:00:00+00:00,LONG,578.0,204.46022250000001,206.7796605,11.88483600000717,1340.6351639999948,eod_flat
2020-01-07 14:40:00+00:00,2020-01-07 14:40:00+00:00,LONG,578.0,206.93034600000001,206.65726519999998,19.120702400029018,-157.84070240001785,stop
2020-01-08 14:40:00+00:00,2020-01-08 21:00:00+00:00,LONG,576.0,207.09035400000005,208.3395825,11.964384000013524,719.555615999976,eod_flat
2020-01-09 14:40:00+00:00,2020-01-09 14:40:00+00:00,LONG,571.0,210.32051550000003,210.01689559999997,19.196962900027216,-173.36696290003306,stop
2020-01-10 14:40:00+00:00,2020-01-10 15:45:00+00:00,SHORT,570.0,210.429478,210.9932067,19.225359000006677,-321.3253590000073,stop
2020-01-13 14:40:00+00:00,2020-01-13 14:40:00+00:00,LONG,568.0,210.46052250000002,210.35685819999998,19.121322400031204,-58.88132240002733,stop
2020-01-14 14:40:00+00:00,2020-01-14 17:40:00+00:00,SHORT,564.0,211.7594115,212.0733255,19.127496000005635,-177.04749600000628,stop
2020-01-15 14:40:00+00:00,2020-01-15 18:35:00+00:00,LONG,564.0,211.570578,211.1867669,19.069460400004687,-216.46946040000148,stop
2020-01-16 14:40:00+00:00,2020-01-16 16:15:00+00:00,LONG,560.0,212.54062650000003,212.10666569999998,19.018048000025374,-243.01804800002856,stop
2020-01-17 14:40:00+00:00,2020-01-17 20:55:00+00:00,SHORT,556.0,213.78931,214.29356970000003,19.048393200019632,-280.368393200019,stop
2020-01-21 14:40:00+00:00,2020-01-21 19:05:00+00:00,LONG,554.0,213.94069650000003,213.6564952,18.94752020001937,-157.44752020001937,stop
2020-01-22 14:40:00+00:00,2020-01-22 14:40:00+00:00,SHORT,550.0,215.2992345,215.3936907,18.950909999996668,-51.95090999999792,stop
2020-01-23 14:40:00+00:00,2020-01-23 15:10:00+00:00,SHORT,553.0,213.99929949999998,214.86363240000003,18.98609370002106,-477.97609370002795,stop
2020-01-24 14:40:00+00:00,2020-01-24 21:00:00+00:00,SHORT,545.0,216.27918549999998,213.8006895,11.71968000001172,1350.7803199999883,eod_flat
2020-01-27 14:40:00+00:00,2020-01-27 21:00:00+00:00,LONG,570.0,209.23046100000002,209.2195385,11.925825000006682,-6.2258250000118665,eod_flat
2020-01-28 14:40:00+00:00,2020-01-28 15:25:00+00:00,SHORT,566.0,210.65946649999998,211.10321880000004,19.103801800017948,-251.1638018000321,stop
2020-01-29 14:40:00+00:00,2020-01-29 14:40:00+00:00,LONG,557.0,213.70068450000002,213.4365194,19.02996070001339,-147.1399607000077,stop
2020-01-30 14:40:00+00:00,2020-01-30 15:50:00+00:00,LONG,560.0,212.35061700000003,211.25675919999998,18.960368000027756,-612.560368000029,stop
2020-01-31 14:40:00+00:00,2020-01-31 21:00:00+00:00,SHORT,553.0,213.7193135,210.38051850000002,11.72636500000499,1846.3536349999868,eod_flat
2020-02-03 14:40:00+00:00,2020-02-03 21:00:00+00:00,LONG,567.0,211.88059350000003,213.269336,12.053002500010535,787.4169974999875,eod_flat
2020-02-04 14:40:00+00:00,2020-02-04 14:50:00+00:00,SHORT,560.0,215.909204,216.55381830000002,19.384008000008635,-360.9840080000163,stop
2020-02-05 14:40:00+00:00,2020-02-05 21:00:00+00:00,SHORT,547.0,220.25898650000002,218.86094250000002,12.0099320000094,764.7300679999993,eod_flat
2020-02-06 14:40:00+00:00,2020-02-06 15:00:00+00:00,SHORT,553.0,219.129043,219.7941747,19.427830099996555,-367.81783010000976,stop
2020-02-07 14:40:00+00:00,2020-02-07 15:35:00+00:00,SHORT,551.0,219.3990295,220.224222,19.391067499996552,-454.6810674999922,stop
2020-02-10 14:40:00+00:00,2020-02-10 21:00:00+00:00,LONG,548.0,220.01100000000002,222.38888,12.121760000016138,1303.078239999987,eod_flat
2020-02-11 14:40:00+00:00,2020-02-11 15:10:00+00:00,SHORT,545.0,223.22883800000002,223.9146279,19.50549549999863,-373.75549549998624,stop
2020-02-12 14:40:00+00:00,2020-02-12 14:50:00+00:00,LONG,541.0,224.30121450000001,223.8453743,19.389548200012968,-246.6095482000062,stop
2020-02-13 14:40:00+00:00,2020-02-13 21:00:00+00:00,LONG,542.0,223.671183,224.468776,12.14459400000834,432.29540599998796,eod_flat
2020-02-14 14:40:00+00:00,2020-02-14 14:40:00+00:00,LONG,540.0,225.28126350000002,224.67528299999998,19.429470000011975,-327.22947000002364,stop
2020-02-18 14:40:00+00:00,2020-02-18 21:00:00+00:00,LONG,540.0,224.61123,225.268736,12.146760000012478,355.0532399999912,eod_flat
2020-02-19 14:40:00+00:00,2020-02-19 21:00:00+00:00,LONG,537.0,226.61133,227.4386275,12.19124250000445,444.2587574999925,eod_flat
2020-02-20 14:40:00+00:00,2020-02-20 14:40:00+00:00,LONG,537.0,227.13135600000004,226.7350564,19.492885200018833,-212.81288520002616,stop
2020-02-21 14:40:00+00:00,2020-02-21 21:00:00+00:00,SHORT,544.0,223.9188035,221.1810585,12.10672000001614,1489.3332799999944,eod_flat
2020-02-24 14:40:00+00:00,2020-02-24 21:00:00+00:00,LONG,279.0,213.56067750000003,212.7593615,5.9471640000036246,-223.56716400000394,eod_flat
2020-02-25 14:40:00+00:00,2020-02-25 21:00:00+00:00,SHORT,470.0,213.5993195,206.71033500000001,9.877285000015377,3237.8227149999966,eod_flat
2020-02-26 14:40:00+00:00,2020-02-26 17:20:00+00:00,LONG,606.0,208.50042450000004,207.66715409999998,20.16186240002969,-504.9618624000366,stop
2020-02-27 14:40:00+00:00,2020-02-27 14:40:00+00:00,SHORT,529.0,202.029898,203.2323531,17.16874789999622,-636.0987479000046,stop
2020-02-28 14:40:00+00:00,2020-02-28 21:00:00+00:00,LONG,181.0,193.60968000000003,195.9202035,3.5252465000044424,418.2047534999978,eod_flat
2020-03-02 14:40:00+00:00,2020-03-02 15:55:00+00:00,SHORT,419.0,199.6800155,201.2121309,13.456352600003868,-641.9563526000038,stop
2020-03-03 14:40:00+00:00,2020-03-03 15:05:00+00:00,SHORT,504.0,207.129643,208.39292070000002,16.77196080000681,-636.691960800016,stop
2020-03-04 14:40:00+00:00,2020-03-04 14:40:00+00:00,LONG,607.0,204.9602475,204.51750059999998,19.877368300021175,-268.7473683000191,stop
2020-03-05 14:40:00+00:00,2020-03-05 17:45:00+00:00,LONG,456.0,205.10025450000003,203.6975908,14.894647200013196,-639.6146472000153,stop
2020-03-06 14:40:00+00:00,2020-03-06 14:55:00+00:00,LONG,527.0,197.25986250000003,196.04843229999997,16.563715400023852,-638.4237154000275,stop
2020-03-09 13:50:00+00:00,2020-03-09 13:50:00+00:00,LONG,520.0,185.1992595,184.9196566,15.393508000007614,-145.3935080000076,stop
2020-03-10 13:40:00+00:00,2020-03-10 14:15:00+00:00,SHORT,637.0,192.59037,193.11123990000002,19.664126299999367,-331.79412630000513,stop
2020-03-11 13:40:00+00:00,2020-03-11 13:45:00+00:00,LONG,489.0,192.09960450000003,190.8490043,14.963497800018388,-611.5434978000178,stop
2020-03-12 13:40:00+00:00,2020-03-12 13:55:00+00:00,LONG,574.0,174.74873700000003,173.6608952,15.981193200018879,-624.4211932000202,stop
2020-03-13 13:40:00+00:00,2020-03-13 19:55:00+00:00,SHORT,296.0,179.1010445,181.1599254,8.548746400005484,-609.4287463999974,stop
2020-03-17 13:40:00+00:00,2020-03-17 13:40:00+00:00,LONG,714.0,168.68843400000003,167.9315255,19.212669000013477,-540.4326690000264,stop
2020-03-18 13:40:00+00:00,2020-03-18 17:20:00+00:00,LONG,173.0,167.28836400000003,163.8519743,4.565418100006639,-594.4954181000061,stop
2020-03-19 13:40:00+00:00,2020-03-19 14:00:00+00:00,SHORT,255.0,166.6416675,168.94858230000003,6.863274000003656,-588.263274000004,stop
2020-03-20 13:40:00+00:00,2020-03-20 13:40:00+00:00,SHORT,681.0,174.35128200000003,174.6092049,19.01549489999522,-175.64549489998825,stop
2020-03-23 13:40:00+00:00,2020-03-23 14:00:00+00:00,SHORT,724.0,163.73181300000002,164.5380972,19.02976079999428,-583.7497607999951,stop
2020-03-24 13:40:00+00:00,2020-03-24 13:45:00+00:00,LONG,322.0,173.90869500000002,172.0310745,8.893801000012957,-604.5938010000111,stop
2020-03-25 13:40:00+00:00,2020-03-25 14:00:00+00:00,LONG,210.0,178.40892000000002,175.6106807,5.930253000005052,-587.6302530000072,stop
2020-03-26 13:40:00+00:00,2020-03-26 20:00:00+00:00,LONG,456.0,177.86889300000004,185.0807455,8.27526000001194,3288.6047399999834,eod_flat
2020-03-27 13:40:00+00:00,2020-03-27 13:45:00+00:00,LONG,668.0,179.83899150000002,179.3102737,19.183490400006463,-353.18349040000646,stop
2020-03-30 13:40:00+00:00,2020-03-30 13:45:00+00:00,LONG,443.0,181.02905100000004,179.6402374,12.76442480001549,-615.2444248000215,stop
2020-03-31 13:40:00+00:00,2020-03-31 13:40:00+00:00,SHORT,647.0,184.1807905,184.4602884,19.085141299997105,-180.8351412999971,stop
2020-04-01 13:40:00+00:00,2020-04-01 16:30:00+00:00,LONG,667.0,178.37891850000003,177.5704651,18.978417800011897,-539.2384178000127,stop
2020-04-02 13:40:00+00:00,2020-04-02 13:50:00+00:00,LONG,320.0,176.12880600000003,174.2308325,8.951520000009623,-607.3515200000111,stop
2020-04-03 13:40:00+00:00,2020-04-03 14:25:00+00:00,LONG,517.0,178.948947,177.8104387,14.73879110001397,-588.6087911000063,stop
2020-04-06 13:40:00+00:00,2020-04-06 13:55:00+00:00,SHORT,574.0,182.310884,183.3701685,16.809303000009777,-608.0293030000105,stop
2020-04-07 13:40:00+00:00,2020-04-07 20:00:00+00:00,SHORT,577.0,193.85030700000002,189.41947050000002,11.057339500010954,2556.592660499999,eod_flat
2020-04-08 13:40:00+00:00,2020-04-08 13:40:00+00:00,LONG,624.0,190.92954600000002,190.4490483,19.03056480002533,-299.83056480001824,stop
2020-04-09 13:40:00+00:00,2020-04-09 13:45:00+00:00,SHORT,555.0,193.570321,194.6514093,17.254006500012053,-600.0040065000026,stop
2020-04-13 13:40:00+00:00,2020-04-13 13:50:00+00:00,LONG,615.0,192.31961550000003,191.95888219999998,18.900979500022714,-221.8509795000304,stop
2020-04-14 13:40:00+00:00,2020-04-14 20:00:00+00:00,LONG,496.0,199.69998450000003,203.6198185,10.002336000008654,1944.2376639999902,eod_flat
2020-04-15 13:40:00+00:00,2020-04-15 13:45:00+00:00,LONG,598.0,200.64003150000002,200.07798899999997,19.161415000027205,-336.1014150000279,stop
2020-04-16 13:40:00+00:00,2020-04-16 14:50:00+00:00,SHORT,588.0,203.4798255,204.122451,19.183794000013563,-377.8637940000049,stop
2020-04-17 13:40:00+00:00,2020-04-17 20:00:00+00:00,SHORT,477.0,206.929653,207.01035000000002,9.87246900000602,-38.492469000007105,eod_flat
2020-04-20 13:40:00+00:00,2020-04-20 19:10:00+00:00,LONG,580.0,205.57027800000003,204.87746099999998,19.033860000029676,-401.8338600000277,stop
2020-04-21 13:40:00+00:00,2020-04-21 20:00:00+00:00,SHORT,566.0,201.9899,196.68983400000002,11.282644000003586,2999.8373559999927,eod_flat
2020-04-22 13:40:00+00:00,2020-04-22 13:40:00+00:00,SHORT,607.0,200.71996349999998,201.3421452,19.53429190001441,-377.66429190001645,stop
2020-04-23 13:40:00+00:00,2020-04-23 16:50:00+00:00,LONG,446.0,204.6802335,203.2876359,14.538529600013817,-621.0985296000072,stop
2020-04-24 13:40:00+00:00,2020-04-24 14:40:00+00:00,SHORT,596.0,202.5398725,203.42237400000002,19.370894000014005,-525.9708940000106,stop
2020-04-27 13:40:00+00:00,2020-04-27 14:00:00+00:00,SHORT,580.0,207.23963750000001,207.92286900000002,19.27426999999966,-396.27427000000296,stop
2020-04-28 13:40:00+00:00,2020-04-28 20:00:00+00:00,SHORT,575.0,208.4995745,203.25016200000002,11.837812500002798,3018.412187499987,eod_flat
2020-04-29 13:40:00+00:00,2020-04-29 13:45:00+00:00,SHORT,592.0,207.5796205,208.01287890000003,19.68897280001329,-256.48897280001665,stop
2020-04-30 13:40:00+00:00,2020-04-30 20:00:00+00:00,SHORT,582.0,210.58947,210.72053550000004,12.260121000011736,-76.28012100001968,eod_flat
2020-05-01 13:40:00+00:00,2020-05-01 15:35:00+00:00,LONG,428.0,207.4803735,206.01733559999997,14.140221200016754,-626.1802212000197,stop
2020-05-04 13:40:00+00:00,2020-05-04 20:00:00+00:00,LONG,599.0,203.73018600000003,206.6196685,12.289982500023655,1730.8000174999743,eod_flat
2020-05-05 13:40:00+00:00,2020-05-05 19:40:00+00:00,LONG,590.0,209.63048100000003,208.7470353,19.732963000026018,-521.2329630000227,stop
2020-05-06 13:40:00+00:00,2020-05-06 14:00:00+00:00,LONG,583.0,211.31056500000003,210.5568362,19.663890400019937,-439.4238904000193,stop
2020-05-07 13:40:00+00:00,2020-05-07 13:40:00+00:00,LONG,575.0,213.3806685,212.93657439999998,19.60410750001884,-255.35410750001688,stop
2020-05-08 13:40:00+00:00,2020-05-08 14:20:00+00:00,SHORT,571.0,214.3592815,215.16366539999999,19.633206899996907,-459.30320689998655,stop
2020-05-11 13:40:00+00:00,2020-05-11 20:00:00+00:00,LONG,566.0,215.43077100000002,218.38908,12.27710600001842,1674.4028939999919,eod_flat
2020-05-12 13:40:00+00:00,2020-05-12 20:00:00+00:00,SHORT,566.0,218.369081,214.03070100000002,12.236920000007274,2455.5230799999845,eod_flat
2020-05-13 13:40:00+00:00,2020-05-13 14:05:00+00:00,SHORT,394.0,212.93935249999998,214.56359940000002,13.493278600010967,-639.9532786000123,stop
2020-05-14 13:40:00+00:00,2020-05-14 13:45:00+00:00,LONG,598.0,209.930496,209.44695829999998,20.05554460002344,-289.15554460001664,stop
2020-05-15 13:40:00+00:00,2020-05-15 13:40:00+00:00,LONG,595.0,210.50052450000004,210.21687359999999,20.022285500032524,-168.77228550003252,stop
2020-05-18 13:40:00+00:00,2020-05-18 13:40:00+00:00,SHORT,576.0,217.18913999999998,217.76395140000002,20.05136640001365,-331.09136640002544,stop
2020-05-19 13:40:00+00:00,2020-05-19 19:55:00+00:00,LONG,569.0,219.09095400000004,218.5659551,19.914374100019046,-298.7243741000242,stop
2020-05-20 13:40:00+00:00,2020-05-20 20:00:00+00:00,LONG,563.0,221.0210505,222.33888249999998,12.480584000012357,741.9394159999896,eod_flat
2020-05-21 13:40:00+00:00,2020-05-21 13:40:00+00:00,SHORT,562.0,222.54887200000002,222.7444992,20.02248639999624,-109.94248639999432,stop
2020-05-22 13:40:00+00:00,2020-05-22 13:55:00+00:00,SHORT,569.0,219.5590215,219.9141879,20.009681600004825,-202.08968160000094,stop
2020-05-26 13:40:00+00:00,2020-05-26 20:00:00+00:00,SHORT,558.0,223.81880850000002,220.14100650000003,12.38648400001756,2052.213515999992,eod_flat
2020-05-27 13:40:00+00:00,2020-05-27 18:55:00+00:00,SHORT,578.0,219.60901900000002,220.29422970000002,20.35178459999611,-396.0517845999994,stop
2020-05-28 13:40:00+00:00,2020-05-28 20:00:00+00:00,LONG,573.0,220.69103400000003,220.6389675,12.644104500012844,-29.834104500013495,eod_flat
2020-05-29 13:40:00+00:00,2020-05-29 13:40:00+00:00,LONG,570.0,221.66108250000002,221.13567239999998,20.18375700002025,-299.48375700002543,stop
2020-06-01 13:40:00+00:00,2020-06-01 20:00:00+00:00,LONG,564.0,223.85119200000003,225.18874,12.66292800000872,754.377071999983,eod_flat
2020-06-02 13:40:00+00:00,2020-06-02 14:25:00+00:00,SHORT,564.0,224.968751,225.51480390000003,20.333835600008797,-307.9738356000197,stop
2020-06-03 13:40:00+00:00,2020-06-03 13:40:00+00:00,LONG,557.0,227.21136,226.67506299999997,20.217429000026357,-298.71742900002636,stop
2020-06-04 13:40:00+00:00,2020-06-04 15:15:00+00:00,LONG,556.0,227.33136600000003,226.9350344,20.200369600021986,-220.36036960001377,stop
2020-06-05 13:40:00+00:00,2020-06-05 20:00:00+00:00,LONG,554.0,227.45137200000002,230.21848849999998,12.677459000019098,1532.9825409999764,eod_flat
2020-06-08 13:40:00+00:00,2020-06-08 13:40:00+00:00,SHORT,554.0,230.1584915,230.42534400000002,20.41628500000502,-147.8362850000151,stop
2020-06-09 13:40:00+00:00,2020-06-09 20:00:00+00:00,LONG,550.0,231.57157800000002,233.8183085,12.79822500001444,1235.7017749999911,eod_flat
2020-06-10 13:40:00+00:00,2020-06-10 13:40:00+00:00,SHORT,547.0,235.34823200000002,236.0059578,20.636012600002203,-359.77601259998914,stop
2020-06-11 13:40:00+00:00,2020-06-11 14:15:00+00:00,SHORT,551.0,232.948352,233.625696,20.5765440000103,-373.2165440000028,stop
2020-06-12 13:40:00+00:00,2020-06-12 14:15:00+00:00,LONG,556.0,230.14150650000002,229.42476049999996,20.430776000028118,-398.5107760000319,stop
2020-06-15 13:40:00+00:00,2020-06-15 13:40:00+00:00,SHORT,510.0,222.9388525,224.2146609,18.262284000003888,-650.6622840000085,stop
2020-06-16 13:40:00+00:00,2020-06-16 13:45:00+00:00,SHORT,543.0,233.928303,234.5758005,20.36114250000034,-351.5911425000078,stop
2020-06-18 13:40:00+00:00,2020-06-18 13:40:00+00:00,LONG,540.0,234.41172000000003,233.79427979999997,20.217708000026278,-333.41770800003303,stop
2020-06-19 13:40:00+00:00,2020-06-19 13:45:00+00:00,SHORT,532.0,237.128143,237.30610080000002,20.193549600008055,-94.67354960001592,stop
2020-06-22 13:40:00+00:00,2020-06-22 13:55:00+00:00,SHORT,537.0,234.78826,235.15586430000002,20.193509100014268,-197.40350910000572,stop
2020-06-23 13:40:00+00:00,2020-06-23 13:40:00+00:00,SHORT,527.0,238.888055,239.3363241,20.167815700004184,-236.2378157000024,stop
2020-06-24 13:40:00+00:00,2020-06-24 13:55:00+00:00,LONG,525.0,239.30196450000003,238.7537342,20.070907500019786,-287.820907500015,stop
2020-06-25 13:40:00+00:00,2020-06-25 13:40:00+00:00,LONG,534.0,235.06175250000004,234.6541852,20.06093820001854,-217.64093820002097,stop
2020-06-26 13:40:00+00:00,2020-06-26 20:00:00+00:00,SHORT,529.0,236.5581715,230.97154800000004,12.366168500021331,2955.3238314999708,eod_flat
2020-06-29 13:40:00+00:00,2020-06-29 14:30:00+00:00,SHORT,556.0,230.56847100000002,231.49546170000002,20.566829200010147,-515.4068292000026,stop
2020-06-30 13:40:00+00:00,2020-06-30 20:00:00+00:00,LONG,545.0,234.37171800000004,238.9580515,12.898242500010184,2499.5517574999817,eod_flat
2020-07-01 13:40:00+00:00,2020-07-01 13:40:00+00:00,LONG,544.0,239.11195500000002,238.2837859,20.763990400017974,-450.52399040001364,stop
2020-07-02 13:40:00+00:00,2020-07-02 14:30:00+00:00,LONG,531.0,244.29221400000003,243.61319959999997,20.716646400022228,-360.5566464000301,stop
2020-07-06 13:40:00+00:00,2020-07-06 20:00:00+00:00,LONG,525.0,246.4023195,248.89755449999998,13.001625000016048,1309.9983749999892,eod_flat
2020-07-07 13:40:00+00:00,2020-07-07 13:40:00+00:00,LONG,524.0,249.45247200000003,248.1826969,20.842152400022314,-665.362152400017,stop
2020-07-08 13:40:00+00:00,2020-07-08 15:20:00+00:00,LONG,521.0,249.3024645,248.3326804,20.727516100025156,-505.2575161000139,stop
2020-07-09 13:40:00+00:00,2020-07-09 13:40:00+00:00,LONG,513.0,252.45262200000002,251.9222855,20.692624500012073,-272.06262450001674,stop
2020-07-10 13:40:00+00:00,2020-07-10 17:10:00+00:00,SHORT,475.0,251.267436,252.6677904,19.168340000005912,-665.1683399999989,stop
2020-07-13 13:40:00+00:00,2020-07-13 18:05:00+00:00,LONG,499.0,257.32286550000003,256.8517432,20.520027700020194,-235.0900277000236,stop
2020-07-14 13:40:00+00:00,2020-07-14 13:55:00+00:00,LONG,274.0,248.71243500000003,246.3129026,10.831877600011353,-657.4718776000072,stop
2020-07-15 13:40:00+00:00,2020-07-15 13:45:00+00:00,SHORT,507.0,251.7174135,252.38775960000004,20.45547270001117,-339.86547270002325,stop
2020-07-16 13:40:00+00:00,2020-07-16 13:45:00+00:00,SHORT,513.0,247.9176035,249.17740650000002,20.418939000003206,-646.2789390000027,stop
2020-07-17 13:40:00+00:00,2020-07-17 18:55:00+00:00,SHORT,506.0,250.1174935,250.3475352,20.261100200008855,-116.4011002000077,stop
2020-07-20 13:40:00+00:00,2020-07-20 13:40:00+00:00,LONG,505.0,250.59252900000004,250.32246149999997,20.234087500024742,-136.38408750003393,stop
2020-07-21 13:40:00+00:00,2020-07-21 20:00:00+00:00,SHORT,490.0,258.14709200000004,253.93269600000002,12.545960000007597,2065.054040000011,eod_flat
2020-07-22 13:40:00+00:00,2020-07-22 14:50:00+00:00,LONG,503.0,255.30276450000002,254.26202809999998,20.490409200021503,-523.4904092000215,stop
2020-07-23 13:40:00+00:00,2020-07-23 13:45:00+00:00,SHORT,504.0,253.9773005,254.88803460000003,20.529986400004418,-459.0099864000067,stop
2020-07-24 13:40:00+00:00,2020-07-24 14:10:00+00:00,SHORT,521.0,244.53777250000002,245.20696980000002,20.4217933000063,-348.65179330000393,stop
2020-07-27 13:40:00+00:00,2020-07-27 15:40:00+00:00,LONG,512.0,248.22241050000002,247.06282009999998,20.270284800019,-593.7102848000213,stop
2020-07-28 13:40:00+00:00,2020-07-28 15:45:00+00:00,SHORT,507.0,249.3575315,250.1975187,20.273510400006586,-425.87351039999794,stop
2020-07-29 13:40:00+00:00,2020-07-29 13:50:00+00:00,LONG,506.0,249.112455,248.54265729999997,20.137636200018562,-288.31763620001914,stop
2020-07-30 13:40:00+00:00,2020-07-30 14:00:00+00:00,LONG,505.0,249.16245750000004,247.97271999999998,20.067437500029257,-600.8174375000322,stop
2020-07-31 13:40:00+00:00,2020-07-31 20:00:00+00:00,SHORT,404.0,254.627268,255.37276800000004,10.302000000009002,-301.18200000002,eod_flat
2020-08-03 13:40:00+00:00,2020-08-03 20:00:00+00:00,LONG,483.0,258.852942,259.7770105,12.524914500006219,446.32508550001575,eod_flat
2020-08-04 13:40:00+00:00,2020-08-04 13:40:00+00:00,LONG,483.0,259.44297150000006,258.8415243,20.018997600024193,-290.4989976000253,stop
2020-08-05 13:40:00+00:00,2020-08-05 13:55:00+00:00,SHORT,481.0,260.1969895,260.9887056,20.0654441000147,-380.8154441000147,stop
2020-08-06 13:40:00+00:00,2020-08-06 13:40:00+00:00,LONG,478.0,260.953047,260.75131419999997,19.948278400016193,-96.42827840002815,stop
2020-08-07 13:40:00+00:00,2020-08-07 13:50:00+00:00,SHORT,472.0,263.946802,264.1690554,19.943604799996592,-104.90360479999981,stop
2020-08-10 13:40:00+00:00,2020-08-10 13:45:00+00:00,SHORT,476.0,261.34693200000004,261.9388101,19.933975599982205,-281.7339755999876,stop
2020-08-11 13:40:00+00:00,2020-08-11 13:50:00+00:00,SHORT,481.0,258.0170985,259.28851860000003,19.923068100018725,-611.5530681000275,stop
2020-08-12 13:40:00+00:00,2020-08-12 20:00:00+00:00,LONG,478.0,258.392919,261.826908,12.433257999991724,1641.4467419999985,eod_flat
2020-08-13 13:40:00+00:00,2020-08-13 18:25:00+00:00,LONG,477.0,262.73313600000006,262.3511382,20.03295060002239,-182.21295060003757,stop
2020-08-14 13:40:00+00:00,2020-08-14 13:40:00+00:00,SHORT,477.0,262.37688049999997,263.21895090000004,20.067580800027145,-401.66758080003257,stop
2020-08-17 13:40:00+00:00,2020-08-17 20:00:00+00:00,LONG,472.0,264.033201,265.166741,12.489120000020193,535.0308799999916,eod_flat
2020-08-18 13:40:00+00:00,2020-08-18 13:55:00+00:00,LONG,470.0,266.453322,266.1307224,20.021812000007913,-151.6218119999951,stop
2020-08-19 13:40:00+00:00,2020-08-19 13:45:00+00:00,LONG,467.0,267.773388,267.1406113,19.976718900022036,-295.50671890001036,stop
2020-08-20 13:40:00+00:00,2020-08-20 20:00:00+00:00,LONG,470.0,265.69328400000006,269.63651749999997,12.580255000030434,1853.3197449999557,eod_flat
2020-08-21 13:40:00+00:00,2020-08-21 13:45:00+00:00,SHORT,469.0,269.606519,269.9996967,20.250341300000514,-184.40034130001118,stop
2020-08-24 13:40:00+00:00,2020-08-24 13:55:00+00:00,LONG,460.0,274.75373700000006,274.4998017,20.210238000020126,-116.81023800003686,stop
2020-08-25 13:40:00+00:00,2020-08-25 20:00:00+00:00,LONG,463.0,272.7236355,275.28623500000003,12.686431499999458,1186.4835685000153,eod_flat
2020-08-26 13:40:00+00:00,2020-08-26 20:00:00+00:00,LONG,460.0,276.8438415,281.105944,12.832849999997507,1960.567150000012,eod_flat
2020-08-27 13:40:00+00:00,2020-08-27 15:05:00+00:00,SHORT,460.0,281.0359475,282.3410541,20.74903599999857,-600.3490359999944,stop
2020-08-28 13:40:00+00:00,2020-08-28 13:40:00+00:00,LONG,457.0,281.854092,281.32905039999997,20.58401120002162,-239.94401120000396,stop
2020-08-31 13:40:00+00:00,2020-08-31 13:45:00+00:00,SHORT,455.0,282.2358875,282.9111168,20.57933150000764,-307.22933150000557,stop
2020-09-01 13:40:00+00:00,2020-09-01 13:55:00+00:00,SHORT,449.0,285.3557315,286.77154140000005,20.56864510002316,-635.6986451000253,stop
2020-09-02 13:40:00+00:00,2020-09-02 19:55:00+00:00,SHORT,438.0,291.245437,292.21213980000005,20.455826400021124,-423.4158264000281,stop
2020-09-03 13:40:00+00:00,2020-09-03 20:00:00+00:00,SHORT,436.0,286.18568999999997,276.0538020000001,12.256832000034137,4417.503167999952,eod_flat
2020-09-04 13:40:00+00:00,2020-09-04 13:45:00+00:00,LONG,225.0,277.4838735000001,274.4998017,9.916155000009041,-671.4161550000213,stop
2020-09-08 13:40:00+00:00,2020-09-08 13:45:00+00:00,LONG,372.0,263.593179,261.771202,15.615444000011621,-677.7754440000015,stop
2020-09-09 13:40:00+00:00,2020-09-09 14:30:00+00:00,SHORT,491.0,265.1567415,265.729227,20.860380499998996,-281.0903804999856,stop
2020-09-10 13:40:00+00:00,2020-09-10 13:55:00+00:00,LONG,479.0,271.2235605,269.8303154,20.714402900017035,-667.3644029000006,stop
2020-09-11 13:40:00+00:00,2020-09-11 20:00:00+00:00,SHORT,309.0,263.006849,260.1830085,8.08328550000175,872.5667144999877,eod_flat
2020-09-14 13:40:00+00:00,2020-09-14 13:45:00+00:00,SHORT,494.0,263.7768105,264.7791225,20.90212800001882,-495.1421280000087,stop
2020-09-15 13:40:00+00:00,2020-09-15 13:40:00+00:00,SHORT,483.0,268.45657650000004,268.85957129999997,20.766488399987452,-194.6464883999666,stop
2020-09-16 13:40:00+00:00,2020-09-16 13:45:00+00:00,SHORT,481.0,269.3765305,269.9496912,20.76029669999383,-275.69029670000805,stop
2020-09-17 13:40:00+00:00,2020-09-17 16:20:00+00:00,LONG,500.0,258.42292050000003,257.5316684,20.62605000000417,-445.62605000001554,stop
2020-09-18 13:40:00+00:00,2020-09-18 20:00:00+00:00,SHORT,494.0,260.89695450000005,257.1728580000001,12.796329000013202,1839.7036709999868,eod_flat
2020-09-21 13:40:00+00:00,2020-09-21 13:40:00+00:00,LONG,515.0,253.74268650000002,252.7921898,20.855800500017523,-489.50580050001577,stop
2020-09-22 13:40:00+00:00,2020-09-22 17:45:00+00:00,SHORT,501.0,259.8570065,260.70867480000004,20.875818300013123,-426.68581830001426,stop
2020-09-23 13:40:00+00:00,2020-09-23 20:00:00+00:00,SHORT,496.0,261.78691000000003,254.19270900000004,12.796304000003147,3766.723695999999,eod_flat
2020-09-24 13:40:00+00:00,2020-09-24 13:50:00+00:00,SHORT,417.0,252.247387,253.89792570000003,16.904637900005525,-688.2746379000112,stop
2020-09-25 13:40:00+00:00,2020-09-25 14:05:00+00:00,SHORT,519.0,256.01719849999995,256.9082568,21.30925770001636,-462.45925770002816,stop
2020-09-28 13:40:00+00:00,2020-09-28 19:05:00+00:00,SHORT,497.0,266.1766905,266.87935350000004,21.203511000002266,-349.2235110000147,stop
2020-09-29 13:40:00+00:00,2020-09-29 13:45:00+00:00,LONG,494.0,267.19335900000004,266.5806729,21.086933400012754,-302.6669334000094,stop
2020-09-30 13:40:00+00:00,2020-09-30 20:00:00+00:00,LONG,493.0,266.98334850000003,268.926553,13.210181499995826,957.9998184999896,eod_flat
2020-10-01 13:40:00+00:00,2020-10-01 13:45:00+00:00,LONG,487.0,272.153607,271.3801449,21.166042700027333,-376.6760427000085,stop
2020-10-02 13:40:00+00:00,2020-10-02 15:55:00+00:00,LONG,447.0,267.393369,265.8907488,19.05122940001985,-671.6712294000107,stop
2020-10-05 13:40:00+00:00,2020-10-05 20:00:00+00:00,LONG,493.0,267.07335300000005,270.466476,13.250361000034502,1672.8096389999732,eod_flat
2020-10-06 13:40:00+00:00,2020-10-06 13:45:00+00:00,LONG,494.0,269.93349600000005,269.3803649,21.30676340001935,-273.24676340001486,stop
2020-10-07 13:40:00+00:00,2020-10-07 14:15:00+00:00,LONG,495.0,268.81344,267.9605211,21.24485550000884,-422.19485550000996,stop
2020-10-08 13:40:00+00:00,2020-10-08 20:00:00+00:00,SHORT,488.0,271.846407,271.42357050000004,13.255788000014036,206.34421199998042,eod_flat
2020-10-09 13:40:00+00:00,2020-10-09 20:00:00+00:00,LONG,486.0,273.34366650000004,275.34623200000004,13.333167000012963,973.2468330000014,eod_flat
2020-10-12 13:40:00+00:00,2020-10-12 13:40:00+00:00,SHORT,478.0,280.0359975,280.3608363,21.432946400017386,-155.27294640000434,stop
2020-10-13 13:40:00+00:00,2020-10-13 15:25:00+00:00,SHORT,469.0,284.5357725,285.9514512,21.423310299998263,-663.9533103000003,stop
2020-10-14 13:40:00+00:00,2020-10-14 13:40:00+00:00,SHORT,467.0,284.37578049999996,284.95134120000006,21.276846900031217,-268.786846900045,stop
2020-10-15 13:40:00+00:00,2020-10-15 14:45:00+00:00,LONG,454.0,278.0239005,276.5195795,20.121734000011315,-682.961734000002,stop
2020-10-16 13:40:00+00:00,2020-10-16 13:45:00+00:00,SHORT,469.0,281.16594100000003,281.5509672,21.11728779999777,-180.57728779998604,stop
2020-10-19 13:40:00+00:00,2020-10-19 13:55:00+00:00,LONG,470.0,280.43402100000003,279.8892088,21.061734000011256,-256.06173400001126,stop
2020-10-20 13:40:00+00:00,2020-10-20 13:40:00+00:00,LONG,479.0,274.653732,274.1998347,21.026806700012457,-217.4168066999972,stop
2020-10-21 13:40:00+00:00,2020-10-21 15:20:00+00:00,LONG,477.0,275.18375850000007,274.2598281,20.954800800037617,-440.71480080003545,stop
2020-10-22 13:40:00+00:00,2020-10-22 13:40:00+00:00,LONG,475.0,275.49377400000003,274.9497522,20.91035500002505,-258.41035500002505,stop
2020-10-23 13:40:00+00:00,2020-10-23 20:00:00+00:00,SHORT,477.0,273.5963195,274.61373000000003,13.074808500014512,-485.30480850001885,eod_flat
2020-10-26 13:40:00+00:00,2020-10-26 14:50:00+00:00,LONG,476.0,273.35366700000003,272.170058,20.757884000028753,-563.3978840000223,stop
2020-10-27 13:40:00+00:00,2020-10-27 13:40:00+00:00,SHORT,478.0,270.906454,271.929909,20.771490000024528,-489.21149000000605,stop
2020-10-28 13:40:00+00:00,2020-10-28 20:00:00+00:00,SHORT,451.0,267.38662999999997,262.5531270000001,11.950147000028437,2179.909852999952,eod_flat
2020-10-29 13:40:00+00:00,2020-10-29 13:40:00+00:00,LONG,497.0,264.2032095,263.3110326,20.96191930000765,-443.41191930001895,stop
2020-11-02 14:40:00+00:00,2020-11-02 14:40:00+00:00,SHORT,500.0,261.846907,262.47886950000003,20.981250000033924,-315.9812500000214,stop
2020-11-03 14:40:00+00:00,2020-11-03 14:50:00+00:00,SHORT,499.0,261.44692699999996,262.47886950000003,20.92930750003069,-514.9393075000353,stop
2020-11-04 14:40:00+00:00,2020-11-04 14:40:00+00:00,LONG,474.0,274.31371500000006,273.03996229999996,20.73877980003988,-603.7587798000485,stop
2020-11-05 14:40:00+00:00,2020-11-05 14:40:00+00:00,SHORT,458.0,282.205889,283.2211509,20.729950200006442,-464.9899501999929,stop
2020-11-06 14:40:00+00:00,2020-11-06 16:40:00+00:00,SHORT,388.0,281.8759055,283.5511872,17.569299600012528,-650.0092996000108,stop
2020-11-09 14:40:00+00:00,2020-11-09 15:05:00+00:00,SHORT,235.0,284.525773,287.34160410000004,10.77030850001023,-661.720308500006,stop
2020-11-10 14:40:00+00:00,2020-11-10 14:40:00+00:00,LONG,462.0,275.993799,275.04974119999997,20.354703600008634,-436.1547036000244,stop
2020-11-11 14:40:00+00:00,2020-11-11 21:00:00+00:00,LONG,461.0,276.15380700000003,279.666016,12.811651000016639,1619.1283489999928,eod_flat
2020-11-12 14:40:00+00:00,2020-11-12 16:45:00+00:00,LONG,459.0,280.5540270000001,279.55924509999994,20.554892100040888,-456.60489210006176,stop
2020-11-13 14:40:00+00:00,2020-11-13 14:40:00+00:00,SHORT,459.0,279.726013,280.25082420000007,20.56834080001215,-240.8883408000205,stop
2020-11-16 14:40:00+00:00,2020-11-16 14:40:00+00:00,SHORT,457.0,280.0759955,280.6708704,20.507829300011338,-271.85782930001653,stop
2020-11-17 14:40:00+00:00,2020-11-17 14:40:00+00:00,LONG,452.0,283.1441565,282.74889419999994,20.458559600021317,-178.6585596000316,stop
2020-11-18 14:40:00+00:00,2020-11-18 14:40:00+00:00,SHORT,454.0,281.3359325,281.6509782,20.450747800001295,-143.03074779999304,stop
2020-11-19 14:40:00+00:00,2020-11-19 14:45:00+00:00,SHORT,457.0,278.966051,279.6707604,20.43219580002045,-322.0521958000059,stop
2020-11-20 14:40:00+00:00,2020-11-20 15:25:00+00:00,SHORT,451.0,281.7759105,282.01101780000005,20.34339230001831,-106.03339230001728,stop
2020-11-23 14:40:00+00:00,2020-11-23 15:10:00+00:00,LONG,451.0,281.5440765,281.0790779,20.294368600019027,-209.71436860000057,stop
2020-11-24 14:40:00+00:00,2020-11-24 15:45:00+00:00,SHORT,452.0,280.805959,281.3609463,20.334259600026826,-250.85425960002271,stop
2020-11-25 14:40:00+00:00,2020-11-25 15:05:00+00:00,LONG,444.0,285.21426,284.668683,20.236188000016455,-242.23618800001645,stop
2020-11-27 14:40:00+00:00,2020-11-27 18:00:00+00:00,LONG,439.0,288.074403,288.20558900000003,12.649346000004925,57.590654000006055,eod_flat
2020-11-30 14:40:00+00:00,2020-11-30 14:40:00+00:00,LONG,438.0,288.9444465,288.60824959999997,20.23424220001789,-147.25424220002685,stop
2020-12-01 14:40:00+00:00,2020-12-01 14:50:00+00:00,SHORT,435.0,290.45547650000003,291.41205180000003,20.260255500012647,-416.1102554999988,stop
2020-12-02 14:40:00+00:00,2020-12-02 15:15:00+00:00,SHORT,433.0,290.69546449999996,291.70208370000006,20.18611360002859,-435.86611360004434,stop
2020-12-03 14:40:00+00:00,2020-12-03 16:10:00+00:00,LONG,427.0,294.04470150000003,293.2777359,20.054311200033396,-327.4943112000208,stop
2020-12-04 14:40:00+00:00,2020-12-04 14:45:00+00:00,SHORT,427.0,293.1153435,293.72230590000004,20.05294480001743,-259.1729448000184,stop
2020-12-07 14:40:00+00:00,2020-12-07 21:00:00+00:00,LONG,423.0,295.40476950000004,295.9852,12.507898500015415,245.52210149999036,eod_flat
2020-12-08 14:40:00+00:00,2020-12-08 17:05:00+00:00,SHORT,423.0,295.8352075,296.2125798,20.03848290000269,-159.62848289999596,stop
2020-12-09 14:40:00+00:00,2020-12-09 14:50:00+00:00,SHORT,421.0,296.33518250000003,297.27269640000003,20.003351900005327,-394.6933518999996,stop
2020-12-10 14:40:00+00:00,2020-12-10 14:40:00+00:00,SHORT,432.0,287.705614,289.1718054,19.954684799999086,-633.3946847999814,stop
2020-12-11 14:40:00+00:00,2020-12-11 15:15:00+00:00,SHORT,427.0,289.8555065,290.7819825,19.845252000017524,-395.6052520000156,stop
2020-12-14 14:40:00+00:00,2020-12-14 21:00:00+00:00,LONG,422.0,292.70463450000005,293.79530950000003,12.375150000012013,460.2648499999899,eod_flat
2020-12-15 14:40:00+00:00,2020-12-15 14:40:00+00:00,LONG,419.0,295.534776,294.99754669999993,19.789076700034855,-225.09907670003867,stop
2020-12-16 14:40:00+00:00,2020-12-16 15:15:00+00:00,SHORT,417.0,296.4151785,297.0426711,19.804414199999258,-261.6644141999926,stop
2020-12-17 14:40:00+00:00,2020-12-17 15:00:00+00:00,LONG,411.0,300.11500500000005,299.5170495,19.70971050002356,-245.75971050002823,stop
2020-12-18 14:40:00+00:00,2020-12-18 21:00:00+00:00,SHORT,410.0,300.19498949999996,298.65493200000003,12.276425000025029,631.4235749999722,eod_flat
2020-12-21 14:40:00+00:00,2020-12-21 14:50:00+00:00,LONG,417.0,297.30486450000006,295.8574521,19.770970800017324,-603.5709708000315,stop
2020-12-22 14:40:00+00:00,2020-12-22 14:50:00+00:00,SHORT,413.0,298.6750655,299.52294390000003,19.773779200000774,-350.17377920000547,stop
2020-12-23 14:40:00+00:00,2020-12-23 18:10:00+00:00,SHORT,411.0,298.72506300000003,299.62295489999997,19.683570899986762,-369.03357089997274,stop
2020-12-24 14:40:00+00:00,2020-12-24 18:00:00+00:00,LONG,410.0,298.76493750000003,298.88505499999997,12.25182500001722,49.24817499997346,eod_flat
2020-12-28 14:40:00+00:00,2020-12-28 16:05:00+00:00,SHORT,407.0,301.524923,301.88320350000004,19.650163500013264,-145.8201635000142,stop
2020-12-29 14:40:00+00:00,2020-12-29 15:00:00+00:00,LONG,403.0,303.895194,303.1766469,19.564481300003024,-289.57448130000944,stop
2020-12-30 14:40:00+00:00,2020-12-30 21:00:00+00:00,SHORT,403.0,303.0548465,302.4051195,12.200019000009036,261.8399809999937,eod_flat
2020-12-31 14:40:00+00:00,2020-12-31 14:40:00+00:00,SHORT,405.0,302.224888,302.6032827,19.59985350000693,-153.24985350000048,stop
2021-01-04 14:40:00+00:00,2021-01-04 21:00:00+00:00,SHORT,402.0,303.78481,298.894944,12.113868000012985,1965.7261319999934,eod_flat
2021-01-05 14:40:00+00:00,2021-01-05 21:00:00+00:00,LONG,415.0,298.9949490000001,301.40492900000004,12.458300000014901,1000.1416999999842,eod_flat
2021-01-06 14:40:00+00:00,2021-01-06 14:50:00+00:00,SHORT,391.0,295.8152085,297.44271510000004,18.57508060000771,-636.3550806000237,stop
2021-01-07 14:40:00+00:00,2021-01-07 21:00:00+00:00,LONG,414.0,300.6650325,305.144742,12.540267000014524,1854.5997330000052,eod_flat
2021-01-08 14:40:00+00:00,2021-01-08 15:30:00+00:00,LONG,412.0,306.74533650000006,305.86635099999995,20.18202600002951,-362.14202600004637,stop
2021-01-11 14:40:00+00:00,2021-01-11 15:10:00+00:00,SHORT,414.0,304.63476749999995,305.6236149,20.22282360002339,-409.38282360002245,stop
2021-01-12 14:40:00+00:00,2021-01-12 14:50:00+00:00,LONG,413.0,304.57522800000004,303.73658529999994,20.089435100030187,-346.35943510003864,stop
2021-01-13 14:40:00+00:00,2021-01-13 14:40:00+00:00,LONG,412.0,303.915195,303.53660729999996,20.018132400017066,-155.9781324000105,stop
2021-01-14 14:40:00+00:00,2021-01-14 14:50:00+00:00,LONG,409.0,306.095304,305.49639169999995,20.005130700016537,-244.9551307000212,stop
2021-01-15 14:40:00+00:00,2021-01-15 15:05:00+00:00,LONG,411.0,304.095204,303.3166315,19.963297500014107,-319.9932974999982,stop
2021-01-19 14:40:00+00:00,2021-01-19 14:50:00+00:00,LONG,410.0,304.1652075,303.49661169999996,19.92427800001792,-274.1242780000198,stop
2021-01-20 14:40:00+00:00,2021-01-20 21:00:00+00:00,LONG,402.0,309.56547750000004,313.344332,12.520491000014658,1519.0995089999863,eod_flat
2021-01-21 14:40:00+00:00,2021-01-21 15:15:00+00:00,SHORT,402.0,313.2143385,314.3645763,20.195595600019146,-462.39559560000544,stop
2021-01-22 14:40:00+00:00,2021-01-22 14:40:00+00:00,SHORT,399.0,314.364281,314.71461480000005,20.083186200013017,-139.78318620001755,stop
2021-01-25 14:40:00+00:00,2021-01-25 15:40:00+00:00,LONG,393.0,318.81594000000007,317.80503759999993,20.0046432000384,-397.2846432000527,stop
2021-01-26 14:40:00+00:00,2021-01-26 14:40:00+00:00,LONG,393.0,318.02590050000003,317.60505959999995,19.980473700032405,-165.3904737000342,stop
2021-01-27 14:40:00+00:00,2021-01-27 21:00:00+00:00,SHORT,226.0,312.624368,308.73543600000005,7.021368000001075,878.8986319999897,eod_flat
2021-01-28 14:40:00+00:00,2021-01-28 14:40:00+00:00,LONG,405.0,310.0855035,309.5559451,20.071152000009533,-214.4711520000169,stop
2021-01-29 14:40:00+00:00,2021-01-29 14:40:00+00:00,LONG,406.0,309.0454515,308.3560771,20.04600640001354,-279.886006400008,stop
2021-02-01 14:40:00+00:00,2021-02-01 14:50:00+00:00,LONG,406.0,308.31541500000003,307.3461882,19.986080800017135,-393.5060808000236,stop
2021-02-02 14:40:00+00:00,2021-02-02 21:00:00+00:00,LONG,396.0,315.0457515,317.0941445,12.51637200000323,811.163628000013,eod_flat
2021-02-03 14:40:00+00:00,2021-02-03 21:00:00+00:00,SHORT,394.0,318.344082,315.895794,12.494528000010746,964.6254719999964,eod_flat
2021-02-04 14:40:00+00:00,2021-02-04 17:40:00+00:00,SHORT,399.0,316.484175,317.6049327,20.252322300007847,-447.1823223000051,stop
2021-02-05 14:40:00+00:00,2021-02-05 17:20:00+00:00,SHORT,394.0,319.3740305,320.2152198,20.168584199990505,-331.42858419999857,stop
2021-02-08 14:40:00+00:00,2021-02-08 15:05:00+00:00,SHORT,391.0,321.423928,322.1054277,20.136382700008653,-266.4663827000069,stop
2021-02-09 14:40:00+00:00,2021-02-09 21:00:00+00:00,LONG,389.0,322.1061045,322.0538965,12.528912000009939,-20.308912000002863,eod_flat
2021-02-10 14:40:00+00:00,2021-02-10 21:00:00+00:00,SHORT,388.0,323.39382950000004,321.08605350000005,12.502912000016295,895.417087999996,eod_flat
2021-02-11 14:40:00+00:00,2021-02-11 14:40:00+00:00,LONG,391.0,323.1461565,323.0044656,20.21114190001549,-55.40114190000571,stop
2021-02-12 14:40:00+00:00,2021-02-12 14:45:00+00:00,SHORT,392.0,321.8939045,322.65548820000004,20.22081040001467,-298.54081040000665,stop
2021-02-16 14:40:00+00:00,2021-02-16 14:40:00+00:00,LONG,386.0,326.0463015,325.5341873,20.11608120002404,-197.67608120001614,stop
2021-02-17 14:40:00+00:00,2021-02-17 14:40:00+00:00,SHORT,391.0,321.1739405,321.735387,20.11558149999894,-219.52558149999538,stop
2021-02-18 14:40:00+00:00,2021-02-18 15:10:00+00:00,LONG,393.0,319.295964,318.5849518,20.04779460002328,-279.42779460001077,stop
2021-02-19 14:40:00+00:00,2021-02-19 21:00:00+00:00,SHORT,389.0,322.09389450000003,319.81599000000006,12.485149500009868,886.104850499991,eod_flat
2021-02-22 14:40:00+00:00,2021-02-22 14:40:00+00:00,SHORT,400.0,314.96425100000005,316.19477760000007,20.210640000004787,-492.2106400000075,stop
2021-02-23 14:40:00+00:00,2021-02-23 15:25:00+00:00,SHORT,395.0,305.0547465,306.7137348,19.350378499985084,-655.3003784999905,stop
2021-02-24 14:40:00+00:00,2021-02-24 14:40:00+00:00,LONG,405.0,308.31541500000003,307.766142,19.95556500001129,-222.4555650000113,stop
2021-02-25 14:40:00+00:00,2021-02-25 15:05:00+00:00,LONG,397.0,312.1656075,310.51583949999997,19.757896000033952,-654.9578960000204,stop
2021-02-26 14:40:00+00:00,2021-02-26 14:55:00+00:00,LONG,406.0,305.45527200000004,304.6364863,19.806994200021563,-332.4269942000142,stop
2021-03-01 14:40:00+00:00,2021-03-01 15:05:00+00:00,SHORT,401.0,308.45457650000003,309.0239889,19.814372399997694,-228.3343723999904,stop
2021-03-02 14:40:00+00:00,2021-03-02 21:00:00+00:00,SHORT,395.0,312.684365,308.00539950000007,12.258627500012835,1848.191372499979,eod_flat
2021-03-03 14:40:00+00:00,2021-03-03 14:40:00+00:00,LONG,408.0,307.0453515,306.3862938,20.015541600019787,-268.89554160000216,stop
2021-03-04 14:40:00+00:00,2021-03-04 14:50:00+00:00,LONG,272.0,300.38501850000006,298.0472112,13.00358560001223,-635.8835856000178,stop
2021-03-05 14:40:00+00:00,2021-03-05 18:40:00+00:00,SHORT,313.0,295.0552465,297.08267550000005,14.845277000007002,-634.5852770000126,stop
2021-03-08 14:40:00+00:00,2021-03-08 14:45:00+00:00,SHORT,258.0,295.5552215,298.0027767,12.269241599993961,-631.4692416000028,stop
2021-03-09 14:40:00+00:00,2021-03-09 14:45:00+00:00,LONG,414.0,297.81489000000005,296.6373663,19.674811800023235,-487.49481180002135,stop
2021-03-10 14:40:00+00:00,2021-03-10 14:55:00+00:00,SHORT,403.0,304.4347775,305.6936226,19.68457529999762,-507.3145753000123,stop
2021-03-11 14:40:00+00:00,2021-03-11 14:45:00+00:00,LONG,399.0,306.25531200000006,304.96645,19.495938000016906,-514.2559380000205,stop
2021-03-12 14:40:00+00:00,2021-03-12 14:55:00+00:00,SHORT,402.0,302.71486350000004,303.4433751,19.501663199993345,-292.8616631999961,stop
2021-03-15 13:40:00+00:00,2021-03-15 13:55:00+00:00,SHORT,399.0,304.60476900000003,305.233572,19.47239699998562,-250.89239699997927,stop
2021-03-16 13:40:00+00:00,2021-03-16 18:30:00+00:00,LONG,390.0,310.76553750000005,309.6359363,19.34446800001581,-440.5444680000096,stop
2021-03-17 13:40:00+00:00,2021-03-17 13:45:00+00:00,SHORT,395.0,305.9347025,307.0037667,19.38035899999022,-422.2803590000055,stop
2021-03-18 13:40:00+00:00,2021-03-18 13:45:00+00:00,LONG,392.0,306.70533450000005,306.0263334,19.20843120002155,-266.16843120001977,stop
2021-03-19 13:40:00+00:00,2021-03-19 13:45:00+00:00,LONG,397.0,302.27511300000003,301.1868658,19.154138400019235,-432.0341384000048,stop
2021-03-22 13:40:00+00:00,2021-03-22 20:00:00+00:00,LONG,391.0,306.0853035,308.5545715,12.016212000000166,965.4837879999998,eod_flat
2021-03-23 13:40:00+00:00,2021-03-23 14:10:00+00:00,SHORT,390.0,308.8145585,309.5440461,19.300164000007953,-284.5001640000106,stop
2021-03-24 13:40:00+00:00,2021-03-24 20:00:00+00:00,SHORT,391.0,307.4746255,302.0651025,11.916507000007414,2115.123492999992,eod_flat
2021-03-25 13:40:00+00:00,2021-03-25 14:50:00+00:00,LONG,408.0,300.0450015,299.2170825,19.550952000014604,-337.7909520000035,stop
2021-03-26 13:40:00+00:00,2021-03-26 18:10:00+00:00,LONG,405.0,301.6050795,300.80690759999993,19.50961950002295,-323.25961950002295,stop
2021-03-29 13:40:00+00:00,2021-03-29 13:50:00+00:00,LONG,398.0,305.51527500000003,304.6464852,19.418340400026068,-345.77834040002335,stop
2021-03-30 13:40:00+00:00,2021-03-30 15:35:00+00:00,SHORT,401.0,302.904854,304.0934466,19.485632600002532,-476.62563259999706,stop
2021-03-31 13:40:00+00:00,2021-03-31 20:00:00+00:00,LONG,395.0,306.06530250000003,308.8145585,12.143880000010654,1085.9561199999785,eod_flat
2021-04-01 13:40:00+00:00,2021-04-01 20:00:00+00:00,LONG,390.0,312.9856485000001,313.9843,12.225915000013856,389.4740849999755,eod_flat
2021-04-05 13:40:00+00:00,2021-04-05 20:00:00+00:00,LONG,386.0,316.935846,320.763961,12.30760999999552,1477.652389999988,eod_flat
2021-04-06 13:40:00+00:00,2021-04-06 13:40:00+00:00,SHORT,387.0,319.624018,320.20521870000005,19.814670900014733,-224.92467090002617,stop
2021-04-07 13:40:00+00:00,2021-04-07 13:50:00+00:00,SHORT,388.0,318.884055,319.8451791,19.836150799992765,-372.91615080000247,stop
2021-04-08 13:40:00+00:00,2021-04-08 13:50:00+00:00,LONG,381.0,323.92619550000006,323.3444282,19.72334130001957,-221.65334130003083,stop
2021-04-09 13:40:00+00:00,2021-04-09 13:45:00+00:00,SHORT,381.0,322.6538665,323.14554210000006,19.68840360002548,-187.32840360002461,stop
2021-04-12 13:40:00+00:00,2021-04-12 13:40:00+00:00,SHORT,378.0,325.1137435,325.435794,19.675089000002686,-121.73508899999581,stop
2021-04-13 13:40:00+00:00,2021-04-13 20:00:00+00:00,LONG,375.0,327.52637550000003,329.6135185,12.32137500001329,782.6786249999884,eod_flat
2021-04-14 13:40:00+00:00,2021-04-14 20:00:00+00:00,SHORT,375.0,329.3135335,325.076253,12.26981249999426,1588.980187499999,eod_flat
2021-04-15 13:40:00+00:00,2021-04-15 20:00:00+00:00,LONG,380.0,329.1264555,330.6334675,12.535439999995788,572.6645599999904,eod_flat
2021-04-16 13:40:00+00:00,2021-04-16 19:45:00+00:00,SHORT,381.0,329.743512,331.1064177,20.15707169999871,-519.2670716999996,stop
2021-04-19 13:40:00+00:00,2021-04-19 14:10:00+00:00,LONG,379.0,330.18650850000006,329.0138045,19.97481600002368,-444.4548160000254,stop
2021-04-20 13:40:00+00:00,2021-04-20 13:40:00+00:00,SHORT,381.0,326.95365150000003,327.8560602,19.96771470000033,-343.81771469998733,stop
2021-04-21 13:40:00+00:00,2021-04-21 13:50:00+00:00,SHORT,384.0,324.143792,324.69571260000004,19.93751040000643,-211.93751040000643,stop
2021-04-22 13:40:00+00:00,2021-04-22 14:30:00+00:00,SHORT,379.0,327.663616,328.1860965,19.890109500022106,-198.0201095000109,stop
2021-04-23 13:40:00+00:00,2021-04-23 20:00:00+00:00,LONG,380.0,325.836291,328.8535565,12.439110000001392,1146.560890000003,eod_flat
2021-04-26 13:40:00+00:00,2021-04-26 13:45:00+00:00,SHORT,381.0,328.49357449999997,329.00618670000006,20.04524820002115,-195.305248200035,stop
2021-04-27 13:40:00+00:00,2021-04-27 20:00:00+00:00,SHORT,378.0,330.73346250000003,329.4064695,12.476645999999164,501.603354000006,eod_flat
2021-04-28 13:40:00+00:00,2021-04-28 13:50:00+00:00,SHORT,382.0,327.943602,328.9261779,20.083993800008443,-375.34399380001105,stop
2021-04-29 13:40:00+00:00,2021-04-29 20:00:00+00:00,SHORT,378.0,330.8534565,329.15645700000005,12.474189000026854,641.46581099998,eod_flat
2021-04-30 13:40:00+00:00,2021-04-30 17:55:00+00:00,LONG,384.0,327.07635300000004,326.4740839,20.071334400017804,-231.27133440002217,stop
2021-05-03 13:40:00+00:00,2021-05-03 14:10:00+00:00,SHORT,383.0,327.69361449999997,328.2961086,20.105240300017897,-230.75524030002225,stop
2021-05-04 13:40:00+00:00,2021-05-04 20:00:00+00:00,SHORT,389.0,321.7339125,318.295914,12.44858350001374,1337.381416499997,eod_flat
2021-05-05 13:40:00+00:00,2021-05-05 13:40:00+00:00,LONG,393.0,321.8260905,321.41464049999996,20.2198500000178,-161.69985000002316,stop
2021-05-06 13:40:00+00:00,2021-05-06 13:40:00+00:00,SHORT,399.0,316.8341575,318.21499980000004,20.286077700022418,-550.9560777000161,stop
2021-05-07 13:40:00+00:00,2021-05-07 13:40:00+00:00,SHORT,390.0,322.5538715,323.7956136,20.17941900000494,-484.27941900000405,stop
2021-05-10 13:40:00+00:00,2021-05-10 20:00:00+00:00,SHORT,297.0,320.0539965,315.26576250000005,9.434502000018256,1422.1054979999797,eod_flat
2021-05-11 13:40:00+00:00,2021-05-11 13:40:00+00:00,SHORT,410.0,309.2345375,310.0240989,20.320174000006546,-323.7201740000103,stop
2021-05-12 13:40:00+00:00,2021-05-12 14:05:00+00:00,LONG,407.0,310.795539,309.5759429,20.18561270003562,-496.37561270001896,stop
2021-05-13 13:40:00+00:00,2021-05-13 13:40:00+00:00,LONG,406.0,310.035501,309.5059506,20.117462400017757,-214.99746240000206,stop
2021-05-14 13:40:00+00:00,2021-05-14 13:45:00+00:00,LONG,402.0,312.6056295,311.7457042,20.069970600016404,-345.6899706000173,stop
2021-05-17 13:40:00+00:00,2021-05-17 13:40:00+00:00,SHORT,400.0,313.58432000000005,314.3245719,20.10075999999117,-296.10075999999026,stop
2021-05-18 13:40:00+00:00,2021-05-18 13:40:00+00:00,SHORT,398.0,314.3742805,315.1446621,20.0518767999921,-306.61187680000296,stop
2021-05-19 13:40:00+00:00,2021-05-19 20:00:00+00:00,LONG,406.0,307.48537350000004,311.564421,12.566715000004933,1656.0932849999776,eod_flat
2021-05-20 13:40:00+00:00,2021-05-20 20:00:00+00:00,LONG,402.0,314.535726,318.69406449999997,12.727923000016517,1671.6520769999825,eod_flat
2021-05-21 13:40:00+00:00,2021-05-21 20:00:00+00:00,SHORT,401.0,319.624018,316.30581450000005,12.750396500016564,1330.5996034999698,eod_flat
2021-05-24 13:40:00+00:00,2021-05-24 20:00:00+00:00,LONG,406.0,319.17595800000004,322.16389100000004,13.019201999993356,1213.1007979999993,eod_flat
2021-05-25 13:40:00+00:00,2021-05-25 20:00:00+00:00,SHORT,404.0,323.02384800000004,321.796089,13.025363999999627,496.01463600001966,eod_flat
2021-05-26 13:40:00+00:00,2021-05-26 13:45:00+00:00,LONG,406.0,322.98614850000007,322.6845008,20.968966200018826,-122.46896620001883,stop
2021-05-27 13:40:00+00:00,2021-05-27 14:20:00+00:00,SHORT,407.0,322.303884,323.1255399,21.02395130000582,-334.4139512999984,stop
2021-05-28 13:40:00+00:00,2021-05-28 13:40:00+00:00,SHORT,404.0,323.243837,323.6255949,20.91019160001656,-154.23019160001013,stop
2021-06-01 13:40:00+00:00,2021-06-01 13:45:00+00:00,SHORT,402.0,324.2937845,324.6757104,20.874211800005924,-153.53421179999953,stop
2021-06-02 13:40:00+00:00,2021-06-02 17:25:00+00:00,LONG,404.0,322.7261355,322.04457119999995,20.83197720002113,-275.3519772000193,stop
2021-06-03 13:40:00+00:00,2021-06-03 13:40:00+00:00,LONG,407.0,319.975998,319.5748429,20.820125700006827,-163.27012569999295,stop
2021-06-04 13:40:00+00:00,2021-06-04 20:00:00+00:00,LONG,404.0,321.9060945,324.9937495,13.06738000000837,1247.4126199999935,eod_flat
2021-06-07 13:40:00+00:00,2021-06-07 13:45:00+00:00,LONG,405.0,324.2462115000001,323.8243754,20.99362050002412,-170.84362050002596,stop
2021-06-08 13:40:00+00:00,2021-06-08 13:55:00+00:00,LONG,400.0,327.476373,327.0340223,20.940280000013445,-176.940280000008,stop
2021-06-09 13:40:00+00:00,2021-06-09 13:40:00+00:00,SHORT,400.0,327.163641,327.63603600000005,20.95800000001873,-188.9580000000251,stop
2021-06-10 13:40:00+00:00,2021-06-10 20:00:00+00:00,LONG,399.0,327.21636,329.33353250000005,13.098172499998498,844.7518275000151,eod_flat
2021-06-11 13:40:00+00:00,2021-06-11 13:40:00+00:00,SHORT,399.0,329.1135435,329.5462461,21.02833740001273,-172.64833740001092,stop
2021-06-14 13:40:00+00:00,2021-06-14 13:45:00+00:00,SHORT,398.0,329.7935095,330.65636820000003,21.037762600000633,-343.41776260000154,stop
2021-06-15 13:40:00+00:00,2021-06-15 13:50:00+00:00,SHORT,394.0,332.13339249999996,333.13664100000005,20.979909000020484,-395.2799090000384,stop
2021-06-16 13:40:00+00:00,2021-06-16 15:10:00+00:00,LONG,394.0,331.8265905,331.4535361,20.90343360000304,-146.98343360000035,stop
2021-06-17 13:40:00+00:00,2021-06-17 20:00:00+00:00,LONG,395.0,330.0165,334.5932695,13.126047500000766,1807.8239525000047,eod_flat
2021-06-18 13:40:00+00:00,2021-06-18 15:15:00+00:00,LONG,397.0,332.81664000000006,331.55352509999994,21.08661530003269,-501.45661530004713,stop
2021-06-21 13:40:00+00:00,2021-06-21 14:10:00+00:00,SHORT,374.0,330.443477,332.236542,19.84631000000138,-670.6063100000048,stop
2021-06-22 13:40:00+00:00,2021-06-22 20:00:00+00:00,LONG,392.0,334.15670700000004,336.7931595,13.150620000021263,1033.489379999985,eod_flat
2021-06-23 13:40:00+00:00,2021-06-23 15:05:00+00:00,LONG,391.0,337.56687750000003,336.53297729999997,21.074978200017085,-404.2549782000242,stop
2021-06-24 13:40:00+00:00,2021-06-24 17:25:00+00:00,LONG,388.0,339.09695400000004,338.6527441,21.033441200017933,-172.35344120001264,stop
2021-06-25 13:40:00+00:00,2021-06-25 13:40:00+00:00,LONG,387.0,339.716985,339.1426902,21.012087600014127,-222.2520876000071,stop
2021-06-28 13:40:00+00:00,2021-06-28 20:00:00+00:00,LONG,385.0,340.90704450000004,342.722863,13.159877500017387,699.0901224999914,eod_flat
2021-06-29 13:40:00+00:00,2021-06-29 13:40:00+00:00,SHORT,386.0,342.302884,342.63768600000003,21.15357199999812,-129.23357200000953,stop
2021-06-30 13:40:00+00:00,2021-06-30 13:50:00+00:00,SHORT,384.0,343.1128435,344.00783670000004,21.117388800004846,-343.67738880001707,stop
2021-07-01 13:40:00+00:00,2021-07-01 14:20:00+00:00,LONG,383.0,343.64718150000004,342.6823008,21.019308100026535,-369.54930810001434,stop
2021-07-02 13:40:00+00:00,2021-07-02 20:00:00+00:00,LONG,380.0,345.52727550000003,347.662616,13.170610000012175,811.4293899999939,eod_flat
2021-07-06 13:40:00+00:00,2021-07-06 14:35:00+00:00,LONG,379.0,348.54742650000003,347.96171999999996,21.112763500037488,-221.98276350002715,stop
2021-07-07 13:40:00+00:00,2021-07-07 20:00:00+00:00,SHORT,376.0,350.102494,349.63748100000004,13.155112000021745,174.84488799997825,eod_flat
2021-07-08 13:40:00+00:00,2021-07-08 13:50:00+00:00,LONG,382.0,344.9372460000001,343.99215669999995,21.044112600029393,-361.0241126000459,stop
2021-07-09 13:40:00+00:00,2021-07-09 13:40:00+00:00,LONG,379.0,347.16735750000004,346.6918597,21.03366620002606,-180.21366620001055,stop
2021-07-12 13:40:00+00:00,2021-07-12 20:00:00+00:00,SHORT,374.0,351.022448,351.0475515,13.12870900001792,-9.388709000000063,eod_flat
2021-07-13 13:40:00+00:00,2021-07-13 13:40:00+00:00,LONG,374.0,350.99754900000005,350.6314263,20.98988980002241,-136.92988980002326,stop
2021-07-14 13:40:00+00:00,2021-07-14 13:40:00+00:00,LONG,371.0,353.7876885,352.99116669999995,20.969587800015347,-295.5095878000187,stop
2021-07-15 13:40:00+00:00,2021-07-15 20:00:00+00:00,SHORT,374.0,350.18249,348.96744750000005,13.074105000028226,454.4258949999718,eod_flat
2021-07-16 13:40:00+00:00,2021-07-16 13:50:00+00:00,LONG,374.0,350.977548,350.05149009999997,20.96565460001557,-346.34565460001727,stop
2021-07-19 13:40:00+00:00,2021-07-19 13:45:00+00:00,SHORT,383.0,342.27288550000003,343.6077927,21.02945760000091,-511.26945759999046,stop
2021-07-20 13:40:00+00:00,2021-07-20 14:25:00+00:00,SHORT,380.0,343.5528215,344.78792250000004,20.938380000013694,-469.3383800000163,stop
2021-07-21 13:40:00+00:00,2021-07-21 20:00:00+00:00,LONG,374.0,347.55737700000003,349.9325025,13.043063000000302,888.2969369999878,eod_flat
2021-07-22 13:40:00+00:00,2021-07-22 20:00:00+00:00,LONG,373.0,351.1275555,352.36238099999997,13.120088500014617,460.5899114999786,eod_flat
2021-07-23 13:40:00+00:00,2021-07-23 14:10:00+00:00,SHORT,372.0,352.9923495,354.1189488,21.054939600006037,-419.0949396000035,stop
2021-07-26 13:40:00+00:00,2021-07-26 13:40:00+00:00,SHORT,369.0,355.342232,356.1191688,21.00967920000619,-286.6896791999953,stop
2021-07-27 13:40:00+00:00,2021-07-27 20:00:00+00:00,SHORT,367.0,355.7922095,352.36761750000005,12.99473600000664,1256.825263999986,eod_flat
2021-07-28 13:40:00+00:00,2021-07-28 14:15:00+00:00,SHORT,373.0,353.95230150000003,354.7990236,21.15734330000066,-315.8273432999871,stop
2021-07-29 13:40:00+00:00,2021-07-29 20:00:00+00:00,LONG,371.0,354.87774300000007,355.102244,13.170129000026918,83.28987099996971,eod_flat
2021-07-30 13:40:00+00:00,2021-07-30 20:00:00+00:00,LONG,375.0,351.75758700000006,352.81235849999996,13.210687500027518,395.5393124999631,eod_flat
2021-08-02 13:40:00+00:00,2021-08-02 15:20:00+00:00,SHORT,372.0,354.7122635,355.2890775,21.134808000011617,-214.57480800000485,stop
2021-08-03 13:40:00+00:00,2021-08-03 13:50:00+00:00,SHORT,373.0,353.462326,354.20895870000004,21.123997100008523,-278.4939971000077,stop
2021-08-04 13:40:00+00:00,2021-08-04 13:50:00+00:00,SHORT,370.0,355.2722355,355.8691413,21.055146000014133,-220.85514600000067,stop
2021-08-05 13:40:00+00:00,2021-08-05 13:40:00+00:00,SHORT,368.0,356.602169,356.7992436,21.003452800007835,-72.52345280000281,stop
2021-08-06 13:40:00+00:00,2021-08-06 13:55:00+00:00,LONG,367.0,357.65788200000003,356.7007586,20.964287800029354,-351.264287800021,stop
2021-08-09 13:40:00+00:00,2021-08-09 13:40:00+00:00,LONG,367.0,357.07785300000006,356.9507311,20.963737300030743,-46.65373730002824,stop
2021-08-10 13:40:00+00:00,2021-08-10 13:55:00+00:00,SHORT,366.0,357.462126,357.94937010000007,20.951340600017602,-178.3313406000201,stop
2021-08-11 13:40:00+00:00,2021-08-11 13:40:00+00:00,LONG,366.0,356.92784550000005,356.2008136,20.8736754000098,-266.0936754000156,stop
2021-08-12 13:40:00+00:00,2021-08-12 14:20:00+00:00,SHORT,369.0,353.882305,354.40898070000003,20.913333300010322,-194.3433333000204,stop
2021-08-13 13:40:00+00:00,2021-08-13 13:50:00+00:00,SHORT,366.0,356.1721905,356.5692183,20.87217480000527,-145.31217479999611,stop
2021-08-16 13:40:00+00:00,2021-08-16 13:50:00+00:00,LONG,365.0,356.477823,356.060829,20.802810000011505,-152.20280999999574,stop
2021-08-17 13:40:00+00:00,2021-08-17 13:40:00+00:00,SHORT,367.0,354.502274,354.8190258,20.827910600010682,-116.24791060000734,stop
2021-08-18 13:40:00+00:00,2021-08-18 15:40:00+00:00,LONG,367.0,353.95769700000005,353.42111939999995,20.763979200030235,-196.9239792000369,stop
2021-08-19 13:40:00+00:00,2021-08-19 20:00:00+00:00,LONG,371.0,349.9274955000001,352.44237699999996,13.028963500024815,933.0210364999583,eod_flat
2021-08-20 13:40:00+00:00,2021-08-20 13:40:00+00:00,LONG,369.0,354.0477015,353.30113259999996,20.873924100021725,-275.4839241000209,stop
2021-08-23 13:40:00+00:00,2021-08-23 20:00:00+00:00,LONG,364.0,357.837891,361.77191050000005,13.096901999997726,1431.9830980000122,eod_flat
2021-08-24 13:40:00+00:00,2021-08-24 14:10:00+00:00,SHORT,364.0,361.9119035,362.6698893,21.10683120001454,-275.9068312000104,stop
2021-08-25 13:40:00+00:00,2021-08-25 14:10:00+00:00,LONG,362.0,363.2681625,362.77009089999996,21.021919200022467,-180.30191920002164,stop
2021-08-26 13:40:00+00:00,2021-08-26 14:00:00+00:00,LONG,362.0,362.67813300000006,362.1901547,20.988144600021315,-176.64814460002378,stop
2021-08-27 13:40:00+00:00,2021-08-27 13:40:00+00:00,LONG,363.0,361.70808450000004,361.26025699999997,20.991382500031648,-162.5613825000267,stop
2021-08-30 13:40:00+00:00,2021-08-30 20:00:00+00:00,LONG,358.0,365.75828700000005,368.721563,13.14719200001764,1060.8528079999824,eod_flat
2021-08-31 13:40:00+00:00,2021-08-31 20:00:00+00:00,SHORT,359.0,367.3516315,367.798389,13.195942500007732,-160.3859424999963,eod_flat
2021-09-01 13:40:00+00:00,2021-09-01 19:45:00+00:00,LONG,357.0,369.858492,368.91941439999994,21.0907032000286,-335.250703200027,stop
2021-09-02 13:40:00+00:00,2021-09-02 13:40:00+00:00,LONG,355.0,370.07850300000007,369.78931869999997,21.010426500029666,-102.66042650003612,stop
2021-09-03 13:40:00+00:00,2021-09-03 13:40:00+00:00,LONG,358.0,367.56837750000005,367.3095915,21.045388000019557,-92.64538800001549,stop
2021-09-07 13:40:00+00:00,2021-09-07 14:50:00+00:00,SHORT,356.0,369.1715405,370.0707033,21.061956800008602,-320.1019567999997,stop
2021-09-08 13:40:00+00:00,2021-09-08 20:00:00+00:00,SHORT,355.0,369.06154599999996,368.72843550000005,13.095772500030591,118.25422749997102,eod_flat
2021-09-09 13:40:00+00:00,2021-09-09 15:30:00+00:00,LONG,355.0,369.5484765,368.8794188,20.96548350001399,-237.51548349999865,stop
2021-09-10 13:40:00+00:00,2021-09-10 14:05:00+00:00,LONG,354.0,369.9084945,369.27937479999997,20.928373800018903,-222.7083738000165,stop
2021-09-13 13:40:00+00:00,2021-09-13 20:00:00+00:00,SHORT,356.0,366.9116535,364.28821350000004,13.015360000023293,933.9446399999856,eod_flat
2021-09-14 13:40:00+00:00,2021-09-14 20:00:00+00:00,SHORT,360.0,365.9916995,363.1481565,13.124520000014854,1023.6754799999835,eod_flat
2021-09-15 13:40:00+00:00,2021-09-15 17:00:00+00:00,SHORT,365.0,363.46182600000003,364.6801104,21.273805999996682,-444.67380599998506,stop
2021-09-16 13:40:00+00:00,2021-09-16 13:45:00+00:00,LONG,362.0,365.43827100000004,364.30992150000003,21.122519000007173,-408.4625190000047,stop
2021-09-17 13:40:00+00:00,2021-09-17 20:00:00+00:00,SHORT,361.0,364.941752,362.18810850000006,13.124696500003893,994.065303499983,eod_flat
2021-09-20 13:40:00+00:00,2021-09-20 14:20:00+00:00,LONG,372.0,356.66783250000003,355.39090269999997,21.17788560003396,-475.01788560002296,stop
2021-09-21 13:40:00+00:00,2021-09-21 13:50:00+00:00,SHORT,372.0,355.7722105,356.8792524,21.21958680000057,-411.81958679998365,stop
2021-09-22 13:40:00+00:00,2021-09-22 14:00:00+00:00,SHORT,371.0,355.262236,356.239182,21.126966000014477,-362.4469660000204,stop
2021-09-23 13:40:00+00:00,2021-09-23 13:40:00+00:00,SHORT,366.0,359.18204,360.1596132,21.07179120001308,-357.7917912000189,stop
2021-09-24 13:40:00+00:00,2021-09-24 20:00:00+00:00,LONG,365.0,359.87799300000006,362.22188800000004,13.178325000007476,855.5216749999909,eod_flat
2021-09-27 13:40:00+00:00,2021-09-27 15:05:00+00:00,SHORT,369.0,358.222088,359.739567,21.209751000021242,-559.9497510000137,stop
2021-09-28 13:40:00+00:00,2021-09-28 20:00:00+00:00,SHORT,371.0,354.1522915,349.05745200000007,13.044545500027652,1890.1854544999705,eod_flat
2021-09-29 13:40:00+00:00,2021-09-29 13:45:00+00:00,LONG,380.0,350.657532,349.8915077,21.289234000017814,-291.08923400001004,stop
2021-09-30 13:40:00+00:00,2021-09-30 14:10:00+00:00,LONG,379.0,351.01755,350.0014956,21.244617600019126,-385.08461760001137,stop
2021-10-01 13:40:00+00:00,2021-10-01 17:50:00+00:00,SHORT,382.0,347.022648,348.3783174,21.265710800021452,-517.8657108000041,stop
2021-10-04 13:40:00+00:00,2021-10-04 20:00:00+00:00,SHORT,381.0,346.89265450000005,340.81704,13.100875499994231,2314.809124500011,eod_flat
2021-10-05 13:40:00+00:00,2021-10-05 13:40:00+00:00,LONG,391.0,343.59717900000004,342.97226889999996,21.469849100033628,-244.33984910003096,stop
2021-10-06 13:40:00+00:00,2021-10-06 14:05:00+00:00,LONG,390.0,344.24721150000005,343.11225349999995,21.433620000021847,-442.6336200000378,stop
2021-10-07 13:40:00+00:00,2021-10-07 20:00:00+00:00,LONG,379.0,353.09765400000003,352.18239,13.365056000015386,-346.88505600001366,eod_flat
2021-10-08 13:40:00+00:00,2021-10-08 20:00:00+00:00,SHORT,380.0,351.57242049999996,350.12750550000004,13.332300000014357,549.067699999971,eod_flat
2021-10-11 13:40:00+00:00,2021-10-11 19:55:00+00:00,LONG,384.0,349.36746750000003,348.0717079,21.41168640001706,-497.57168640002055,stop
2021-10-12 13:40:00+00:00,2021-10-12 13:45:00+00:00,LONG,382.0,349.157457,347.6417552,21.278087600024946,-578.9980876000171,stop
2021-10-13 13:40:00+00:00,2021-10-13 13:55:00+00:00,LONG,381.0,348.75743700000004,347.9517211,21.22775790001998,-306.97775790002,stop
2021-10-14 13:40:00+00:00,2021-10-14 13:45:00+00:00,SHORT,376.0,352.2323875,352.9188168,21.2174167999965,-258.0974167999948,stop
2021-10-15 13:40:00+00:00,2021-10-15 15:00:00+00:00,SHORT,372.0,355.922203,357.08927550000004,21.230970000001435,-434.1509700000065,stop
2021-10-18 13:40:00+00:00,2021-10-18 13:45:00+00:00,SHORT,370.0,356.142192,356.8992546,21.113161999998056,-280.11316199999385,stop
2021-10-19 13:40:00+00:00,2021-10-19 13:40:00+00:00,SHORT,364.0,362.08189500000003,362.6698893,21.109925200006728,-214.0299251999968,stop
2021-10-20 13:40:00+00:00,2021-10-20 13:45:00+00:00,SHORT,361.0,364.39177950000004,364.8501291,21.06420559999475,-165.46420559998654,stop
2021-10-21 13:40:00+00:00,2021-10-21 20:00:00+00:00,LONG,362.0,363.00814950000006,365.6917145,13.189470000014467,971.4505299999748,eod_flat
2021-10-22 13:40:00+00:00,2021-10-22 13:50:00+00:00,LONG,362.0,364.95824700000003,364.1799358,21.108654400017485,-281.7486544000068,stop
2021-10-25 13:40:00+00:00,2021-10-25 13:40:00+00:00,LONG,362.0,364.70823450000006,363.91996439999997,21.09377620002624,-285.3537762000328,stop
2021-10-26 13:40:00+00:00,2021-10-26 16:05:00+00:00,LONG,356.0,369.41847,368.28948369999995,20.99912280002559,-401.91912280002316,stop
2021-10-27 13:40:00+00:00,2021-10-27 13:40:00+00:00,LONG,356.0,368.24841150000003,367.9995156,20.966940400013755,-88.60694040001295,stop
2021-10-28 13:40:00+00:00,2021-10-28 13:50:00+00:00,SHORT,354.0,370.38147999999995,370.91079570000005,20.99775780002483,-187.3777578000345,stop
2021-10-29 13:40:00+00:00,2021-10-29 20:00:00+00:00,LONG,354.0,369.86849250000006,374.34128200000004,13.1725170000052,1583.3674829999916,eod_flat
2021-11-01 13:40:00+00:00,2021-11-01 17:05:00+00:00,SHORT,354.0,374.4512765,375.20126760000005,21.23684940001681,-265.496849400016,stop
2021-11-02 13:40:00+00:00,2021-11-02 20:00:00+00:00,LONG,352.0,375.358767,377.1711405,13.244528000015634,637.9554719999924,eod_flat
2021-11-03 13:40:00+00:00,2021-11-03 18:05:00+00:00,SHORT,352.0,377.4911245,378.22159980000004,21.287305600002583,-257.1273056000082,stop
2021-11-04 13:40:00+00:00,2021-11-04 13:40:00+00:00,SHORT,347.0,382.3708805,382.6520871,21.238690199996995,-97.57869020000646,stop
2021-11-05 13:40:00+00:00,2021-11-05 13:50:00+00:00,LONG,342.0,388.13940600000006,387.45737499999996,21.214602000035597,-233.25460200003715,stop
2021-11-08 14:40:00+00:00,2021-11-08 14:55:00+00:00,LONG,342.0,387.0893535,386.08752569999996,21.145107600020538,-342.62510760001976,stop
2021-11-09 14:40:00+00:00,2021-11-09 21:00:00+00:00,SHORT,341.0,386.840657,383.1091545,13.127647500001842,1272.4423525000113,eod_flat
2021-11-10 14:40:00+00:00,2021-11-10 14:40:00+00:00,SHORT,351.0,379.78101000000004,380.84188800000004,21.368178000000853,-372.36817800000085,stop
2021-11-11 14:40:00+00:00,2021-11-11 21:00:00+00:00,SHORT,349.0,380.340982,378.83894100000003,13.247691000020097,524.212308999987,eod_flat
2021-11-12 14:40:00+00:00,2021-11-12 15:50:00+00:00,SHORT,351.0,379.6510165,380.1718143,21.340027799996108,-182.80002779998892,stop
2021-11-15 14:40:00+00:00,2021-11-15 14:45:00+00:00,LONG,347.0,384.01920000000007,383.2778348,21.293724400023734,-257.2537244000261,stop
2021-11-16 14:40:00+00:00,2021-11-16 21:00:00+00:00,LONG,347.0,382.95914700000003,385.6307175,13.335036500002275,927.0349634999907,eod_flat
2021-11-17 14:40:00+00:00,2021-11-17 15:15:00+00:00,SHORT,347.0,385.5307225,385.9524501,21.41947719999422,-146.33947719999895,stop
2021-11-18 14:40:00+00:00,2021-11-18 14:50:00+00:00,SHORT,346.0,386.800659,387.79265250000003,21.44975100000977,-343.22975100001213,stop
2021-11-19 14:40:00+00:00,2021-11-19 14:40:00+00:00,SHORT,341.0,390.7504615,391.5030606,21.346293100019352,-256.6362931000186,stop
2021-11-22 14:40:00+00:00,2021-11-22 16:15:00+00:00,LONG,338.0,394.11970500000007,393.28673369999996,21.284299400024338,-281.5442994000374,stop
2021-11-23 14:40:00+00:00,2021-11-23 14:40:00+00:00,SHORT,345.0,384.9707505,386.4725073,21.306096000004118,-518.1060960000034,stop
2021-11-24 14:40:00+00:00,2021-11-24 15:05:00+00:00,SHORT,347.0,381.7709105,383.24215200000003,21.250800500017704,-510.52080050000666,stop
2021-11-26 14:40:00+00:00,2021-11-26 14:45:00+00:00,LONG,342.0,385.2892635,383.75778199999996,21.02667300002406,-523.766673000014,stop
2021-11-29 14:40:00+00:00,2021-11-29 14:55:00+00:00,SHORT,342.0,383.71081350000003,384.942339,21.04172100000551,-421.1817209999915,stop
2021-11-30 14:40:00+00:00,2021-11-30 14:40:00+00:00,LONG,338.0,386.92934550000007,385.95754,20.890259000016272,-328.4702590000247,stop
2021-12-01 14:40:00+00:00,2021-12-01 15:05:00+00:00,SHORT,339.0,385.020748,386.6725293,20.943860700002347,-559.9538606999938,stop
2021-12-02 14:40:00+00:00,2021-12-02 15:45:00+00:00,LONG,347.0,374.59872900000005,373.3389282,20.750877600021454,-437.1508776000175,stop
2021-12-03 14:40:00+00:00,2021-12-03 14:40:00+00:00,LONG,341.0,379.63898100000006,378.6083485,20.675682500018354,-351.44568250002766,stop
2021-12-06 14:40:00+00:00,2021-12-06 15:20:00+00:00,SHORT,203.0,369.4715255,372.6909915,12.071598000008748,-653.5515980000023,stop
2021-12-07 14:40:00+00:00,2021-12-07 21:00:00+00:00,LONG,337.0,382.0291005,385.040747,12.925129500009405,1014.9248704999944,eod_flat
2021-12-08 14:40:00+00:00,2021-12-08 14:50:00+00:00,SHORT,336.0,385.280735,386.242482,20.746992000008504,-323.14699200000086,stop
2021-12-09 14:40:00+00:00,2021-12-09 15:00:00+00:00,LONG,334.0,387.5893785,386.2375092,20.664346200004047,-451.5243462000109,stop
2021-12-10 14:40:00+00:00,2021-12-10 14:45:00+00:00,LONG,334.0,385.6692825,384.357716,20.563211000008778,-438.0632110000088,stop
2021-12-13 14:40:00+00:00,2021-12-13 21:00:00+00:00,SHORT,333.0,385.0507465,380.4990240000001,12.746407500016403,1515.7235924999752,eod_flat
2021-12-14 14:40:00+00:00,2021-12-14 15:20:00+00:00,LONG,345.0,376.12880550000006,374.9387522,20.718388500017113,-410.56838850001554,stop
2021-12-15 14:40:00+00:00,2021-12-15 19:10:00+00:00,SHORT,345.0,375.401229,376.76143920000004,20.77251900000988,-469.2725190000138,stop
2021-12-16 14:40:00+00:00,2021-12-16 14:40:00+00:00,SHORT,334.0,385.69071449999996,386.28248640000004,20.631814600017833,-197.6518146000277,stop
2021-12-17 14:40:00+00:00,2021-12-17 14:40:00+00:00,LONG,345.0,373.00864950000005,371.1191724,20.519599500013044,-651.8695995000076,stop
2021-12-20 14:40:00+00:00,2021-12-20 14:40:00+00:00,SHORT,348.0,368.54157200000003,369.240612,20.545919999993657,-243.2659199999889,stop
2021-12-21 14:40:00+00:00,2021-12-21 14:40:00+00:00,LONG,343.0,372.74863650000003,372.6290063,20.453158600005168,-41.03315860000595,stop
2021-12-22 14:40:00+00:00,2021-12-22 14:40:00+00:00,SHORT,339.0,377.3311325,377.91156570000004,20.486854800011542,-196.76685480000538,stop
2021-12-23 14:40:00+00:00,2021-12-23 21:00:00+00:00,LONG,333.0,383.5691775,386.4906745,12.821498999997175,972.8585009999961,eod_flat
2021-12-27 14:40:00+00:00,2021-12-27 21:00:00+00:00,LONG,331.0,388.359417,391.55042149999997,12.907510500018361,1056.2224894999877,eod_flat
2021-12-28 14:40:00+00:00,2021-12-28 21:00:00+00:00,SHORT,331.0,391.940402,389.88949350000007,12.939286500013395,678.8507134999784,eod_flat
2021-12-29 14:40:00+00:00,2021-12-29 14:40:00+00:00,LONG,334.0,390.73953600000004,390.057089,20.857298000006722,-227.93729800000824,stop
2021-12-30 14:40:00+00:00,2021-12-30 14:45:00+00:00,LONG,333.0,390.49952400000006,389.3671649,20.765580300031388,-377.0755803000291,stop
2021-12-31 14:40:00+00:00,2021-12-31 14:50:00+00:00,LONG,333.0,389.24946150000005,388.04731009999995,20.696416200020508,-400.3164162000349,stop
2022-01-03 14:40:00+00:00,2022-01-03 14:50:00+00:00,LONG,333.0,388.86944250000005,387.4073805,20.666646000008598,-486.86664600001995,stop
2022-01-04 14:40:00+00:00,2022-01-04 21:00:00+00:00,SHORT,330.0,390.0304975,385.4392710000001,12.795255000015686,1515.1047449999828,eod_flat
2022-01-05 14:40:00+00:00,2022-01-05 14:55:00+00:00,SHORT,274.0,381.3109335,383.7522081,16.789240400012886,-668.9092404000116,stop
2022-01-06 14:40:00+00:00,2022-01-06 15:05:00+00:00,LONG,228.0,373.7386860000001,370.84920209999996,13.562329200020258,-658.8023292000296,stop
2022-01-07 14:40:00+00:00,2022-01-07 14:45:00+00:00,SHORT,313.0,371.721413,373.84111800000005,18.68766500002033,-663.467665000021,stop
2022-01-10 14:40:00+00:00,2022-01-10 18:55:00+00:00,SHORT,300.0,362.7118635,364.8801324,17.480670000009013,-650.480669999996,stop
2022-01-11 14:40:00+00:00,2022-01-11 14:40:00+00:00,SHORT,348.0,367.6116185,368.7305559,20.510215199996765,-389.39021519999756,stop
2022-01-12 14:40:00+00:00,2022-01-12 14:45:00+00:00,LONG,337.0,378.32891550000005,376.8885377,20.34731860002796,-485.40731860002643,stop
2022-01-13 14:40:00+00:00,2022-01-13 14:40:00+00:00,SHORT,336.0,377.421128,377.941569,20.308176000008643,-174.86817600000177,stop
2022-01-14 14:40:00+00:00,2022-01-14 21:00:00+00:00,LONG,347.0,365.14825650000006,369.07154549999996,12.738717000028487,1361.3812829999645,eod_flat
2022-01-18 14:40:00+00:00,2022-01-18 14:45:00+00:00,SHORT,343.0,361.9819,363.89002350000004,19.936360500007538,-654.4863605000153,stop
2022-01-19 14:40:00+00:00,2022-01-19 14:40:00+00:00,LONG,353.0,361.3480665,361.0402812,20.398210900012202,-108.6482109000122,stop
2022-01-20 14:40:00+00:00,2022-01-20 19:15:00+00:00,LONG,354.0,359.77798800000005,358.80052759999995,20.340981600028954,-346.0209816000346,stop
2022-01-21 14:40:00+00:00,2022-01-21 14:45:00+00:00,LONG,269.0,350.537526,348.1217024,15.016548400014358,-649.8565484000028,stop
2022-01-24 14:40:00+00:00,2022-01-24 14:40:00+00:00,SHORT,376.0,335.803209,336.7970436,20.241809600006036,-373.6818096000052,stop
2022-01-25 14:40:00+00:00,2022-01-25 14:50:00+00:00,LONG,374.0,336.67683300000004,335.7530631,20.10994260000757,-345.4899426000093,stop
2022-01-26 14:40:00+00:00,2022-01-26 15:05:00+00:00,SHORT,343.0,341.39292950000004,343.27775640000004,18.805626700007963,-646.4956267000025,stop
2022-01-27 14:40:00+00:00,2022-01-27 14:45:00+00:00,SHORT,370.0,337.94310199999995,339.6873615,20.076015000021243,-645.3760150000204,stop
2022-01-28 14:40:00+00:00,2022-01-28 15:55:00+00:00,SHORT,200.0,330.76346099999995,333.9267279,10.653380000007928,-632.6533800000107,stop
2022-01-31 14:40:00+00:00,2022-01-31 21:00:00+00:00,LONG,253.0,343.82719050000003,352.80235899999997,8.81236950001329,2270.7176304999844,eod_flat
2022-02-01 14:40:00+00:00,2022-02-01 20:35:00+00:00,SHORT,357.0,352.8923545,354.1189488,20.2041651000103,-437.8941650999957,stop
2022-02-02 14:40:00+00:00,2022-02-02 14:40:00+00:00,SHORT,351.0,358.122093,359.2695153,20.155227299994635,-402.7452273000058,stop
2022-02-03 14:40:00+00:00,2022-02-03 17:00:00+00:00,LONG,359.0,348.32741550000003,347.49177169999996,19.976124200014794,-299.9961242000254,stop
2022-02-04 14:40:00+00:00,2022-02-04 14:45:00+00:00,SHORT,257.0,342.462876,344.937939,14.151191000004701,-636.0911909999942,stop
2022-02-07 14:40:00+00:00,2022-02-07 14:40:00+00:00,SHORT,357.0,347.58262,348.71835480000004,19.897323600013863,-405.4573236000082,stop
2022-02-08 14:40:00+00:00,2022-02-08 14:40:00+00:00,SHORT,360.0,343.5928195,344.88793350000003,19.841040000001158,-466.24104000000443,stop
2022-02-09 14:40:00+00:00,2022-02-09 14:40:00+00:00,SHORT,349.0,352.9323525,353.64889710000006,19.734065400018153,-250.07406540002688,stop
2022-02-10 14:40:00+00:00,2022-02-10 18:40:00+00:00,LONG,351.0,350.24751150000003,348.8816188,19.618337700005384,-479.4283377000062,stop
2022-02-11 14:40:00+00:00,2022-02-11 14:40:00+00:00,LONG,352.0,348.47742300000004,348.0017156,19.609004800026014,-167.4490048000116,stop
2022-02-14 14:40:00+00:00,2022-02-14 18:55:00+00:00,LONG,363.0,337.0468515,335.763062,19.525588500018273,-466.01558850000424,stop
2022-02-15 14:40:00+00:00,2022-02-15 14:55:00+00:00,LONG,355.0,343.4071695,342.0223734,19.452615500011632,-491.602615500006,stop
2022-02-16 14:40:00+00:00,2022-02-16 19:25:00+00:00,SHORT,354.0,343.14284200000003,343.7478081,19.457999400000517,-214.15799939998442,stop
2022-02-17 14:40:00+00:00,2022-02-17 14:50:00+00:00,LONG,354.0,342.6771330000001,342.1223624,19.38879240003439,-196.3887924000344,stop
2022-02-18 14:40:00+00:00,2022-02-18 15:00:00+00:00,SHORT,361.0,335.063246,336.737037,19.418550999996285,-604.2385509999979,stop
2022-02-22 14:40:00+00:00,2022-02-22 14:40:00+00:00,LONG,366.0,328.88644350000004,328.3838738,19.24051020001798,-183.94051020001382,stop
2022-02-23 14:40:00+00:00,2022-02-23 14:40:00+00:00,LONG,363.0,331.7865885,330.96358999999995,19.23845550002102,-298.7484555000144,stop
2022-02-24 14:40:00+00:00,2022-02-24 21:00:00+00:00,LONG,183.0,312.355617,330.903454,5.885829000004662,3394.2541710000028,eod_flat
2022-02-25 14:40:00+00:00,2022-02-25 14:40:00+00:00,SHORT,372.0,331.343432,331.6464771,19.732777200007376,-112.73277720000738,stop
2022-02-28 14:40:00+00:00,2022-02-28 14:45:00+00:00,LONG,369.0,333.856692,332.3434382,19.650652200018442,-558.3906522000109,stop
2022-03-01 14:40:00+00:00,2022-03-01 15:15:00+00:00,LONG,364.0,336.7068345,335.1531291,19.54876560000457,-565.5487656000046,stop
2022-03-02 14:40:00+00:00,2022-03-02 14:45:00+00:00,SHORT,368.0,332.163391,333.6767004,19.617859200016937,-556.8978592000094,stop
2022-03-03 14:40:00+00:00,2022-03-03 21:00:00+00:00,SHORT,359.0,339.0930445,331.8265905,12.043014000000426,2608.6569860000036,eod_flat
2022-03-04 14:40:00+00:00,2022-03-04 14:45:00+00:00,LONG,376.0,330.4065195,329.96369999999996,19.860132000020712,-166.50013200001558,stop
2022-03-07 14:40:00+00:00,2022-03-07 21:00:00+00:00,SHORT,379.0,327.08364500000005,315.64578150000006,12.17973350001347,4334.950266499997,eod_flat
2022-03-08 14:40:00+00:00,2022-03-08 14:40:00+00:00,SHORT,367.0,313.52432300000004,315.3446841,18.48252369999085,-668.0725236999842,stop
2022-03-09 14:40:00+00:00,2022-03-09 15:05:00+00:00,SHORT,398.0,321.043947,322.5654783,20.509457400008728,-605.569457399997,stop
2022-03-10 14:40:00+00:00,2022-03-10 15:00:00+00:00,SHORT,397.0,320.423978,321.60537270000003,20.403695900023763,-469.01369590002196,stop
2022-03-11 14:40:00+00:00,2022-03-11 21:00:00+00:00,SHORT,391.0,323.78381,315.19575900000007,12.492059000021186,3357.927940999981,eod_flat
2022-03-14 13:40:00+00:00,2022-03-14 13:45:00+00:00,SHORT,415.0,313.3943295,314.734617,20.869312500010153,-556.2193124999951,stop
2022-03-15 13:40:00+00:00,2022-03-15 13:40:00+00:00,LONG,415.0,312.18560850000006,311.465735,20.69750250001931,-298.7475025000259,stop
2022-03-16 13:40:00+00:00,2022-03-16 18:10:00+00:00,LONG,399.0,323.2661625,322.364536,20.598973499999033,-359.7489735000081,stop
2022-03-17 13:40:00+00:00,2022-03-17 20:00:00+00:00,LONG,392.0,328.656432,333.643317,12.981080000003658,1954.8589200000115,eod_flat
2022-03-18 13:40:00+00:00,2022-03-18 13:40:00+00:00,SHORT,394.0,332.0533965,333.3466641,20.987434399988047,-509.54743439999163,stop
2022-03-21 13:40:00+00:00,2022-03-21 13:55:00+00:00,LONG,382.0,341.21706,340.1225824,20.810443200015698,-418.0904432000018,stop
2022-03-22 13:40:00+00:00,2022-03-22 20:00:00+00:00,LONG,380.0,341.55707700000005,346.762661,13.078080000008185,1978.1219199999737,eod_flat
2022-03-23 13:40:00+00:00,2022-03-23 14:15:00+00:00,SHORT,384.0,343.542822,344.5478961,21.148454400004994,-385.9484544000006,stop
2022-03-24 13:40:00+00:00,2022-03-24 13:45:00+00:00,SHORT,383.0,343.38282999999996,344.10784770000004,21.071779100024685,-277.6817791000308,stop
2022-03-25 13:40:00+00:00,2022-03-25 14:40:00+00:00,SHORT,375.0,349.122543,350.22852090000003,20.991712500006088,-414.74171250001035,stop
2022-03-28 13:40:00+00:00,2022-03-28 15:40:00+00:00,LONG,373.0,350.55752700000005,349.261577,20.869350000019608,-483.389350000023,stop
2022-03-29 13:40:00+00:00,2022-03-29 13:45:00+00:00,LONG,362.0,360.0480015,358.3705749,20.78842920001523,-607.2284291999963,stop
2022-03-30 13:40:00+00:00,2022-03-30 13:40:00+00:00,LONG,360.0,359.717985,358.99050669999997,20.69218800000499,-261.8921880000107,stop
2022-03-31 13:40:00+00:00,2022-03-31 15:00:00+00:00,SHORT,363.0,355.882205,357.3092997,20.72537609999756,-518.0353760999992,stop
2022-04-01 13:40:00+00:00,2022-04-01 20:00:00+00:00,SHORT,365.0,352.422378,351.42757050000006,12.845262500018464,363.1047374999716,eod_flat
2022-04-04 13:40:00+00:00,2022-04-04 20:00:00+00:00,LONG,366.0,353.01765000000006,358.75206149999997,13.02539100002707,2098.7946089999664,eod_flat
2022-04-05 13:40:00+00:00,2022-04-05 13:40:00+00:00,LONG,367.0,357.70788450000003,357.36068599999993,20.991849500030696,-127.4218495000382,stop
2022-04-06 13:40:00+00:00,2022-04-06 19:05:00+00:00,SHORT,379.0,345.69271449999997,346.7581392000001,21.00596130002276,-403.79596130004086,stop
2022-04-07 13:40:00+00:00,2022-04-07 14:45:00+00:00,LONG,348.0,344.21721,342.2823448,19.093089600017947,-673.3330896000164,stop
2022-04-08 13:40:00+00:00,2022-04-08 15:05:00+00:00,SHORT,381.0,341.3129335,342.79770360000003,20.867408100015837,-565.6974081000185,stop
2022-04-11 13:40:00+00:00,2022-04-11 13:50:00+00:00,SHORT,387.0,334.403279,335.7269259,20.761350300018023,-512.2513503000109,stop
2022-04-12 13:40:00+00:00,2022-04-12 13:50:00+00:00,SHORT,385.0,335.23323750000003,336.26698530000004,20.692902999998637,-397.99290300000564,stop
2022-04-13 13:40:00+00:00,2022-04-13 13:40:00+00:00,SHORT,389.0,330.2934845,330.7563792,20.576038300009486,-180.06603830001922,stop
2022-04-14 13:40:00+00:00,2022-04-14 13:40:00+00:00,LONG,381.0,336.916845,336.1330213,20.506829700025264,-298.63682970001054,stop
2022-04-18 13:40:00+00:00,2022-04-18 13:55:00+00:00,LONG,389.0,329.43647100000004,327.91392549999995,20.440199500025187,-592.2701995000358,stop
2022-04-19 13:40:00+00:00,2022-04-19 13:40:00+00:00,LONG,387.0,329.3464665,328.0739079,20.340178200021057,-492.4801782000096,stop
2022-04-20 13:40:00+00:00,2022-04-20 20:00:00+00:00,SHORT,377.0,336.603169,331.6465815,12.596512500020367,1868.633487499983,eod_flat
2022-04-21 13:40:00+00:00,2022-04-21 14:10:00+00:00,LONG,281.0,337.71688500000005,335.3731049,15.112208100027203,-658.6022081000169,stop
2022-04-22 13:40:00+00:00,2022-04-22 13:40:00+00:00,LONG,394.0,325.57627800000006,324.55429509999993,20.48126260003869,-402.66126260004944,stop
2022-04-25 13:40:00+00:00,2022-04-25 13:50:00+00:00,LONG,406.0,314.95574700000003,314.065449,20.42098800002225,-361.4609880000121,stop
2022-04-26 13:40:00+00:00,2022-04-26 20:00:00+00:00,SHORT,354.0,316.7541615,308.68543350000004,11.07028800000046,2856.3297119999875,eod_flat
2022-04-27 13:40:00+00:00,2022-04-27 14:15:00+00:00,LONG,323.0,310.1655075,308.11610349999995,15.957492000012337,-661.9574920000123,stop
2022-04-28 13:40:00+00:00,2022-04-28 13:40:00+00:00,LONG,414.0,313.05565200000007,312.5156195,20.713455000017802,-223.57345500002157,stop
2022-04-29 13:40:00+00:00,2022-04-29 14:30:00+00:00,LONG,251.0,315.895794,313.23554029999997,12.61367870001044,-667.7236787000138,stop
2022-05-02 13:40:00+00:00,2022-05-02 13:45:00+00:00,SHORT,395.0,303.64481700000005,305.33358300000003,19.26257000000021,-667.0625699999948,stop
2022-05-03 13:40:00+00:00,2022-05-03 14:00:00+00:00,SHORT,414.0,309.304534,309.8640813,20.512582200011934,-231.65258220000817,stop
2022-05-04 13:40:00+00:00,2022-05-04 17:05:00+00:00,SHORT,413.0,309.664516,310.6441671,20.50590430000227,-404.5959043000051,stop
2022-05-05 13:40:00+00:00,2022-05-05 20:00:00+00:00,SHORT,405.0,315.0942445,303.23516100000006,12.52118250001871,4802.928817499976,eod_flat
2022-05-06 13:40:00+00:00,2022-05-06 14:20:00+00:00,SHORT,259.0,300.5149735,303.1133388,12.5266127000001,-672.976612700003,stop
2022-05-09 13:40:00+00:00,2022-05-09 13:50:00+00:00,LONG,445.0,295.62478050000004,294.3376193,20.986734000027525,-572.7867340000316,stop
2022-05-10 13:40:00+00:00,2022-05-10 20:00:00+00:00,SHORT,395.0,295.58522000000005,292.87464300000005,11.622085000003324,1070.6779150000002,eod_flat
2022-05-11 13:40:00+00:00,2022-05-11 13:45:00+00:00,SHORT,231.0,289.045547,291.93210899999997,10.755821999998716,-666.795821999993,stop
2022-05-12 13:40:00+00:00,2022-05-12 13:50:00+00:00,SHORT,210.0,278.206089,281.4209529,9.421418999999105,-675.1214189999905,stop
2022-05-13 13:40:00+00:00,2022-05-13 13:45:00+00:00,SHORT,371.0,286.545672,288.33171300000004,17.081211000000906,-662.6212110000042,stop
2022-05-16 13:40:00+00:00,2022-05-16 13:45:00+00:00,SHORT,447.0,290.96545100000003,292.3621563,20.877269099993327,-624.3272690999781,stop
2022-05-17 13:40:00+00:00,2022-05-17 13:50:00+00:00,LONG,437.0,296.37481800000006,295.1775269,20.666210700022816,-523.2162107000377,stop
2022-05-18 13:40:00+00:00,2022-05-18 13:40:00+00:00,LONG,440.0,293.31466500000005,292.6878008,20.620248000032007,-275.820248000025,stop
2022-05-19 13:40:00+00:00,2022-05-19 13:50:00+00:00,LONG,456.0,282.5241255,281.2090636,20.548226400029307,-599.668226400021,stop
2022-05-20 13:40:00+00:00,2022-05-20 20:00:00+00:00,SHORT,450.0,284.3957795,280.15400700000004,12.702375000031907,1908.7976249999856,eod_flat
2022-05-23 13:40:00+00:00,2022-05-23 13:45:00+00:00,SHORT,462.0,281.725913,282.1710354,20.846548800011647,-205.64654880000114,stop
2022-05-24 13:40:00+00:00,2022-05-24 20:00:00+00:00,SHORT,464.0,279.566021,278.5839285,12.949080000012145,455.69091999998363,eod_flat
2022-05-25 13:40:00+00:00,2022-05-25 20:00:00+00:00,LONG,392.0,279.2839635,282.7158635,11.015200000020286,1345.304799999994,eod_flat
2022-05-26 13:40:00+00:00,2022-05-26 20:00:00+00:00,LONG,341.0,284.074203,291.345432,9.81091100000208,2479.489089000002,eod_flat
2022-05-27 13:40:00+00:00,2022-05-27 20:00:00+00:00,LONG,454.0,295.094754,299.865006,13.505592000018396,2165.6944079999867,eod_flat
2022-05-31 13:40:00+00:00,2022-05-31 15:55:00+00:00,SHORT,268.0,298.21508850000004,300.8030847,12.862981600000012,-693.5829815999903,stop
2022-06-01 13:40:00+00:00,2022-06-01 14:10:00+00:00,LONG,447.0,303.18515850000006,301.7867998,21.616338900022868,-625.0663389000331,stop
2022-06-02 13:40:00+00:00,2022-06-02 20:00:00+00:00,LONG,424.0,296.574828,305.4147285,12.762188000002425,3748.1178119999995,eod_flat
2022-06-03 13:40:00+00:00,2022-06-03 13:40:00+00:00,LONG,460.0,301.26506250000006,299.7270264,22.096606000021666,-707.4966060000258,stop
2022-06-06 13:40:00+00:00,2022-06-06 14:05:00+00:00,SHORT,457.0,302.07489549999997,303.1733454,22.141604300016866,-501.99160430002206,stop
2022-06-07 13:40:00+00:00,2022-06-07 20:00:00+00:00,LONG,432.0,295.9247955000001,301.8749055,12.912480000009964,2570.4475199999733,eod_flat
2022-06-08 13:40:00+00:00,2022-06-08 13:40:00+00:00,SHORT,466.0,300.224988,300.84308910000004,22.41511260002494,-288.03511260002176,stop
2022-06-09 13:40:00+00:00,2022-06-09 13:45:00+00:00,LONG,439.0,298.454922,296.8373443,20.886610300014695,-710.1166103000116,stop
2022-06-10 13:40:00+00:00,2022-06-10 20:00:00+00:00,SHORT,273.0,284.165791,281.41407,7.720166999999378,751.2198330000087,eod_flat
2022-06-13 13:40:00+00:00,2022-06-13 14:15:00+00:00,LONG,463.0,273.42367050000007,271.8500932,20.17628990001765,-728.5662899000313,stop
2022-06-14 13:40:00+00:00,2022-06-14 17:25:00+00:00,SHORT,516.0,269.46652600000004,270.6797715,22.314678000006097,-626.034677999985,stop
2022-06-15 13:40:00+00:00,2022-06-15 13:40:00+00:00,LONG,509.0,271.8835935,271.1501702,22.102459700014776,-373.3124597000136,stop
2022-06-16 13:40:00+00:00,2022-06-16 20:00:00+00:00,SHORT,457.0,266.866656,263.18315850000005,12.11164250002247,1683.3583574999682,eod_flat
2022-06-17 13:40:00+00:00,2022-06-17 14:25:00+00:00,LONG,356.0,266.42332050000005,264.4509072,15.099134800007505,-702.1791348000099,stop
2022-06-21 13:40:00+00:00,2022-06-21 20:00:00+00:00,LONG,510.0,272.6636325,274.34628200000003,13.948755000005804,858.1512450000128,eod_flat
2022-06-22 13:40:00+00:00,2022-06-22 20:00:00+00:00,LONG,514.0,272.05360200000007,274.246287,14.0399100000227,1127.0400899999622,eod_flat
2022-06-23 13:40:00+00:00,2022-06-23 14:45:00+00:00,SHORT,513.0,275.0962445,276.4704084,22.656080700000473,-704.9460806999923,stop
2022-06-24 13:40:00+00:00,2022-06-24 20:00:00+00:00,LONG,450.0,281.6440815,286.5556715,12.784500000003618,2210.2154999999952,eod_flat
2022-06-27 13:40:00+00:00,2022-06-27 20:00:00+00:00,SHORT,307.0,286.52567300000004,284.13420600000006,8.759631000011836,734.1803689999931,eod_flat
2022-06-28 13:40:00+00:00,2022-06-28 14:10:00+00:00,LONG,313.0,287.36436750000007,284.98864779999997,14.310266100019817,-743.6002661000326,stop
2022-06-29 13:40:00+00:00,2022-06-29 13:55:00+00:00,SHORT,306.0,274.2162885,276.5904216,13.504728600003205,-726.4847285999983,stop
2022-06-30 13:40:00+00:00,2022-06-30 15:30:00+00:00,SHORT,460.0,272.706364,274.27016640000005,20.149104000028046,-719.3491040000197,stop
2022-07-01 13:40:00+00:00,2022-07-01 13:50:00+00:00,SHORT,444.0,271.3364325,273.03003,19.357290000014473,-751.9572900000044,stop
2022-07-05 13:40:00+00:00,2022-07-05 13:50:00+00:00,SHORT,520.0,270.1564915,271.36984739999997,22.545067999997173,-630.9450679999759,stop
2022-07-06 13:40:00+00:00,2022-07-06 13:40:00+00:00,LONG,498.0,280.394019,279.3792649,22.28754180001704,-505.3475418000023,stop
2022-07-07 13:40:00+00:00,2022-07-07 20:00:00+00:00,LONG,405.0,283.88419350000004,287.3556315,11.567610000008983,1405.932389999991,eod_flat
2022-07-08 13:40:00+00:00,2022-07-08 13:55:00+00:00,LONG,493.0,284.994249,283.7587831,22.41468870000523,-609.0846887000041,stop
2022-07-11 13:40:00+00:00,2022-07-11 20:00:00+00:00,SHORT,492.0,284.3157835,280.98404850000003,13.906379999988303,1639.2136199999904,eod_flat
2022-07-12 13:40:00+00:00,2022-07-12 13:50:00+00:00,LONG,501.0,282.99414900000005,282.40893159999996,22.653917400034857,-293.1939174000451,stop
2022-07-13 13:40:00+00:00,2022-07-13 20:00:00+00:00,LONG,516.0,274.133706,278.83605750000004,14.26662599999895,2426.4133740000107,eod_flat
2022-07-14 13:40:00+00:00,2022-07-14 15:45:00+00:00,SHORT,349.0,274.50627399999996,276.6204249,15.408664100011777,-737.8386641000094,stop
2022-07-15 13:40:00+00:00,2022-07-15 13:45:00+00:00,LONG,505.0,283.01415000000003,282.18895580000003,22.823071000013044,-416.72307099999927,stop
2022-07-18 13:40:00+00:00,2022-07-18 17:35:00+00:00,LONG,496.0,287.39436900000004,286.2185125,22.744824000034896,-583.2248240000326,stop
2022-07-19 13:40:00+00:00,2022-07-19 14:30:00+00:00,SHORT,498.0,285.08574500000003,286.13147100000003,22.771548000000962,-520.771548000001,stop
2022-07-20 13:40:00+00:00,2022-07-20 20:00:00+00:00,LONG,486.0,291.18455850000004,295.09524450000004,14.246603999999707,1900.5933959999993,eod_flat
2022-07-21 13:40:00+00:00,2022-07-21 13:55:00+00:00,SHORT,445.0,294.6952645,296.33259300000003,21.06118249999639,-728.6111825000105,stop
2022-07-22 13:40:00+00:00,2022-07-22 13:40:00+00:00,SHORT,479.0,298.0950945,298.7128548,22.877183699996692,-295.9071836999934,stop
2022-07-25 13:40:00+00:00,2022-07-25 20:00:00+00:00,SHORT,484.0,293.9353025,292.134606,14.182894000012539,871.5371059999798,eod_flat
2022-07-26 13:40:00+00:00,2022-07-26 20:00:00+00:00,SHORT,495.0,289.64551700000004,287.07435300000003,14.273820000006197,1272.7261800000051,eod_flat
2022-07-27 13:40:00+00:00,2022-07-27 13:40:00+00:00,SHORT,497.0,291.03544750000003,291.9221079,23.19021880000372,-440.6702187999913,stop
2022-07-28 13:40:00+00:00,2022-07-28 13:40:00+00:00,LONG,482.0,298.914945,298.29718369999995,23.020946600022853,-297.76094660001957,stop
2022-07-29 13:40:00+00:00,2022-07-29 13:45:00+00:00,SHORT,475.0,302.58487,303.76341030000003,23.05664250000632,-559.8066425000042,stop
2022-08-01 13:40:00+00:00,2022-08-01 13:40:00+00:00,SHORT,469.0,305.1747405,305.8636413,22.93447520000592,-323.0944751999995,stop
2022-08-02 13:40:00+00:00,2022-08-02 14:10:00+00:00,LONG,467.0,305.81529000000006,304.4865028,22.783622400023035,-620.5436224000368,stop
2022-08-03 13:40:00+00:00,2022-08-03 20:00:00+00:00,LONG,460.0,309.035451,315.00424899999996,14.352920000029599,2745.6470799999706,eod_flat
2022-08-04 13:40:00+00:00,2022-08-04 14:20:00+00:00,LONG,461.0,314.77573800000005,313.84547319999996,23.17207280004294,-428.85207280004084,stop
2022-08-05 13:40:00+00:00,2022-08-05 15:30:00+00:00,LONG,463.0,312.4056195,310.8058076,23.06290970000407,-740.7129097000093,stop
2022-08-08 13:40:00+00:00,2022-08-08 15:45:00+00:00,LONG,400.0,315.4057695,313.5455062,20.105320000016036,-744.105320000017,stop
2022-08-09 13:40:00+00:00,2022-08-09 20:00:00+00:00,SHORT,444.0,309.1545415,308.88544350000006,13.720488000036767,119.47951199996828,eod_flat
2022-08-10 13:40:00+00:00,2022-08-10 15:05:00+00:00,SHORT,454.0,315.2942345,316.6748304,22.97053860000858,-626.7905386000014,stop
2022-08-11 13:40:00+00:00,2022-08-11 13:45:00+00:00,SHORT,447.0,319.05404649999997,320.14521210000004,22.871023200021057,-487.7510232000302,stop
2022-08-12 13:40:00+00:00,2022-08-12 13:45:00+00:00,SHORT,448.0,317.344132,318.07498440000006,22.781875200023933,-327.421875200027,stop
2022-08-15 13:40:00+00:00,2022-08-15 20:00:00+00:00,LONG,440.0,322.45612200000005,324.3137835,14.228940000016337,817.3710599999777,eod_flat
2022-08-16 13:40:00+00:00,2022-08-16 15:50:00+00:00,SHORT,441.0,323.363831,323.90562570000003,22.841462700007185,-238.9314627000112,stop
2022-08-17 13:40:00+00:00,2022-08-17 13:45:00+00:00,LONG,444.0,320.62603050000007,320.3747549,22.7663664000238,-111.56636640001875,stop
2022-08-18 13:40:00+00:00,2022-08-18 13:50:00+00:00,SHORT,446.0,318.844057,320.135211,22.81468399999858,-575.8546840000026,stop
2022-08-19 13:40:00+00:00,2022-08-19 20:00:00+00:00,SHORT,446.0,317.66411600000004,314.635731,14.10028999999463,1350.6597100000063,eod_flat
2022-08-22 13:40:00+00:00,2022-08-22 20:00:00+00:00,SHORT,463.0,309.18453999999997,306.0153,14.241880000020103,1467.3581199999746,eod_flat
2022-08-23 13:40:00+00:00,2022-08-23 13:45:00+00:00,LONG,471.0,306.80533950000006,305.7963587,23.069956800017906,-475.22995680003504,stop
2022-08-24 13:40:00+00:00,2022-08-24 13:55:00+00:00,SHORT,472.0,305.03474750000004,306.233682,23.097083999987262,-565.8970839999765,stop
2022-08-25 13:40:00+00:00,2022-08-25 14:00:00+00:00,SHORT,466.0,307.8546065,308.8239669,23.001946400005522,-451.72194640001294,stop
2022-08-26 13:40:00+00:00,2022-08-26 13:45:00+00:00,LONG,458.0,312.18560850000006,311.22576139999995,22.82997180003622,-439.6099718000477,stop
2022-08-29 13:40:00+00:00,2022-08-29 14:55:00+00:00,LONG,336.0,298.294914,296.1174235,15.956808000012643,-731.6368080000111,stop
2022-08-30 13:40:00+00:00,2022-08-30 20:00:00+00:00,SHORT,476.0,298.1950895,292.5246255,14.059136000003491,2699.140863999991,eod_flat
2022-08-31 13:40:00+00:00,2022-08-31 13:45:00+00:00,SHORT,469.0,294.625268,296.19257760000005,22.18820240000258,-735.0682024000207,stop
2022-09-01 13:40:00+00:00,2022-09-01 13:45:00+00:00,SHORT,498.0,288.485575,289.4918406,23.040268800013223,-501.12026880000303,stop
2022-09-02 13:40:00+00:00,2022-09-02 14:35:00+00:00,SHORT,321.0,292.5553715,294.81242579999997,15.10443030000431,-724.5144302999977,stop
2022-09-06 13:40:00+00:00,2022-09-06 20:00:00+00:00,SHORT,488.0,287.425628,285.274263,13.973880000004101,1049.8661199999992,eod_flat
2022-09-07 13:40:00+00:00,2022-09-07 14:20:00+00:00,LONG,501.0,286.90434450000004,285.79855869999994,22.938685800044937,-553.9986858000461,stop
2022-09-08 13:40:00+00:00,2022-09-08 13:45:00+00:00,SHORT,497.0,288.07559549999996,289.2018087,22.967960400005495,-559.7279604000258,stop
2022-09-09 13:40:00+00:00,2022-09-09 20:00:00+00:00,LONG,481.0,296.18480850000003,299.38503,14.323458500009792,1539.3065414999717,eod_flat
2022-09-12 13:40:00+00:00,2022-09-12 16:15:00+00:00,LONG,478.0,301.17505800000004,300.2769659,22.988023800009273,-429.28802380002014,stop
2022-09-13 13:40:00+00:00,2022-09-13 13:40:00+00:00,LONG,488.0,294.21471,293.61769849999996,22.941612000025998,-291.34161200003155,stop
2022-09-14 13:40:00+00:00,2022-09-14 13:45:00+00:00,SHORT,400.0,285.64571700000005,287.4816195,18.361000000004424,-734.3609999999899,stop
2022-09-15 13:40:00+00:00,2022-09-15 14:30:00+00:00,LONG,497.0,286.7643375,285.90854659999997,22.758077300021228,-425.32807730002236,stop
2022-09-16 13:40:00+00:00,2022-09-16 14:15:00+00:00,SHORT,509.0,279.286035,280.37083739999997,22.804421599990064,-552.1644215999715,stop
2022-09-19 13:40:00+00:00,2022-09-19 20:00:00+00:00,LONG,472.0,281.12405550000005,284.425778,13.346980000027543,1558.413019999965,eod_flat
2022-09-20 13:40:00+00:00,2022-09-20 13:40:00+00:00,LONG,507.0,282.61413000000005,281.86899099999994,22.88547300003188,-377.78547300005494,stop
2022-09-21 13:40:00+00:00,2022-09-21 13:50:00+00:00,SHORT,505.0,282.63586749999996,283.51118280000003,22.884226500013654,-442.0342265000343,stop
2022-09-22 13:40:00+00:00,2022-09-22 13:40:00+00:00,LONG,516.0,275.9437965,275.3997027,22.752400800021405,-280.7524008000214,stop
2022-09-23 13:40:00+00:00,2022-09-23 13:40:00+00:00,LONG,523.0,271.5235755,270.5802329,22.668179800008772,-493.3681797999969,stop
2022-09-26 13:40:00+00:00,2022-09-26 16:30:00+00:00,LONG,389.0,270.453522,268.5804529,16.753879900009792,-728.6238799000037,stop
2022-09-27 13:40:00+00:00,2022-09-27 14:05:00+00:00,LONG,432.0,273.033651,271.370146,18.794160000016745,-718.6341600000187,stop
2022-09-28 13:40:00+00:00,2022-09-28 13:45:00+00:00,SHORT,523.0,267.18664,268.59954270000003,22.438112100006947,-738.9481121000093,stop
2022-09-29 13:40:00+00:00,2022-09-29 20:00:00+00:00,SHORT,517.0,269.3765305,265.83329100000003,13.83517850001192,1831.8548214999846,eod_flat
2022-09-30 13:40:00+00:00,2022-09-30 13:40:00+00:00,LONG,523.0,266.033301,264.6508852,22.183463400007724,-723.0034633999946,stop
2022-10-03 13:40:00+00:00,2022-10-03 13:50:00+00:00,SHORT,535.0,262.526873,263.6489982,22.536981999992918,-600.3369819999843,stop
2022-10-04 13:40:00+00:00,2022-10-04 20:00:00+00:00,LONG,511.0,273.7836885,275.5762205,14.036147999999457,915.9838519999971,eod_flat
2022-10-05 13:40:00+00:00,2022-10-05 13:45:00+00:00,LONG,516.0,273.11365500000005,271.87009099999995,22.47902400003113,-641.6790240000546,stop
2022-10-06 13:40:00+00:00,2022-10-06 14:05:00+00:00,LONG,467.0,276.19380900000004,274.6397863,20.558600900012948,-725.7286009000087,stop
2022-10-07 13:40:00+00:00,2022-10-07 13:40:00+00:00,SHORT,519.0,268.486575,268.96958340000003,22.32135960001,-250.68135960000882,stop
2022-10-10 13:40:00+00:00,2022-10-10 20:00:00+00:00,SHORT,467.0,262.18689,261.1630575,12.220222499993213,478.1297775000121,eod_flat
2022-10-11 13:40:00+00:00,2022-10-11 15:40:00+00:00,SHORT,541.0,258.23708750000003,259.4185329,22.421961399992654,-639.1619613999853,stop
2022-10-12 13:40:00+00:00,2022-10-12 13:40:00+00:00,SHORT,542.0,256.687165,257.728347,22.320643999995696,-564.3206439999957,stop
2022-10-13 13:40:00+00:00,2022-10-13 20:00:00+00:00,LONG,525.0,249.88249350000004,263.3368325,13.472025000022114,7063.527974999987,eod_flat
2022-10-14 13:40:00+00:00,2022-10-14 20:00:00+00:00,SHORT,377.0,263.78681,255.34276650000004,9.785600500013203,3183.4043994999865,eod_flat
2022-10-17 13:40:00+00:00,2022-10-17 20:00:00+00:00,LONG,568.0,261.75308700000005,263.7168135,14.923348000033457,1115.3966519999717,eod_flat
2022-10-18 13:40:00+00:00,2022-10-18 20:00:00+00:00,SHORT,556.0,269.7165135,265.11325500000004,14.868274000007887,2559.4117259999894,eod_flat
2022-10-19 13:40:00+00:00,2022-10-19 13:45:00+00:00,LONG,443.0,265.37326800000005,263.5910018,18.723926600012703,-789.5439266000167,stop
2022-10-20 13:40:00+00:00,2022-10-20 13:40:00+00:00,LONG,574.0,264.37321800000007,263.3410293,24.21631380003089,-592.4763138000361,stop
2022-10-21 13:40:00+00:00,2022-10-21 13:45:00+00:00,SHORT,577.0,261.64691700000003,263.00892780000004,24.240231600008144,-785.8802316000042,stop
2022-10-24 13:40:00+00:00,2022-10-24 13:40:00+00:00,SHORT,559.0,268.566571,269.8496802,24.098042800001963,-717.258042800007,stop
2022-10-25 13:40:00+00:00,2022-10-25 20:00:00+00:00,LONG,546.0,274.11370500000004,277.506124,15.05922599999883,1852.260773999979,eod_flat
2022-10-26 13:40:00+00:00,2022-10-26 20:00:00+00:00,LONG,556.0,272.30361450000004,272.046397,15.132930000003398,-143.0129300000135,eod_flat
2022-10-27 13:40:00+00:00,2022-10-27 13:40:00+00:00,LONG,557.0,271.41357,270.5402373,24.136313900004268,-486.4463138999954,stop
2022-10-28 13:40:00+00:00,2022-10-28 20:00:00+00:00,LONG,403.0,267.833391,275.1562415,10.941248500002928,2951.1087515000063,eod_flat
2022-10-31 13:40:00+00:00,2022-10-31 20:00:00+00:00,SHORT,564.0,272.6363675,271.5035745,15.344747999986339,638.8952519999957,eod_flat
2022-11-01 13:40:00+00:00,2022-11-01 13:40:00+00:00,LONG,561.0,275.27376300000003,274.7097786,24.675248400031535,-316.39524840002133,stop
2022-11-02 13:40:00+00:00,2022-11-02 18:05:00+00:00,SHORT,575.0,267.886605,269.18960760000004,24.72649500001296,-749.2264950000404,stop
2022-11-03 13:40:00+00:00,2022-11-03 14:30:00+00:00,SHORT,596.0,257.1371425,257.6183349,24.550670399999944,-286.7906703999986,stop
2022-11-04 13:40:00+00:00,2022-11-04 14:45:00+00:00,SHORT,320.0,258.0370975,260.4586473,13.295935999994981,-774.8959359999935,stop
2022-11-07 14:40:00+00:00,2022-11-07 19:20:00+00:00,SHORT,560.0,259.1170435,260.5586583,23.304287999994813,-807.3042879999821,stop
2022-11-08 14:40:00+00:00,2022-11-08 14:55:00+00:00,SHORT,577.0,262.38687999999996,263.2989597,24.279986900025847,-526.2699869000285,stop
2022-11-09 14:40:00+00:00,2022-11-09 14:45:00+00:00,SHORT,578.0,260.9569515,261.8087958,24.186005400021145,-492.3660053999896,stop
2022-11-10 14:40:00+00:00,2022-11-10 14:55:00+00:00,SHORT,558.0,269.446527,270.7997847,24.137796599983062,-755.1177965999843,stop
2022-11-11 14:40:00+00:00,2022-11-11 14:50:00+00:00,SHORT,542.0,275.37623049999996,276.7604403,23.961711600017793,-750.241711600035,stop
2022-11-14 14:40:00+00:00,2022-11-14 15:10:00+00:00,SHORT,534.0,279.0360475,280.08080550000005,23.900772000031225,-557.9007720000312,stop
2022-11-15 14:40:00+00:00,2022-11-15 14:40:00+00:00,LONG,519.0,285.67428300000006,285.6085796,23.720064600018816,-34.10006460003888,stop
2022-11-16 14:40:00+00:00,2022-11-16 14:50:00+00:00,LONG,527.0,281.2040595,280.23917029999996,23.656608400029995,-508.4966084000384,stop
2022-11-17 14:40:00+00:00,2022-11-17 21:00:00+00:00,LONG,537.0,275.36376750000005,277.706114,14.849929500022654,1257.84007049998,eod_flat
2022-11-18 14:40:00+00:00,2022-11-18 21:00:00+00:00,SHORT,438.0,279.83600750000005,277.90389450000004,12.214506000009237,846.2654940000067,eod_flat
2022-11-21 14:40:00+00:00,2022-11-21 14:55:00+00:00,SHORT,541.0,276.78616,278.1105888,24.035980800026152,-716.5159808000114,stop
2022-11-22 14:40:00+00:00,2022-11-22 15:50:00+00:00,SHORT,541.0,275.72621300000003,276.6004227,23.917447700005596,-472.947447699997,stop
2022-11-23 14:40:00+00:00,2022-11-23 18:00:00+00:00,LONG,531.0,280.0440015,279.469255,23.760391500016283,-305.1903915000018,stop
2022-11-25 14:40:00+00:00,2022-11-25 14:40:00+00:00,SHORT,530.0,280.085995,280.96090230000004,23.800869000017997,-463.70086900000956,stop
2022-11-28 14:40:00+00:00,2022-11-28 15:30:00+00:00,LONG,529.0,279.593979,278.2593881,23.58858610000152,-705.9985860999823,stop
2022-11-29 14:40:00+00:00,2022-11-29 15:35:00+00:00,SHORT,532.0,276.5361725,276.8004447,23.552810400012277,-140.59281039999655,stop
2022-11-30 14:40:00+00:00,2022-11-30 15:55:00+00:00,LONG,534.0,275.3437665,274.16983799999997,23.45781900002646,-626.877819000024,stop
2022-12-01 14:40:00+00:00,2022-12-01 15:15:00+00:00,LONG,509.0,287.61438000000004,286.4884828,23.361674800006654,-573.0816748000275,stop
2022-12-02 14:40:00+00:00,2022-12-02 14:55:00+00:00,LONG,515.0,283.41417,282.0089756,23.275116000036462,-723.6751160000142,stop
2022-12-05 14:40:00+00:00,2022-12-05 15:05:00+00:00,LONG,510.0,284.48422350000004,283.668793,23.169555000004607,-415.8695550000243,stop
2022-12-06 14:40:00+00:00,2022-12-06 21:00:00+00:00,SHORT,516.0,280.3359825,275.5037745,14.340672000017321,2493.41932799999,eod_flat
2022-12-07 14:40:00+00:00,2022-12-07 14:50:00+00:00,LONG,518.0,275.27376300000003,273.8298754,22.733776800032047,-747.9337768000203,stop
2022-12-08 14:40:00+00:00,2022-12-08 15:00:00+00:00,SHORT,534.0,274.4562765,275.82033690000003,23.528253600018616,-728.408253600015,stop
2022-12-09 14:40:00+00:00,2022-12-09 14:40:00+00:00,SHORT,528.0,276.26618599999995,276.9004557,23.374401600015517,-334.8944016000323,stop
2022-12-12 14:40:00+00:00,2022-12-12 14:40:00+00:00,LONG,527.0,276.0037995,275.71966749999996,23.257564000024956,-149.73756400002975,stop
2022-12-13 14:40:00+00:00,2022-12-13 14:50:00+00:00,SHORT,369.0,288.2355875,290.2519242,17.0982422999939,-744.028242300004,stop
2022-12-14 14:40:00+00:00,2022-12-14 19:05:00+00:00,LONG,511.0,282.974148,281.569024,23.058364000022436,-718.0183640000004,stop
2022-12-15 14:40:00+00:00,2022-12-15 21:00:00+00:00,SHORT,413.0,274.93625249999997,270.6235305,11.265814000009868,1781.1541859999797,eod_flat
2022-12-16 14:40:00+00:00,2022-12-16 15:10:00+00:00,LONG,539.0,270.38351850000004,269.50035169999995,23.26690520002768,-476.02690520004484,stop
2022-12-19 14:40:00+00:00,2022-12-19 21:00:00+00:00,SHORT,487.0,266.946652,264.2832135,12.935450500006766,1297.0945494999921,eod_flat
2022-12-20 14:40:00+00:00,2022-12-20 15:00:00+00:00,SHORT,557.0,263.046847,263.62899600000003,23.47699299999715,-324.25699300000855,stop
2022-12-21 14:40:00+00:00,2022-12-21 14:40:00+00:00,SHORT,552.0,264.4367775,265.5092028,23.418765599994913,-591.9787656000112,stop
2022-12-22 14:40:00+00:00,2022-12-22 21:00:00+00:00,SHORT,466.0,263.52682300000004,261.5030745,12.233199000000354,943.066801000005,eod_flat
2022-12-23 14:40:00+00:00,2022-12-23 15:30:00+00:00,SHORT,488.0,259.9370025,261.4087518,20.373658399996202,-718.2136583999995,stop
2022-12-27 14:40:00+00:00,2022-12-27 21:00:00+00:00,SHORT,559.0,260.606969,258.4629225,14.508006500007923,1198.521993500001,eod_flat
2022-12-28 14:40:00+00:00,2022-12-28 16:00:00+00:00,LONG,272.0,259.692984,256.9417333,11.220190400009415,-748.3401904000038,stop
2022-12-29 14:40:00+00:00,2022-12-29 21:00:00+00:00,LONG,567.0,257.952897,261.64691700000003,14.730660000002331,2094.5093400000133,eod_flat
2022-12-30 14:40:00+00:00,2022-12-30 14:50:00+00:00,LONG,566.0,259.01295000000005,257.671653,23.37410200002421,-759.1741020000306,stop
