signal_ts,s,date,side,hold_bars,exit_type,ret_trigger_bps,ret_fill_bps,ret_with_stop_bps,stopped,tod_bucket,f01_atr5_bps,f02_atr5_slope_3,f03_bar_range_over_atr,f04_rsi_jump,f05_bars_since_cross,f06_buffer_over_range,f07_minutes_since_open,f08_ret_since_open_bps,f09_dist_from_vwap_bps,f10_session_range_over_adr,f11_overnight_gap_bps,f17_day_of_week,f12_spy_align,f13_qqq_align,f14_spy_dia_corr_20,f15a_spy_rvol20,f15b_spy_rvol20_chg,f16a_is_fomc_day,f16b_days_to_fomc,selected_oof
2018-01-10 11:40:00-05:00,2053,2018-01-10,long,30,recross,7.101151964651191,7.101151964651191,7.101151964651191,False,midday,4.836296826558701,-0.6166033510058329,1.1421040127510855,1.552693722968506,28.0,0.14285714285712778,125.0,11.454753722795768,16.52626814616786,1.033322359998558,-23.64345667336654,2,-0.1824917422488248,-9.887529353602709,0.8864666765769259,,,0.0,21.0,False
2018-01-12 15:25:00-05:00,2254,2018-01-12,long,6,eod,11.298382118274015,11.298382118274015,11.298382118274015,False,close,5.905663793832842,1.9914736156583777,1.177037265303291,3.2266845406878986,2.0,0.11173184357543546,350.0,31.55434359174142,4.634641118351665,1.1212729443686,41.85737198294383,4,-2.3401918957355328,-2.140988990937398,0.9562876377724574,,,0.0,19.0,True
2018-01-19 14:10:00-05:00,2551,2018-01-19,long,21,eod,23.872781179007532,23.872781179007532,23.872781179007532,False,close,4.5459281339311275,-0.262248690785988,1.2706135047883,4.552437081605021,62.0,0.13333333333335354,275.0,-13.843491636224327,0.5463344067492782,0.7591546672196594,-4.228167281673341,4,6.43822877173017,9.528398482201439,0.8918811465605649,,,0.0,12.0,True
2018-01-23 12:35:00-05:00,2688,2018-01-23,long,2,recross,-7.256339749465236,-7.256339749465236,-7.2563397494630655,True,midday,5.266306821350604,-0.01415813673388655,1.0879040069549106,3.6595308889478417,7.0,0.13333333333335354,180.0,-0.5728908070116625,-2.2710032062362067,0.6982231424857033,-5.344123372906943,1,4.416414931016632,12.410614029902955,0.885199047748404,,,0.0,8.0,False
2018-01-23 12:45:00-05:00,2690,2018-01-23,short,2,recross,-8.405638773118419,-8.405638773118419,-7.572337612345775,True,midday,5.169421857048088,0.01658406362071929,1.1689024940263133,-4.091130567463395,2.0,0.126502213788749,190.0,7.084749646716971,8.644979313682247,0.6982231424857033,5.344123372906943,1,2.472886565160204,-1.1812651349596415,0.8869328181565489,,,0.0,8.0,False
2018-01-23 13:00:00-05:00,2693,2018-01-23,long,3,recross,-1.7184098980416205,-1.7184098980416205,-1.7184098980416205,False,midday,5.140069158451874,-0.029352698596214033,1.1516885170471298,5.392206745896289,3.0,0.12903225806449153,205.0,0.19096360233722082,-1.266153773337878,0.6982231424857033,-5.344123372906943,1,-2.825257804776049,-11.214732617164103,0.899904493573246,,,0.0,8.0,True
2018-01-23 13:20:00-05:00,2697,2018-01-23,long,11,recross,-5.215798906896355,-5.215798906896355,-4.452138744830919,True,midday,5.06561321157612,0.037622198926309025,0.5775116525288158,2.600813012088068,1.0,0.2610966057441768,225.0,0.38192720467444163,-1.0307784959285589,0.6982231424857033,-5.344123372906943,1,2.473585639068965,-2.6587102301256493,0.846520970414278,,,0.0,8.0,True
2018-01-23 14:20:00-05:00,2709,2018-01-23,short,5,recross,-6.626160724521958,-6.626160724521958,-6.626160724521958,False,close,5.213210099423527,0.7988796658929109,1.6121515876966808,-6.300540512109755,12.0,0.09090909090907964,285.0,2.4825268303860417,4.101220631108899,0.6982231424857033,5.344123372906943,1,14.465142534576536,25.06783060044704,0.8704178359762439,,,0.0,8.0,True
2018-01-23 15:20:00-05:00,2721,2018-01-23,long,7,eod,1.1453441759238236,1.1453441759238236,1.1453441759238236,False,close,5.670733878742967,1.4703253692230351,1.0774446465572314,3.782112432694312,1.0,0.12499999999998046,345.0,1.5277088186999377,-0.04140096701758465,0.6982231424857033,-5.344123372906943,1,-9.880028228651527,-5.0171172234669825,0.8766186830526852,,,0.0,8.0,True
2018-01-29 14:25:00-05:00,3022,2018-01-29,short,10,recross,-0.3773157755722335,-0.3773157755722335,-0.3773157755722335,False,close,5.30748260757528,1.0210546554610378,1.0662498357934445,-2.4587294493367438,18.0,0.13333333333335354,290.0,18.839433649645336,3.7027824600024637,0.9051396060291477,13.913435866581603,0,1.574885820778693,5.275807491647022,0.9115113669317183,,,0.0,2.0,True
2018-01-29 15:15:00-05:00,3032,2018-01-29,long,2,recross,-9.618648862733908,-9.618648862733908,-5.658028742783013,True,close,5.219149530094952,-0.7032254763324852,0.795179429746514,1.3254046329149318,10.0,0.18181818181825324,340.0,-19.204699502936847,-3.2641291990365926,0.9051396060291477,-13.913435866581603,0,2.262734272684419,4.107740156094053,0.8662639784090819,,,0.0,2.0,True
2018-01-29 15:25:00-05:00,3034,2018-01-29,short,6,eod,7.553440592191459,7.553440592191459,7.553440592191459,False,close,6.40087130215573,0.9136463721919865,1.6515912045489498,-7.063258106801449,2.0,0.07142857142857839,350.0,26.359391474619244,10.209263655593853,0.9051396060291477,13.913435866581603,0,6.653359946773296,4.694009270669319,0.907857192104929,,,0.0,2.0,True
2018-01-31 12:20:00-05:00,3153,2018-01-31,long,21,recross,-4.200236740616811,-4.200236740616811,-4.200236740616811,False,midday,6.248423506042178,-1.6075926156820364,0.8250606128254391,0.4500050989837945,2.0,0.14814814814815813,165.0,-43.155893536121326,-22.298921178790117,0.8375140159623766,91.70791604312905,2,4.079171396140779,13.608662209336764,0.9080544751729642,,,1.0,0.0,False
2018-02-01 13:45:00-05:00,3248,2018-02-01,short,26,eod,23.092043741293466,23.092043741293466,23.092043741293466,False,midday,6.646357039931403,2.074103797318542,1.7513185783499152,-5.526538612563883,32.0,0.06557377049180181,250.0,-80.01538757453295,-16.55259543710585,1.6506915237253914,54.70961818042723,3,18.02855091943334,22.112804788159135,0.9339755107266533,8.757605611129035,,0.0,48.0,True
2018-03-16 14:45:00-04:00,5600,2018-03-16,short,2,recross,-5.207247654935483,-5.207247654935483,-6.413853924477873,True,close,5.596428260067758,-0.47635427687876764,0.8594087183776219,-0.7505215006752621,1.0,0.16666666666666036,310.0,-37.414008126483765,-2.81149447016721,0.46282223254165133,18.070837683720868,4,-8.931175269757397,-9.346504559271107,0.9001341967314914,14.600284537523253,-0.6723401258193125,0.0,5.0,False
2018-03-16 14:55:00-04:00,5602,2018-03-16,long,5,recross,-8.804678737382657,-8.804678737382657,-8.412113443359893,True,close,5.647134302410357,-0.14529972800130064,1.2059836671018138,4.104618223364454,2.0,0.1176470588235184,320.0,42.24162207828826,7.408747523918505,0.46282223254165133,-18.070837683720868,4,3.005354996175047,1.1682584187622247,0.9142179910275743,14.600284537523253,-0.6723401258193125,0.0,5.0,True
2018-04-18 12:25:00-04:00,7288,2018-04-18,short,9,recross,-7.268615732515217,-7.268615732515217,-7.268615732515217,False,midday,6.510861879413157,-1.0775155052289564,1.1776672006307456,-1.6660415541113025,4.0,0.1052631578947381,170.0,3.4290785864131017,-0.39288200310018867,0.2688544360746348,-3.6321078332460313,2,-9.233610341643494,-22.238249789638953,0.9310852305672882,23.82430335242192,-0.11985312093438694,0.0,14.0,False
2018-04-18 13:15:00-04:00,7298,2018-04-18,long,2,recross,-6.859264041317621,-6.859264041317621,-6.859264041317621,False,midday,6.588666192844028,0.037973446218125595,1.1637368694586865,3.3768020290163676,10.0,0.1052631578947381,220.0,-3.2273680813290335,1.934524012402482,0.2688544360746348,3.6321078332460313,2,14.772811230143734,10.805618921838622,0.9269035807501997,23.82430335242192,-0.11985312093438694,0.0,14.0,False
2018-04-18 13:25:00-04:00,7300,2018-04-18,short,9,recross,-4.845743821676812,-4.845743821676812,-4.845743821676812,False,midday,6.394693324943612,0.07215697174388858,1.1454119047450761,-3.742195265815873,2.0,0.11025358324145751,230.0,8.875262223656563,3.7120920951986034,0.2688544360746348,-3.6321078332460313,2,-0.003691194654376062,7.738962978960373,0.9307735350318027,23.82430335242192,-0.11985312093438694,0.0,14.0,False
2018-04-18 14:40:00-04:00,7315,2018-04-18,short,1,recross,-6.225256524198096,-6.225256524198096,-6.225256524198096,False,close,6.756675877837753,0.009638987318211,1.4946050613290511,-4.482521264253528,5.0,0.08,305.0,12.909472325318427,7.227834941317725,0.2688544360746348,-3.6321078332460313,2,3.690036900370064,0.4017750059959191,0.9081333983850306,23.82430335242192,-0.11985312093438694,0.0,14.0,True
2018-04-18 14:50:00-04:00,7317,2018-04-18,long,2,recross,-5.246801469105375,-5.246801469105375,-5.246801469105375,False,close,6.711545417638433,0.7946432201858906,1.4435943344480255,2.2965531201093583,2.0,0.08333333333333018,315.0,-6.858157172825057,-1.1496861866245371,0.2688544360746348,3.6321078332460313,2,2.406394217566721,9.598080383925733,0.9169909649885396,23.82430335242192,-0.11985312093438694,0.0,14.0,True
2018-04-27 14:15:00-04:00,7856,2018-04-27,long,11,recross,-2.46862785435105,-2.46862785435105,-7.40588356305432,True,close,6.667884210909516,-0.19783228276821596,0.8639686213459776,2.75534215032458,2.0,0.14285714285712778,280.0,2.05786722640702,12.064091267490177,0.45201593694512715,-5.758710048949643,4,7.130258565692937,15.755329008340091,0.9362428537889358,18.06733687039359,0.2805852008655094,0.0,5.0,False
2018-04-27 15:25:00-04:00,7870,2018-04-27,short,3,recross,-1.6462937811249143,-1.6462937811249143,-1.6462937811249143,False,close,6.315349709958689,-1.1631728688769032,0.521319753844283,-1.7811494521135032,14.0,0.25000000000004974,350.0,-0.823146890563042,-9.341819586441602,0.45201593694512715,5.758710048949643,4,4.873842462415068,1.851052014562038,0.9587142788203008,18.06733687039359,0.2805852008655094,0.0,5.0,True
2018-05-11 13:15:00-04:00,8624,2018-05-11,short,14,recross,-1.6123181103628539,-1.6123181103628539,-1.6123181103628539,False,midday,5.867853874736947,-1.0647393791965714,0.744548118361501,-0.6242207286451276,1.0,0.184501845018469,220.0,-16.85102947113504,8.63167870642668,0.47484580140332067,-8.080808080807621,4,-0.3673094582179459,-3.5957352687221444,0.8970028336977732,11.68458312101538,0.10469039135843339,0.0,33.0,False
2018-05-14 12:55:00-04:00,8698,2018-05-14,short,21,recross,3.406813627254828,3.406813627254828,3.406813627254828,False,midday,6.010680840328657,0.4261715227089935,0.9447641725726819,-3.6029221934699507,53.0,0.14114326040932945,200.0,-4.8113547973218616,10.020421991811808,0.3027225670873643,-34.196974573543386,0,8.047700918170086,11.737778038616309,0.8216158992526541,11.5943846065435,-0.0901985144718811,0.0,30.0,False
2018-05-16 15:05:00-04:00,8880,2018-05-16,short,10,eod,2.8246307804048576,2.8246307804048576,2.8246307804048576,False,close,6.176255822721188,2.0741614313539376,2.220545085141175,-11.876776829348067,39.0,0.058823529411764115,330.0,-29.533133748684754,-9.176780017891929,0.46174712554477504,4.043998705920184,2,8.401819782799524,5.024383035319158,0.9506725092997182,11.068013193316425,-0.25050072052865957,0.0,28.0,True
2018-05-18 13:20:00-04:00,9015,2018-05-18,long,2,recross,-7.279197670657021,-7.279197670657021,-7.279197670657021,False,midday,5.520644343508506,-0.4218908613276806,1.414055224293915,3.879931377878833,15.0,0.10362694300519014,225.0,10.527594444669024,6.536871078637348,0.3909283491729806,-27.055403004360663,4,11.052980620440689,10.730253353203878,0.8232731390656236,10.953610912642308,-0.21194291651807795,0.0,26.0,False
2018-05-18 13:30:00-04:00,9017,2018-05-18,short,11,recross,0.40469445568558904,0.40469445568558904,0.40469445568558904,False,midday,5.605745657344189,0.6533591826323617,1.0104537965062215,-2.9992083447561413,2.0,0.14285714285715678,235.0,-7.693242094181388,-3.5141549654098454,0.3909283491729806,27.055403004360663,4,-5.735332632716972,-4.469873055605866,0.8060175445965838,10.953610912642308,-0.21194291651807795,0.0,26.0,False
2018-05-18 14:25:00-04:00,9028,2018-05-18,long,7,recross,-5.259963584867306,-5.259963584867306,-5.259963584868455,True,close,4.83914689476948,-0.3332872749117435,0.7526636782013322,0.8007522884732268,11.0,0.2222222222222138,290.0,5.263797222334512,1.4398556630733004,0.3909283491729806,-27.055403004360663,4,5.157867590170895,3.578457684738634,0.9507004051406988,10.953610912642308,-0.21194291651807795,0.0,26.0,True
2018-05-21 14:20:00-04:00,9105,2018-05-21,short,1,recross,-4.4035228182551505,-4.4035228182551505,-4.4035228182551505,False,close,5.538726595973924,-0.24922628947348446,0.9395204127614255,-3.066627133138276,57.0,0.15384615384615924,285.0,-24.07511435679297,5.163963663188304,0.5325755682781872,-91.10418269425436,0,10.968119333136794,24.333788355391796,0.9015277788937228,10.511912398117254,-0.44169851452505426,0.0,23.0,False
2018-05-21 14:25:00-04:00,9106,2018-05-21,long,2,recross,-14.40745778986911,-14.40745778986911,-6.801632391774663,True,close,5.46997896184456,0.27895470535173494,0.95102391958351,2.133109435903556,1.0,0.15384615384615924,290.0,27.285129604365896,-1.9472694989078494,0.5325755682781872,91.10418269425436,0,-12.06184436565616,-23.736055067647975,0.8870707219022607,10.511912398117254,-0.44169851452505426,0.0,23.0,True
2018-05-21 14:55:00-04:00,9112,2018-05-21,long,2,recross,-6.001920614596898,-6.001920614596898,-6.001920614596898,False,close,6.52409119623413,-0.7424629428302074,0.7973967332286622,3.045200248131522,4.0,0.15384615384615924,320.0,26.883877698418566,-1.844850825014077,0.5325755682781872,91.10418269425436,0,1.354205173063061,6.546060461796177,0.9157035023712204,10.511912398117254,-0.44169851452505426,0.0,23.0,True
2018-05-21 15:05:00-04:00,9114,2018-05-21,short,1,recross,-2.402210033231801,-2.402210033231801,-2.402210033231801,False,close,5.810461969563342,-1.0473729837284642,0.6889921740720791,-2.7175296335785504,2.0,0.20000000000001136,330.0,-22.87135863895326,5.7834337809098235,0.5325755682781872,-91.10418269425436,0,-2.5634452704426103,-2.63157894736743,0.910498612556112,10.511912398117254,-0.44169851452505426,0.0,23.0,True
2018-05-21 15:10:00-04:00,9115,2018-05-21,long,4,recross,-6.402817239586418,-6.402817239586418,-7.603345472008729,True,close,5.848675991921356,-0.6754152043127739,1.026612368497582,0.8165947241075102,1.0,0.13333333333332828,335.0,24.07511435679297,-4.552947061736197,0.5325755682781872,91.10418269425436,0,2.5706771427258523,3.27400440502279,0.9243799537090898,10.511912398117254,-0.44169851452505426,0.0,23.0,True
2018-05-22 11:35:00-04:00,9150,2018-05-22,short,6,recross,-2.0026434894064713,-2.0026434894064713,-2.0026434894064713,False,midday,5.982767932408744,-1.2904866335082437,1.0041253989665437,-2.3432029812335173,3.0,0.13333333333332828,120.0,27.159803490833838,5.5570689837764675,0.409232431117155,-18.4066263854991,1,-1.2785855191044249,3.5589299483951287,0.9676675797356489,10.753812890235924,0.24190049211867048,0.0,22.0,False
2018-05-23 14:00:00-04:00,9257,2018-05-23,short,1,recross,-4.048091324940061,-4.048091324940061,-4.048091324941211,True,midday,5.573128793195628,-1.1760910577650838,0.4357704930602414,-1.007359571045484,1.0,0.3333333333333207,265.0,-8.72630043752991,-1.2449703343074083,0.5363305661785251,53.592295603819316,2,-4.050371897783567,-7.144345548180109,0.9550062530205807,9.435071712859742,-1.3187411773761823,0.0,21.0,False
2018-05-25 11:55:00-04:00,9388,2018-05-25,short,41,recross,17.362513122829963,17.362513122829963,17.362513122829963,False,midday,6.670903333493325,-0.8199318585827937,0.544646005342041,-1.1178292138920014,1.0,0.2222222222222138,140.0,-12.125621438099163,-4.719048966306615,0.4529484241342576,19.76603469140819,4,1.2843565373732435,-3.8215062613899953,0.9621644491904235,8.966320830971204,-0.47826945152351286,0.0,19.0,False
2018-05-25 15:20:00-04:00,9429,2018-05-25,long,4,recross,-3.6394516559517904,-3.6394516559517904,-3.6394516559517904,False,close,6.234447278113665,-0.09130904041812116,0.9730989459355688,3.784317707853589,41.0,0.13333333333332828,345.0,-6.46699810031917,-5.532017971921137,0.5776131280244128,-19.76603469140819,4,10.660533578656928,8.254716981133114,0.9214214088882955,8.966320830971204,-0.47826945152351286,0.0,19.0,True
2018-06-01 14:10:00-04:00,9727,2018-06-01,short,7,recross,-12.594970137732185,-12.594970137732185,-10.563523341324476,True,close,6.100762336618297,1.5571942981259301,1.4647062186417241,-4.883915863611421,55.0,0.09090909090909138,275.0,-4.063388866314275,4.2381880876412055,0.4963290577529366,-78.63051846998066,4,11.693342103341609,14.76463435817199,0.9288317144525964,10.47599395421778,-0.00048297595642488034,0.0,12.0,False
2018-06-01 14:45:00-04:00,9734,2018-06-01,long,5,recross,-9.331764514950695,-9.331764514950695,-10.017446342354477,True,close,6.230343151708134,1.3705812715248342,1.3474718496440685,5.431504236034058,7.0,0.0966650555824115,310.0,14.221861032100541,5.889289937072113,0.4963290577529366,78.63051846998066,4,7.680772466258645,3.477656059815981,0.9363614901851908,10.47599395421778,-0.00048297595642488034,0.0,12.0,True
2018-06-01 15:10:00-04:00,9739,2018-06-01,short,9,recross,-3.655713067143402,-3.655713067143402,-3.655713067143402,False,close,5.726053596604439,0.5100222580809621,1.286592184380525,-6.534449846635667,5.0,0.11025358324145751,335.0,-5.282405526208674,3.2282748138956316,0.4963290577529366,-78.63051846998066,4,11.695051531320777,12.74697259400881,0.9272723692324627,10.47599395421778,-0.00048297595642488034,0.0,12.0,True
2018-06-05 10:25:00-04:00,9838,2018-06-05,short,1,recross,-6.433927275659587,-6.433927275659587,-6.433927275659587,False,open,6.037422142515788,-0.791118361987464,0.8678907203220309,-5.273253462406927,4.0,0.15384615384615924,50.0,2.417794970986552,2.772647978961168,0.29361939554293215,1.2087513598453257,1,-0.5450581395338716,-4.003202562048447,0.7104329926120181,10.15660684997804,-0.7219325961867842,0.0,8.0,False
2018-06-05 10:30:00-04:00,9839,2018-06-05,long,1,recross,-6.849315068493792,-7.638397612437247,-7.638397612437247,False,open,6.198354206005984,-0.5559739741209064,1.1051106155495718,3.1454485558334255,1.0,0.1176470588235184,55.0,0.8059316569958991,0.4442195444827563,0.29361939554293215,-1.2087513598453257,1,0.0,-2.285061411027023,0.7216592032417161,10.15660684997804,-0.7219325961867842,0.0,8.0,False
2018-06-05 13:05:00-04:00,9870,2018-06-05,long,28,recross,5.650173541043924,5.650173541043924,5.650173541043924,False,midday,6.297929363430356,-1.7282225305986234,0.8973651080362998,2.1427479867785024,30.0,0.14285714285715678,210.0,-17.730496453900617,-5.527068709096892,0.6647462325576659,-1.2087513598453257,1,4.733296923356001,7.455410907839521,0.9681797022787698,10.15660684997804,-0.7219325961867842,0.0,8.0,False
2018-06-05 15:25:00-04:00,9898,2018-06-05,short,1,recross,-4.437452095688154,-4.437452095688154,-4.437452095688154,False,close,5.727590715732569,1.4288337487874836,1.4085230999944414,-4.99634608215046,28.0,0.09999999999999147,350.0,10.074145712443585,-0.47938645746294895,0.6647462325576659,1.2087513598453257,1,15.615920976176367,16.584696328492132,0.9338755584391745,10.15660684997804,-0.7219325961867842,0.0,8.0,True
2018-06-11 11:20:00-04:00,10161,2018-06-11,long,39,recross,18.55800363262933,18.55800363262933,18.55800363262933,False,midday,6.774078406075884,-0.49126888837584737,0.8744917715701958,1.986289291775691,4.0,0.13333333333332828,105.0,-16.063401939909927,-7.011708914102857,0.4307446629685629,14.214641080313262,0,0.5026550960263165,8.596973865200308,0.7946850223471836,9.601923410456985,-0.4194325179162952,0.0,2.0,False
2018-06-12 11:45:00-04:00,10244,2018-06-12,long,9,recross,-0.39458627629007326,-0.39458627629007326,-0.39458627629007326,False,midday,5.333008926198261,-0.6969505489098848,0.8879432017621042,2.5674971848086656,28.0,0.16666666666666036,130.0,-13.005438637976374,4.5072404885768345,0.41962573633694433,13.812699790837158,1,12.490271689422627,20.542082738945755,0.9072192016996886,9.592264199702951,-0.009659210754033865,0.0,1.0,False
2018-06-14 13:35:00-04:00,10422,2018-06-14,long,3,recross,-9.507586261538211,-9.507586261538211,-9.507586261538211,False,midday,5.778620371799703,0.7877751543625147,1.85111347843045,8.765840535930828,38.0,0.07407407407407127,240.0,-29.625533259598672,-2.1165034533316702,1.0414391570468866,39.25922988460202,3,10.765807794443916,15.209553853086089,0.8490406367475618,9.305616992370082,-0.2876323129752869,0.0,48.0,True
2018-06-14 13:50:00-04:00,10425,2018-06-14,short,20,recross,5.592109177007751,5.592109177007751,5.592109177007751,False,midday,5.939355264452116,0.16073489265241303,1.3954975054363659,-6.641658116254817,3.0,0.09569377990430476,255.0,39.46121030178524,10.810274987388837,1.0414391570468866,-39.25922988460202,3,1.6212344409005652,-4.216983803742025,0.8473980297264521,9.305616992370082,-0.2876323129752869,0.0,48.0,True
2018-06-15 14:10:00-04:00,10507,2018-06-15,long,21,eod,31.23748498197728,31.23748498197728,31.23748498197728,False,close,6.052461413660242,0.8186226203902418,1.6127777886240886,6.519089286918593,57.0,0.08206811653671935,275.0,-24.373676429456733,6.578099149468159,0.8584095346268735,-67.86252877212397,4,0.18087761820329007,-4.803616840914904,0.7505835645894355,9.255423252449186,-0.05019373992089626,0.0,47.0,True
2018-06-18 13:00:00-04:00,10571,2018-06-18,long,24,recross,-1.1229195909372371,-1.1229195909372371,-1.1229195909372371,False,midday,4.8851906540163315,-0.45886868322542806,1.3137604591975935,2.8741435537572855,8.0,0.12499999999998046,205.0,19.69374221293393,15.46599733877669,0.6731809872975995,-78.95051636827584,0,6.159197130539695,1.6120188492685372,0.9272296429628386,9.533538252325993,0.27811499987680754,0.0,44.0,True
2018-06-18 15:00:00-04:00,10595,2018-06-18,short,3,recross,-4.813863928113148,-4.813863928113148,-5.616174582799053,True,close,4.791449839386657,0.21211247781802012,0.8370301446601286,-1.5888253241733636,24.0,0.20000000000001136,325.0,-21.301394638479206,-13.423154440664378,0.7663906624618851,78.95051636827584,0,10.307600499105396,7.931561951163291,0.8988556691901323,9.533538252325993,0.27811499987680754,0.0,44.0,True
2018-06-19 14:05:00-04:00,10662,2018-06-19,long,15,recross,-1.6206798752073273,-1.6206798752073273,-1.6206798752073273,False,close,6.057205976488186,-1.1788163850523716,0.7492657771596514,2.211558561574087,54.0,0.1785714285714369,270.0,8.512795555014991,14.77635686660906,0.8657435463911177,-126.53665959235963,1,15.761101020288493,22.84278453543287,0.9506175731624854,9.524698660553982,-0.00883959177201099,0.0,43.0,True
2018-06-20 13:45:00-04:00,10736,2018-06-20,long,10,recross,-4.031449356690327,-4.031449356690327,-4.841790935924928,True,midday,4.872193531437414,-1.1589727962109437,0.6612800738909778,1.2235150720137682,3.0,0.2515723270440381,250.0,-48.79819325697725,0.3355917319114986,0.9414718343009505,44.15279296795899,2,-5.063108025025187,-1.9699442787191046,0.8589614634175567,9.347841735241625,-0.1768569253123573,0.0,42.0,True
2018-06-20 14:35:00-04:00,10746,2018-06-20,short,11,recross,-6.486661801670177,-6.486661801670177,-6.486661801670177,False,close,5.225030167469947,0.05275221616687986,1.3964717607060804,-5.412789983984716,10.0,0.1111111111111069,300.0,51.21793837715801,2.557387582969731,0.9414718343009505,-44.15279296795899,2,6.147837407780576,-3.9390017444151937,0.9285963910949594,9.347841735241625,-0.1768569253123573,0.0,42.0,True
2018-06-22 14:40:00-04:00,10903,2018-06-22,long,15,recross,-0.4062563477562188,-0.4062563477562188,-0.4062563477562188,False,close,4.5782972855436945,-0.6763140365115605,0.6212476944634985,2.3342775090218595,1.0,0.28571428571431357,305.0,8.947090162268792,3.184945675523818,0.5538287944389352,56.85071574642071,4,-5.129787620258286,-5.6918435881381235,0.8303140932618353,9.5460947208892,0.2731113228165647,0.0,40.0,True
2018-06-26 15:10:00-04:00,11065,2018-06-26,short,5,recross,-11.102430198610561,-11.102430198610561,-5.756815658539199,True,close,6.074293091875729,0.9420965974525162,0.6768417144633713,-3.4017637139265915,72.0,0.20000000000001136,335.0,-12.761402931006186,-7.883686766158079,0.7190651139322712,-20.212019964525048,1,16.5167920719389,26.632700324225045,0.869180009906974,10.689973210278113,1.16228534030917,0.0,36.0,True
2018-06-29 14:35:00-04:00,11292,2018-06-29,short,6,recross,-6.142506142506376,-6.142506142506376,-4.914004914006265,True,close,5.39648549266888,-0.7842640466876452,0.6070126561981234,-2.5702869819574303,61.0,0.24999999999996092,300.0,-30.392640052571426,5.389773116842506,0.8137868636603806,-59.07870274736535,4,4.250625684771858,2.918764347206171,0.9392268946230221,9.175975826408902,0.002715630619904985,0.0,33.0,True
2018-06-29 15:10:00-04:00,11299,2018-06-29,short,9,eod,34.80896023588166,34.80896023588166,34.80896023588166,False,close,6.152405093563779,0.4427258251280515,0.9317934837867206,-3.4235660371494916,1.0,0.14285714285715678,335.0,-29.981928700510032,5.400550723555297,0.8137868636603806,-59.07870274736535,4,-9.351620947630757,-7.553852406665396,0.9544790065307825,9.175975826408902,0.002715630619904985,0.0,33.0,True
2018-07-06 14:40:00-04:00,11586,2018-07-06,short,4,recross,-8.176614881439782,-8.176614881439782,-11.447260834015927,True,close,4.9831561628141205,0.9751987426359223,1.9687792752638866,-6.800662541880953,57.0,0.08333333333333018,305.0,-54.251777567711684,-12.385002935947776,1.119920527815259,9.444033834277317,4,6.172391256989984,9.417329140501973,0.949332731598625,8.667566864532962,0.3114433465563735,0.0,26.0,True
2018-07-06 15:00:00-04:00,11590,2018-07-06,long,8,recross,-7.144898542441162,-7.144898542441162,-8.165598334218636,True,close,5.054640731822139,0.16919788004472114,1.2928723752359381,3.0302052886282596,4.0,0.12500000000000266,325.0,62.68957297275029,20.172184876478973,1.119920527815259,-9.444033834277317,4,3.9939002251099254,6.274957216199084,0.9155238327130782,8.667566864532962,0.3114433465563735,0.0,26.0,True
2018-07-10 14:05:00-04:00,11735,2018-07-10,long,3,recross,-4.015257980326148,-4.015257980326148,-4.015257980326148,False,close,5.997338856038964,-0.03220419292593135,1.004461567062613,3.0476228811767285,8.0,0.13333333333332828,270.0,19.31434089811644,-0.3424276685341882,0.46854350501605474,27.84166565791057,1,11.143463100757867,8.767422496493982,0.9305630108845414,9.785759027333638,0.530550718628632,0.0,22.0,True
2018-07-10 14:30:00-04:00,11740,2018-07-10,long,14,eod,2.408187838651506,2.408187838651506,2.408187838651506,False,close,5.281373343195283,0.15621403192906413,1.4447454614554278,2.4294751197748212,1.0,0.1052631578947381,295.0,19.684532431996722,0.05444245137696701,0.46854350501605474,27.84166565791057,1,3.7701974865367305,6.21258330509411,0.9285236620520214,9.785759027333638,0.530550718628632,0.0,22.0,True
2018-07-12 14:10:00-04:00,11892,2018-07-12,short,2,recross,-6.027727546715117,-6.027727546715117,-6.027727546715117,False,close,6.728374989033268,-0.7369983925398884,0.8358480809596863,-1.9510654110065389,55.0,0.14285714285715678,275.0,5.31577468181595,-3.1323175592297288,0.5741241780869958,-79.72480777013351,3,12.536714664375115,19.265670808320536,0.9610677592484248,10.130209851820474,0.2807867373569586,0.0,20.0,False
2018-07-12 14:20:00-04:00,11894,2018-07-12,long,5,recross,-3.9513565521040186,-3.9513565521040186,-5.557599052960165,True,close,5.947325624021066,-1.0551317153929913,0.6645213190758372,2.204022100669256,2.0,0.20325203252032925,285.0,-3.6134420042559685,4.795441702362763,0.5741241780869958,79.72480777013351,3,-2.867280742625544,0.5587528636086248,0.9598208035470533,10.130209851820474,0.2807867373569586,0.0,20.0,False
2018-07-12 14:55:00-04:00,11901,2018-07-12,long,5,recross,-7.2842629402078645,-7.2842629402078645,-6.826486768663049,True,close,5.23958367756083,-0.3940536786354354,0.9965510531696663,2.611399971731764,2.0,0.15384615384615924,320.0,-4.014935560284029,4.120176944901389,0.5741241780869958,79.72480777013351,3,-3.7451908344954266,3.1607151034163117,0.9501138261302512,10.130209851820474,0.2807867373569586,0.0,20.0,True
2018-07-16 12:05:00-04:00,12023,2018-07-16,short,2,recross,-6.397441023590428,-6.397441023590428,-6.397441023590428,False,midday,5.028204481124434,-0.8734346582397174,1.1926487166679354,-4.508797599318235,10.0,0.13333333333332828,150.0,10.383801270018408,4.3472692421621755,0.32299219973837096,-7.59392486011182,0,4.655993696500715,9.226140732074839,0.9492460963437473,10.481537798427416,-0.041090015218777864,0.0,16.0,False
2018-07-16 12:20:00-04:00,12026,2018-07-16,long,21,recross,0.7991688643803169,0.7991688643803169,0.7991688643803169,False,midday,5.05432942042983,0.0261249393053955,1.265077299104314,4.536087227342236,3.0,0.12500000000000266,165.0,-6.390031550780646,-0.2435851303296201,0.32299219973837096,7.59392486011182,0,2.5039403926041537,0.5573204035003165,0.9500046018918251,10.481537798427416,-0.041090015218777864,0.0,16.0,False
2018-07-16 15:10:00-04:00,12060,2018-07-16,long,9,eod,4.393673110719972,4.393673110719972,4.393673110719972,False,close,5.043745603301674,0.28978425893344184,1.0296207336738552,9.503910533620754,6.0,0.15384615384615924,335.0,-2.396261831541749,2.4337544540793834,0.32299219973837096,7.59392486011182,0,4.906458318401086,3.893280544098321,0.9276337423321094,10.481537798427416,-0.041090015218777864,0.0,16.0,True
2018-07-17 15:00:00-04:00,12136,2018-07-17,short,1,recross,-6.375009960952928,-6.375009960952928,-6.375009960952928,False,close,5.735546327749195,1.089328693568178,1.1806772718065057,-4.158377762129831,54.0,0.11764705882353807,325.0,-19.556974655756562,-9.952328396293025,0.7313627965783696,4.388414585493705,1,8.375060140060064,13.251348698983811,0.8831959440124783,10.278213036931593,-0.20332476149582313,0.0,15.0,True
2018-07-17 15:05:00-04:00,12137,2018-07-17,long,10,recross,-1.1315726173668832e-12,-1.1315726173668832e-12,-1.1315726173668832e-12,False,close,6.020073425557618,1.2686181643623424,1.1905697036676715,3.5921182969641663,1.0,0.1111111111111069,330.0,23.54819397325783,13.815612854081872,0.7313627965783696,-4.388414585493705,1,-1.42607579592946,-9.579542933214613,0.867272616081724,10.278213036931593,-0.20332476149582313,0.0,15.0,True
2018-07-19 11:40:00-04:00,12252,2018-07-19,long,7,recross,-5.168780565386023,-5.168780565386023,-5.168780565386023,False,midday,6.30058297874547,-0.4955104819203848,0.9467061285119579,2.7132867694309297,2.0,0.13333333333332828,125.0,9.763961310353642,14.402677755567565,0.4903543416992921,-31.742252906400484,3,3.924366749912256,8.589461104679952,0.9235590679640814,10.171952980214003,-0.13556522400696558,0.0,13.0,False
2018-07-19 12:15:00-04:00,12259,2018-07-19,short,17,recross,5.172276597437553,5.172276597437553,5.172276597437553,False,midday,5.513664227017433,0.11086014058560867,0.7936996754129246,-1.9160739212383362,7.0,0.18181818181820625,160.0,-5.174541257016434,-8.55546720465817,0.4903543416992921,31.742252906400484,3,6.368139052203015,17.806856558227892,0.9049996526710398,10.171952980214003,-0.13556522400696558,0.0,13.0,False
2018-07-19 14:05:00-04:00,12281,2018-07-19,long,7,recross,-2.785626168968984,-2.785626168968984,-2.785626168968984,False,close,5.846008423709663,-0.9148621549073237,0.5446804222273984,1.2430603575989707,4.0,0.24999999999996092,270.0,0.39804163515580654,5.018906813701783,0.4903543416992921,-31.742252906400484,3,3.565062388592999,2.2275435763230433,0.9293309765859039,10.171952980214003,-0.13556522400696558,0.0,13.0,True
2018-07-19 14:40:00-04:00,12288,2018-07-19,short,1,recross,-0.3980891719752917,-0.3980891719752917,-0.3980891719752917,False,close,5.426002637061693,-0.2680513659236077,0.8802980649576709,-3.1573771308635514,7.0,0.16666666666666036,305.0,-0.0,-3.9313784601267896,0.4903543416992921,31.742252906400484,3,5.702473447857237,13.801926474792392,0.9391645421835876,10.171952980214003,-0.13556522400696558,0.0,13.0,False
2018-07-19 14:50:00-04:00,12290,2018-07-19,short,13,eod,11.151824119801367,11.151824119801367,11.151824119801367,False,close,5.513467826386963,-0.07268481962022033,1.1557088137369538,-4.740468517756327,1.0,0.12500000000000266,315.0,5.174541257015303,1.3064887174675197,0.4903543416992921,31.742252906400484,3,9.800951583298634,11.148893472322507,0.9558724693036754,10.171952980214003,-0.13556522400696558,0.0,13.0,True
2018-07-20 11:15:00-04:00,12325,2018-07-20,long,11,recross,-2.8706760442085195,-2.8706760442085195,-2.8706760442085195,False,midday,6.584439251509356,0.018236654872076485,1.0415880121593875,4.298165783378693,7.0,0.11627906976744386,100.0,38.908013769914675,17.92190598592783,0.5800018341938286,-39.4721103624261,4,2.4950028555092985,-7.297510738002444,0.8755286461986261,10.303456335696296,0.13150335548229286,0.0,12.0,False
2018-07-20 12:10:00-04:00,12336,2018-07-20,short,4,recross,-3.5903777875295573,-3.5903777875295573,-3.5903777875295573,False,midday,5.07206785974712,-0.35793524963767,1.1008716293281646,-2.739431722994503,11.0,0.14285714285712778,155.0,-36.42622688335588,-11.618334155453624,0.6741901662423989,39.4721103624261,4,8.203445447088065,20.570411964196957,0.8614009851905032,10.303456335696296,0.13150335548229286,0.0,12.0,False
2018-07-23 11:50:00-04:00,12410,2018-07-23,long,18,recross,-0.7991688643814525,-0.7991688643814525,-0.7991688643814525,False,midday,5.051669193769139,-1.1552998581847094,0.6329476305192783,1.309800684242738,2.0,0.24999999999996092,135.0,-0.3996642820038898,4.780090400116322,0.4080645526984707,-7.587859424920037,0,5.005541849905093,16.783216783218258,0.8145336709668648,9.984843043366425,-0.31861329232987146,0.0,9.0,False
2018-07-24 15:25:00-04:00,12531,2018-07-24,short,1,recross,-2.0135883454938788,-2.0135883454938788,-2.0135883454938788,False,close,6.379805976553809,-0.9600011801005968,0.8135381000890926,-2.9893202488962274,4.0,0.1530221882173029,350.0,-22.287670142481982,7.779533740255377,0.8079849108817868,-39.958443219052185,1,-0.6616471599318885,4.718290313627804,0.9503078508958485,9.985213778027859,0.0003707346614341134,0.0,8.0,True
2018-07-26 15:15:00-04:00,12685,2018-07-26,short,3,recross,-13.332287663713899,-13.332287663713899,-6.274017724101052,True,close,5.753822770011094,0.8275826252256024,0.8175076684219794,-2.205803107212816,1.0,0.16666666666666036,340.0,-23.30661637592315,6.792844780542491,0.6256883207390346,-22.050716648291157,3,7.444098699576074,9.986684420772995,0.7800576904496426,8.831641823855144,0.3745040142265239,0.0,6.0,True
2018-07-27 12:00:00-04:00,12724,2018-07-27,short,39,recross,30.577443255321693,30.577443255321693,30.577443255321693,False,midday,6.346180048920269,0.16597173384677433,1.358885325206282,-4.323625432109964,7.0,0.09090909090909138,145.0,-0.0,7.094763331988036,0.3224309066701421,-0.3920031360258458,4,10.254596888260581,23.398328690806824,0.8408278059157004,8.143619642451553,-0.688022181403591,0.0,5.0,False
2018-07-30 14:20:00-04:00,12830,2018-07-30,short,19,eod,29.184413945417617,29.184413945417617,-5.126991639059609,True,close,4.98569661164683,-0.8012519029486311,0.7118715956795386,-1.7882281686300914,5.0,0.222222222222284,285.0,37.323694652889195,13.78741003825266,1.0924679766749505,-7.470315325941564,0,-0.07488684063527984,-3.1965101630238024,0.9347974920919572,8.615251125022489,0.47163148257093646,0.0,2.0,True
2018-07-31 14:10:00-04:00,12906,2018-07-31,short,1,recross,-4.326280185637287,-4.326280185637287,-4.326280185637287,False,close,5.006874185036175,0.9569025273470784,0.7853311187278922,-1.088453184078304,55.0,0.20000000000001136,275.0,-24.833458157593736,-7.452873560101614,0.6221789513404293,-32.03100284720034,1,5.859166932993265,-0.0,0.8612842923831935,9.014312949853004,0.39906182483051467,0.0,1.0,True
2018-07-31 14:45:00-04:00,12913,2018-07-31,long,3,recross,-6.681864633284172,-6.681864633284172,-6.681864633284172,False,close,5.3729426526025,0.5879985327958286,1.243760272921704,3.2511935745928398,4.0,0.1176470588235184,310.0,27.592731286215013,9.827338921154785,0.6221789513404293,32.03100284720034,1,4.6179531810586205,9.070037697342936,0.9074461254913279,9.014312949853004,0.39906182483051467,0.0,1.0,True
2018-07-31 15:00:00-04:00,12916,2018-07-31,short,11,eod,15.339233038347546,15.339233038347546,15.339233038347546,False,close,5.566576140616248,0.1936334880137478,1.3070387144416888,-5.351936896604904,3.0,0.10810810810810678,325.0,-22.86254878000759,-4.8463089449065455,0.6221789513404293,-32.03100284720034,1,-2.131287297528761,-0.0,0.876909781541905,9.014312949853004,0.39906182483051467,0.0,1.0,True
2018-08-01 11:10:00-04:00,12948,2018-08-01,short,46,recross,29.50432730133753,29.50432730133753,29.50432730133753,False,midday,5.11919738011684,-0.45372305686616965,0.8452420523604905,-3.923233831858127,11.0,0.18181818181815929,95.0,-12.60338716029906,2.591196512193275,0.44342310653838235,2.756231050911256,2,11.877537272422245,17.679869288411698,0.7448599996998798,9.075875078761849,0.061562128908844826,1.0,0.0,False
2018-08-06 10:45:00-04:00,13177,2018-08-06,long,36,recross,24.594552039048704,24.594552039048704,24.594552039048704,False,open,6.714573429592356,-0.6138670400459985,0.8208082188267662,2.443613659180933,4.0,0.14285714285712778,70.0,-7.8672016363774935,6.441443488109234,0.3690302323326802,-6.682652619992433,0,-1.2960941077033716,-15.238834090657294,0.8774721297294579,7.888894439532873,-0.3021070227065348,0.0,51.0,False
2018-08-06 13:45:00-04:00,13213,2018-08-06,short,6,recross,-2.748978950676312,-2.748978950676312,-2.748978950676312,False,midday,4.622527339224034,0.17409232062031865,0.6795943566691806,-3.2232155641439704,36.0,0.24999999999996092,250.0,-17.30784360003138,-6.973448602897424,1.0070147017891808,6.682652619992433,0,9.97036974624721,7.1787508973431,0.9277984305566374,7.888894439532873,-0.3021070227065348,0.0,51.0,True
2018-08-06 14:15:00-04:00,13219,2018-08-06,long,11,recross,-1.5699819452073178,-1.5699819452073178,-1.5699819452073178,False,close,5.012133266665837,0.41370296708290333,0.8615011918852093,3.5238195100803793,6.0,0.18181818181820625,280.0,20.848084336401584,10.112224095129559,1.0070147017891808,-6.682652619992433,0,-1.0542221597487078,-3.8684719535775347,0.8804981716621723,7.888894439532873,-0.3021070227065348,0.0,51.0,True
2018-08-08 11:35:00-04:00,13343,2018-08-08,long,1,recross,-3.3906250000004245,-3.3906250000004245,-3.3906250000004245,False,midday,4.743097757691137,-0.02956898812913966,0.7412665433600698,2.5369492427319074,30.0,0.2222222222222138,120.0,0.3906707817318789,6.9905824132109915,0.4716140529531483,-6.246827782766431,2,5.253020486779558,8.23677996814931,0.9503622783571574,7.39671829859438,-0.01151907008456643,0.0,49.0,False
2018-08-08 11:40:00-04:00,13344,2018-08-08,short,28,recross,1.563232765358451,1.563232765358451,1.563232765358451,False,midday,4.655029643015923,-0.2591288389491009,0.9233528716326206,-1.9714729005510847,1.0,0.18181818181820625,125.0,1.9924209868339149,-4.473027848768553,0.4716140529531483,6.246827782766431,2,-4.726642508270373,-5.489679402721492,0.9243485995730092,7.39671829859438,-0.01151907008456643,0.0,49.0,False
2018-08-09 10:15:00-04:00,13405,2018-08-09,long,9,recross,-3.9457748954955303,-4.1566494280312805,-6.461558415379185,True,open,5.352313735683276,-1.4879901332116718,0.875960554205659,3.203227576035289,1.0,0.16666666666669983,40.0,7.428839537065911,1.4980073269560705,0.2871594061021366,4.302757676510277,3,6.4807678834166715,16.182937554971577,0.8420572956459821,6.796092871121245,-0.6006254274731351,0.0,48.0,False
2018-08-09 11:35:00-04:00,13421,2018-08-09,short,16,recross,1.5634771732329598,0.7817997029154019,0.7817997029154019,False,midday,5.206916833183717,-0.9010298498711267,0.4480818451772901,-0.8916144694735735,1.0,0.3350083752094234,120.0,-4.69189865498923,1.9623041351390733,0.36547560776637755,-4.302757676510277,3,-1.9252647238987564,-10.430963491627754,0.8171429018032373,6.796092871121245,-0.6006254274731351,0.0,48.0,False
2018-08-13 14:55:00-04:00,13617,2018-08-13,short,4,recross,-6.3381397559814845,-6.726611950550324,-6.726611950550324,False,close,6.77487392279845,-0.2609564810768932,1.286260358784048,-5.114959679839586,10.0,0.09090909090909138,320.0,43.774894506447346,12.091275588782498,1.4783319705642024,-10.264103272669493,0,20.313714406838823,26.6985252874119,0.9841025387602684,6.899654594752885,0.5857043061056633,0.0,44.0,True
2018-08-17 11:20:00-04:00,13886,2018-08-17,long,26,recross,-1.1112648354083519e-12,-1.1112648354083519e-12,-1.1112648354083519e-12,False,midday,6.2055989339150335,-1.4853221553444165,0.8191485858295964,3.1303100975899696,3.0,0.15384615384615924,105.0,21.120689655173027,13.398511593069538,0.4190768504308863,-28.523424373852936,4,10.570452063001223,21.274570196563314,0.8537184571101006,8.14588005703035,0.3730139926480076,0.0,40.0,False
2018-08-21 11:20:00-04:00,14042,2018-08-21,short,1,recross,-3.490266035832428,-3.490266035832428,-3.490266035832428,False,midday,5.586173113349325,1.3714347602613888,1.8739774207608018,-11.539023506214093,21.0,0.07407407407407907,105.0,0.38770208971391096,8.498137558180405,0.3548161935784161,-19.422755700578797,1,8.372579801149138,12.168668031652397,0.8604409301976049,8.177707539220943,0.011725119574039766,0.0,36.0,False
2018-08-21 11:25:00-04:00,14043,2018-08-21,long,39,recross,17.909059192931192,17.909059192931192,17.909059192931192,False,midday,5.399040922369759,1.5207183136010012,0.8616798381350012,0.6994098019733954,1.0,0.16666666666666036,110.0,0.38770208971391096,-7.187376654002275,0.3548161935784161,19.422755700578797,1,-7.32600732600619,-9.957955299844112,0.8632699786179353,8.177707539220943,0.011725119574039766,0.0,36.0,False
2018-08-21 14:50:00-04:00,14084,2018-08-21,short,3,recross,-6.194827319187245,-6.194827319187245,-6.194827319187245,False,close,4.552129139072416,0.636961289124244,1.4627585774898222,-7.026849571121652,1.0,0.11627906976746308,315.0,-14.732679409141838,-0.682943613671794,0.5467659376454145,-19.422755700578797,1,14.458167122477494,25.136038449851128,0.9386904581726478,8.177707539220943,0.011725119574039766,0.0,36.0,True
2018-08-21 15:05:00-04:00,14087,2018-08-21,long,2,recross,-3.86892095794351,-3.86892095794351,-3.86892095794351,False,close,5.1787214729804365,0.6265923339080208,1.1132358352745497,3.002470752114739,3.0,0.13422818791946228,330.0,20.160508665141,5.9778938343123995,0.5467659376454145,19.422755700578797,1,-1.743375174337869,-15.711527503471379,0.9533244278417292,8.177707539220943,0.011725119574039766,0.0,36.0,True
2018-08-21 15:15:00-04:00,14089,2018-08-21,short,8,eod,11.998297015907507,11.998297015907507,11.998297015907507,False,close,4.705298043278337,-0.32818251196874026,0.8850125548066317,-3.4826369905077854,2.0,0.18587360594797125,340.0,-17.834296126855328,-3.4664290225459555,0.5467659376454145,-19.422755700578797,1,-3.1400460540087494,4.430660168365241,0.940129446915851,8.177707539220943,0.011725119574039766,0.0,36.0,True
2018-08-22 11:35:00-04:00,14123,2018-08-22,short,5,recross,-6.955003878976416,-6.955003878976416,-9.697439875870565,True,midday,6.3876825026435675,-0.2406558804606478,1.2750454936145499,-4.824765335942516,1.0,0.09523809523810452,120.0,2.326483132997374,1.6469509644612002,0.42699561143397546,5.038173855753032,2,-3.3165180052030507,-3.316016359014018,0.8102544717845312,8.065317577274584,-0.1123899619463593,0.0,35.0,False
2018-08-22 12:00:00-04:00,14128,2018-08-22,long,3,recross,-7.248062015504334,-7.248062015504334,-7.36434108527123,True,midday,5.9327886600045305,-0.35655866573687245,0.9800457340710454,4.6466249878073285,5.0,0.13333333333330302,145.0,3.101977510664635,3.6417411076830364,0.42699561143397546,-5.038173855753032,2,4.187896977734251,9.392265193368665,0.8124413719384843,8.065317577274584,-0.1123899619463593,0.0,35.0,False
2018-08-22 12:15:00-04:00,14131,2018-08-22,short,42,eod,19.400147441120552,19.400147441120552,19.400147441120552,False,midday,5.7179710441907545,-0.214817615813776,1.4246590443671905,-5.384666816565712,3.0,0.09523809523810452,160.0,4.257464133383101,3.753884841054119,0.42699561143397546,5.038173855753032,2,4.710315591144321,12.147313787203018,0.8821199637586374,8.065317577274584,-0.1123899619463593,0.0,35.0,False
2018-08-23 10:55:00-04:00,14193,2018-08-23,short,46,recross,16.722408026758327,16.722408026758327,16.722408026758327,False,open,6.195534214586773,-0.13594607578809015,1.0667982934549596,-2.988283899086845,5.0,0.11764705882355773,80.0,-15.965732087226174,-3.5079471635496913,0.6193907217798111,13.99906672888527,3,11.503869483373563,18.12887985496947,0.7988724344962009,7.45501805956867,-0.6102995177059141,0.0,34.0,False
2018-08-23 14:45:00-04:00,14239,2018-08-23,long,6,recross,-9.346886318495507,-9.346886318495507,-9.346886318495507,False,close,4.521182859693847,1.0801193412123835,2.1536616958139647,7.027483249867807,46.0,0.08,310.0,-1.9470404984428102,2.5688357647189726,0.9986095310327461,-13.99906672888527,3,6.5469928598616,6.370761788667689,0.9557193299969959,7.45501805956867,-0.6102995177059141,0.0,34.0,True
2018-08-24 13:50:00-04:00,14306,2018-08-24,long,14,recross,-1.7453699214589709,-1.7453699214589709,-1.7453699214589709,False,midday,4.7613965900786495,0.5050521902700291,1.0183398602081775,5.293007442301295,2.0,0.16,255.0,23.328149300156404,5.284112446651157,0.7438894792773624,27.68139108737103,4,-3.827285063150443,-3.8385610879587695,0.8797161160924575,7.386432632862598,-0.06858542670607193,0.0,33.0,True
2018-08-24 15:15:00-04:00,14323,2018-08-24,long,8,recross,-4.653327128897338,-4.653327128897338,-4.653327128897338,False,close,4.650968242861292,0.6366440756323266,1.3342165271482613,5.990634079674898,2.0,0.12499999999998046,340.0,24.883359253498693,5.672731810229425,0.7438894792773624,27.68139108737103,4,0.17393724344172412,0.0,0.934517210848221,7.386432632862598,-0.06858542670607193,0.0,33.0,True
2018-08-28 11:35:00-04:00,14435,2018-08-28,short,8,recross,-1.9180604572660491,-1.9180604572660491,-1.9180604572660491,False,midday,6.565334105334615,0.4934823118005305,1.4021034641731929,-6.8070838004050955,25.0,0.08333333333333018,120.0,22.196708763872333,11.1175531570264,0.40871485546656416,-31.48034398034371,1,5.518763796910076,5.961090337615049,0.9592677734181123,7.084693858836971,-0.08231562285810234,0.0,29.0,False
2018-08-28 12:20:00-04:00,14444,2018-08-28,short,4,recross,-0.5754071005230972,-0.5754071005230972,-0.5754071005230972,False,midday,4.942098864294162,-0.438382233106414,0.4268679720440055,-0.8775522054016207,1.0,0.36363636363631857,165.0,22.57941063911335,8.584926157463764,0.5801114077589871,-31.48034398034371,1,-5.524671109422563,-9.489723984599241,0.9677191185936971,7.084693858836971,-0.08231562285810234,0.0,29.0,False
2018-08-28 13:40:00-04:00,14460,2018-08-28,long,21,recross,-4.601050573214391,-4.601050573214391,-5.367892335416063,True,midday,4.902038677324318,1.4456579491614865,0.7822711473723565,4.112991716383533,2.0,0.19999999999995452,245.0,-20.09184845005871,-3.7432037443061494,0.5801114077589871,31.48034398034371,1,2.4152922503617447,3.796371513673513,0.9464161769961537,7.084693858836971,-0.08231562285810234,0.0,29.0,True
2018-08-29 10:30:00-04:00,14500,2018-08-29,long,39,recross,21.856666283218303,21.856666283218303,21.856666283218303,False,open,6.530415548274126,-0.8598376109851333,0.9395535507113233,3.0837211619088407,3.0,0.12500000000002487,55.0,-3.4501265046397234,7.315552342797407,0.3109596744847848,8.056781124114192,2,18.62133177005898,25.376599535662514,0.8476191397680659,7.004027018001079,-0.08066684083589237,0.0,28.0,False
2018-08-30 12:55:00-04:00,14607,2018-08-30,long,16,recross,-24.93096041730505,-24.93096041730505,-8.438171218163948,True,midday,4.6250058728044845,0.49956930493978646,1.4930900188296143,4.70570792270744,42.0,0.1111111111111069,200.0,-3.072025772801098,3.5842246980557597,0.7056349017878105,-23.340348192080107,3,7.910209326620343,15.2345316049729,0.8992108640459673,7.068057003594104,0.06402998559302553,0.0,27.0,False
2018-08-31 11:00:00-04:00,14662,2018-08-31,long,2,recross,-10.376234579761801,-10.376234579761801,-6.533184735404446,True,open,5.658491624116762,-0.9419313103509177,0.8831182194489569,1.0224913192913831,2.0,0.15384615384615924,85.0,19.642582036665804,8.596805727889807,0.6736812862451146,-13.84615384615437,4,0.6885866758499226,4.816182372773259,0.9543012660094052,7.274785842152112,0.20672883855800794,0.0,26.0,False
2018-08-31 15:05:00-04:00,14711,2018-08-31,long,4,recross,-3.853713052526985,-3.853713052526985,-3.853713052526985,False,close,5.588327504055778,1.4056232759020002,1.5175303159292057,5.2241445463471194,47.0,0.09090909090907964,330.0,-8.473270682482301,-5.195145385148313,1.0487203528145241,-13.84615384615437,4,9.497496114660997,10.738831615120237,0.9520760781671225,7.274785842152112,0.20672883855800794,0.0,26.0,True
2018-08-31 15:25:00-04:00,14715,2018-08-31,short,2,recross,-13.11323665535232,-13.11323665535232,-10.81842024066495,True,close,5.673780112041912,0.2795800932271977,1.634203971386125,-4.744572775945926,4.0,0.08316008316008411,350.0,10.017716838698421,6.475930588725487,1.0487203528145241,13.84615384615437,4,-4.834588024036357,-0.0,0.9558342553547879,7.274785842152112,0.20672883855800794,0.0,26.0,True
2018-09-05 13:05:00-04:00,14843,2018-09-05,long,13,recross,-0.7697340568826467,-0.7697340568826467,-0.7697340568826467,False,midday,6.5570372956807725,0.6970161776355956,0.8219551221219925,1.3282495010607889,1.0,0.14285714285715678,210.0,20.83172594707058,8.809983023799031,0.8705565343558862,-20.02002002001932,2,-12.44727197289297,-24.970144392574277,0.9750347769870803,7.172055149302106,-0.017555536732272614,0.0,21.0,False
2018-09-05 14:20:00-04:00,14858,2018-09-05,long,3,recross,-9.231124274010888,-9.231124274010888,-9.231124274010888,False,close,5.823275576475129,0.8285870805992017,1.4203039514743938,3.6254204613766063,2.0,0.09302325581393972,285.0,28.16140729881804,13.404566108598363,0.9603758593291101,-20.02002002001932,2,0.6951411707212252,-4.615259166643737,0.9636330189278223,7.172055149302106,-0.017555536732272614,0.0,21.0,True
2018-09-05 14:50:00-04:00,14864,2018-09-05,short,6,recross,-3.849855630414735,-3.849855630414735,-3.849855630414735,False,close,5.658781340684333,0.6049219260770444,1.1564770379528324,-3.7851276487696666,6.0,0.1176470588235184,315.0,-21.217498649793782,-6.202673263314878,0.9603758593291101,20.02002002001932,2,5.532694768146662,10.871521887978464,0.9651124321556913,7.172055149302106,-0.017555536732272614,0.0,21.0,True
2018-09-05 15:25:00-04:00,14871,2018-09-05,short,6,eod,0.38504485772776353,0.38504485772776353,0.38504485772776353,False,close,6.119901949161248,0.590563551775908,1.0065143297769934,-2.180415615701037,1.0,0.12500000000002487,350.0,-20.445953244347375,-5.188659424218244,0.9603758593291101,20.02002002001932,2,-1.0379545375927002,4.009369722721701,0.9357548640668241,7.172055149302106,-0.017555536732272614,0.0,21.0,True
2018-09-11 11:00:00-04:00,15130,2018-09-11,long,52,recross,37.787555967270414,37.787555967270414,37.787555967270414,False,open,5.615611508440169,-1.406947745563465,0.4812280337645524,0.7318544963174602,5.0,0.28571428571431357,85.0,36.03254552498837,14.471322541827403,0.9161470925054086,-32.439947478179306,1,0.3471740036098403,-3.595868380221745,0.9613157842680721,6.879443812496359,-0.5057172223806887,0.0,15.0,False
2018-09-12 13:30:00-04:00,15238,2018-09-12,short,21,recross,12.282183158056082,12.282183158056082,12.282183158056082,False,midday,6.286318216316315,0.8791221095081196,1.2818833951038886,-3.859137763886743,15.0,0.09523809523810452,235.0,-17.297712857968307,3.2157037327687727,1.2740852319086042,-4.9996154141987335,2,-4.151674508718894,-18.658764131269656,0.8477283531242564,6.710597266159739,-0.16884654633662066,0.0,14.0,True
2018-09-12 15:15:00-04:00,15259,2018-09-12,long,6,recross,-2.688791580240961,-2.688791580240961,-2.688791580240961,False,close,6.410164973760938,0.09172045950785357,1.1390086766996748,3.593013892842727,21.0,0.1052631578947381,340.0,3.0751489525289615,-10.149419555222044,1.3745057427979692,4.9996154141987335,2,8.134443309852912,20.86765513454214,0.9218916077720072,6.710597266159739,-0.16884654633662066,0.0,14.0,True
2018-09-13 14:25:00-04:00,15327,2018-09-13,long,9,recross,-0.9558767301360123,-0.9558767301360123,-0.9558767301360123,False,close,5.045007744271682,1.7966376647527618,1.288641160631847,3.0188031568393967,1.0,0.11764705882355773,290.0,2.6776834213140988,-3.7656436755874014,0.7537577905413488,44.763789360435744,3,0.34416299559358876,-9.49204024625172,0.8577686332701099,6.4326012117156965,-0.2779960544440421,0.0,13.0,True
2018-09-14 14:40:00-04:00,15408,2018-09-14,long,13,eod,12.613714547816837,12.613714547816837,12.613714547816837,False,close,4.55827545776957,0.21804289704173385,0.6709162068720295,2.5953806053331334,2.0,0.2499999999998721,305.0,-16.02992252204175,-4.353626890550099,0.9169786502074593,8.786003514402102,4,1.7100763409749753,-1.0871928680156184,0.9459955028155039,5.838947315234255,-0.5936538964814417,0.0,12.0,True
2018-09-17 10:10:00-04:00,15432,2018-09-17,long,9,recross,-4.965243296921376,-4.965243296921376,-4.965243296921376,False,open,5.00513994850009,-0.30496736784259326,1.1447798609318234,6.151904073959685,7.0,0.13333333333330302,35.0,2.6746140913951235,6.464769194557841,0.20681453906209235,-6.109668550479921,0,-3.787226717163472,-34.98223558349167,0.6942958529861997,5.283450345475943,-0.5554969697583116,0.0,9.0,False
2018-09-17 11:35:00-04:00,15449,2018-09-17,short,8,recross,-6.114805472749681,-6.114805472749681,-6.114805472749681,False,midday,5.645332591775634,-0.43631890726968514,1.0821740830080586,-1.0153696224082793,5.0,0.12507817385866693,120.0,-0.5731315910127753,1.0986086148760357,0.45880512900057324,6.109668550479921,0,0.34469683912963234,0.5487721223751407,0.6751521983161267,5.283450345475943,-0.5554969697583116,0.0,9.0,False
2018-09-17 12:55:00-04:00,15465,2018-09-17,short,20,recross,-0.7646429117595125,-0.7646429117595125,-0.7646429117595125,False,midday,4.6900850742843785,0.7057007202696215,2.1192787915678526,-8.100047014025023,1.0,0.07692307692307962,200.0,5.349228182792419,6.727576467218735,0.45880512900057324,6.109668550479921,0,7.75153738824752,7.666611905153831,0.9191055823881029,5.283450345475943,-0.5554969697583116,0.0,9.0,True
2018-09-21 11:05:00-04:00,15755,2018-09-21,short,2,recross,-6.1837124761070195,-6.1837124761070195,-5.996327249558451,True,midday,5.451113763026505,-0.29856346888878527,0.8248316666984568,-1.204271138980097,1.0,0.16666666666666036,90.0,24.705662492992015,0.9912259931578064,0.6158397609092945,-21.349913851224553,4,3.4172846256375067,7.593014426726663,0.34605072267148623,6.389695851498807,0.48531147793471874,0.0,5.0,False
2018-09-21 11:15:00-04:00,15757,2018-09-21,long,18,recross,0.7039321349512347,0.7039321349512347,0.7039321349512347,False,midday,5.773188542392685,0.08401996613213925,1.045735303085281,4.562198214355263,2.0,0.12406947890818243,100.0,-20.183143337694652,3.444543460888799,0.6158397609092945,21.349913851224553,4,-0.8544087491468844,8.680555555555802,0.6336212879249004,6.389695851498807,0.48531147793471874,0.0,5.0,False
2018-09-24 15:05:00-04:00,15881,2018-09-24,long,6,recross,-6.477229958599938,-6.477229958599938,-6.477229958599938,False,close,4.6399581907003355,1.1000910716096386,1.5415089909256279,3.5976311644399175,1.0,0.1052631578947381,330.0,-38.99805009749589,-10.116093366895011,0.890512966175856,-13.855083317730932,0,1.247079840593912,3.6441878200221822,0.9048125297140287,6.734509901105093,0.3448140496062857,0.0,2.0,True
2018-09-25 10:35:00-04:00,15905,2018-09-25,short,4,recross,-4.894946908650447,-4.894946908650447,-4.894946908650447,False,open,5.736348330177824,-1.0991735243640885,0.9187190043687745,-2.2322596986526406,12.0,0.14285714285715678,60.0,14.284103296620513,7.556581878945614,0.34119815387427677,-22.982442920652428,1,-1.7173868242092993,-8.172160174337861,0.8373998485551396,6.63144499288395,-0.10306490822114256,0.0,1.0,False
2018-09-25 11:30:00-04:00,15916,2018-09-25,long,14,recross,-3.3862580381312157,-3.3862580381312157,-3.3862580381312157,False,midday,6.595224731938573,-1.4287094138787433,1.1416365772681085,5.335495332299466,6.0,0.09995002498749607,115.0,-10.149231289703486,1.9087374377187036,0.700674780277516,22.982442920652428,1,18.223077981021074,29.44286960314013,0.8975430723875518,6.63144499288395,-0.10306490822114256,0.0,1.0,False
2018-09-26 10:20:00-04:00,15980,2018-09-26,long,19,recross,0.7544322897034574,0.7544322897034574,0.7544322897034574,False,open,6.790047493562972,-0.9374180396422336,0.7940203044682419,4.166345498268093,3.0,0.13995801259622373,45.0,9.063101846607344,0.4574739293052967,0.3210127042292092,3.0219468892828196,2,-9.276045993525939,-3.2448554955877285,0.7197916900161774,6.1022972010791525,-0.5291477918047978,1.0,0.0,False
2018-09-28 13:20:00-04:00,16172,2018-09-28,long,9,recross,-1.8900018900001714,-1.8900018900001714,-1.8900018900001714,False,midday,5.335269377045735,-1.425578900307256,0.5668376688074273,1.8851419968050607,6.0,0.25000000000004974,225.0,36.80376384883785,8.066853352299049,0.75840734457638,-24.979184013323174,4,3.6131518728166334,-1.0775862068956865,0.9844725595355779,5.953001014756673,-0.24703245896019244,0.0,41.0,True
2018-09-28 14:05:00-04:00,16181,2018-09-28,short,22,eod,8.696309739867596,8.696309739867596,8.696309739867596,False,close,5.8997799883924325,1.3564584133325504,1.6019379065463974,-5.943685550255502,9.0,0.08,270.0,-36.424343602973885,-5.739460508854492,0.8211327640526305,24.979184013323174,4,13.744759810321305,16.503693145423213,0.9811362941392694,5.953001014756673,-0.24703245896019244,0.0,41.0,True
2018-10-01 12:30:00-04:00,16240,2018-10-01,short,2,recross,-1.8771587325428505,-1.8771587325428505,-1.8771587325428505,False,midday,6.12615711070627,1.3317542669149818,0.490230403225664,-1.9601270243914684,36.0,0.25000000000004974,175.0,-10.522360015030916,9.97249419641405,0.7468367156418937,-65.05787124593492,0,11.287399555479638,10.161514600491861,0.9145316346837988,5.754439714501715,-0.19856130025495755,0.0,38.0,False
2018-10-01 12:45:00-04:00,16243,2018-10-01,short,4,recross,-5.633379652231842,-5.633379652231842,-5.633379652231842,False,midday,5.215805558325524,-0.9103515523807459,0.8638528375455053,-2.0915456780916273,1.0,0.16666666666666036,190.0,-8.643367155203357,11.448516427076738,0.7468367156418937,-65.05787124593492,0,15.729184475977709,26.194803806265377,0.9239625304383887,5.754439714501715,-0.19856130025495755,0.0,38.0,False
2018-10-01 13:05:00-04:00,16247,2018-10-01,long,11,recross,-0.7506380423353028,-0.7506380423353028,-0.7506380423353028,False,midday,4.522279868198067,-0.5158181610700225,0.8299955046923924,1.9104171783268455,4.0,0.19999999999995452,210.0,12.025554302893392,-7.488824394443084,0.7468367156418937,65.05787124593492,0,-5.066272318982046,-14.992503748125774,0.9377473037995832,5.754439714501715,-0.19856130025495755,0.0,38.0,True
2018-10-01 14:00:00-04:00,16258,2018-10-01,short,3,recross,-3.75459938424442,-3.75459938424442,-3.75459938424442,False,midday,4.5179732532107515,0.8453890166607012,1.8276620768100005,-3.194786478538539,11.0,0.09090909090910312,265.0,-12.401352874858476,6.751692276363171,0.7468367156418937,-65.05787124593492,0,4.449464352944688,1.5537101526919006,0.9478626758843754,5.754439714501715,-0.19856130025495755,0.0,38.0,True
2018-10-01 14:25:00-04:00,16263,2018-10-01,long,2,recross,-4.127115146510968,-4.127115146510968,-7.503845720929419,True,close,5.8152501080196055,-0.24497404778920906,1.0324151556155776,2.9030275561520114,1.0,0.12500000000002487,290.0,15.031942878616206,-3.0945538783941564,0.7468367156418937,65.05787124593492,0,-2.0545130803995004,-13.985564325558197,0.9382944946249661,5.754439714501715,-0.19856130025495755,0.0,38.0,True
2018-10-01 14:35:00-04:00,16265,2018-10-01,short,1,recross,-4.881529045097648,-4.881529045097648,-4.881529045097648,False,close,5.719724714450438,-0.050348451850040554,1.3780892460388368,-3.7164893912714376,2.0,0.09523809523807875,300.0,-12.025554302893392,6.007123575857226,0.7468367156418937,-65.05787124593492,0,3.4253613756263235,13.681358478417893,0.912339541837934,5.754439714501715,-0.19856130025495755,0.0,38.0,True
2018-10-01 14:55:00-04:00,16269,2018-10-01,short,1,recross,-3.9375398821360474,-3.9375398821360474,-3.9375398821360474,False,close,5.27631488319735,-0.4248645003232463,0.6402191772059806,-2.7378112787016775,1.0,0.222222222222284,320.0,-12.401352874858476,5.465042442994458,0.7468367156418937,-65.05787124593492,0,4.622891875695201,6.439495572847509,0.9290725478794749,5.754439714501715,-0.19856130025495755,0.0,38.0,True
2018-10-01 15:00:00-04:00,16270,2018-10-01,long,3,recross,-2.6261489401589326,-2.6261489401589326,-6.377790283247387,True,close,5.1955529435805134,-0.49215921959355935,0.9388892449868731,2.3157442912746404,1.0,0.15384615384615924,325.0,15.031942878616206,-2.8250131277636714,0.7468367156418937,65.05787124593492,0,4.968475877193956,12.625584269059242,0.9278749547398569,5.754439714501715,-0.19856130025495755,0.0,38.0,True
2018-10-01 15:25:00-04:00,16275,2018-10-01,short,6,eod,1.881194847855761,1.881194847855761,1.881194847855761,False,close,5.85341614303134,0.848337687166322,1.1535125857828668,-3.5876497444601156,1.0,0.11117287381880361,350.0,-12.777151446823561,4.84221506225467,0.7468367156418937,-65.05787124593492,0,7.363391955067522,5.097523676655946,0.9417010908219283,5.754439714501715,-0.19856130025495755,0.0,38.0,True
2018-10-02 15:05:00-04:00,16349,2018-10-02,short,9,recross,-14.214641080310424,-14.214641080310424,-13.092432573970965,True,close,5.88080452391699,1.8068733280780078,1.9717178201907681,-9.619374170774762,56.0,0.06451612903225759,330.0,-46.97482149567831,-6.2401910113334695,1.1350051132844396,13.510470614724793,1,17.12211492363558,24.163668581860254,0.9077029023295541,5.892111116242384,0.1376714017406684,0.0,37.0,True
2018-10-03 14:30:00-04:00,16420,2018-10-03,short,17,eod,20.461309523809945,20.461309523809945,20.461309523809945,False,close,4.6219101578984985,0.9919245517819042,1.287351618252362,-2.461249995957864,62.0,0.12499999999998046,295.0,-5.0786918182837475,0.714645832252386,0.4803637039472608,-44.84807713869226,2,5.118836224559109,8.791385406621277,0.8218657260404789,5.871641024962095,-0.02047009128028865,0.0,36.0,True
2018-11-06 14:05:00-05:00,18287,2018-11-06,short,11,recross,-4.700168422701991,-4.700168422701991,-4.700168422701991,False,close,6.448709582475843,1.9892869532412094,2.186219781730596,-9.282229887915946,90.0,0.055555555555557835,270.0,-32.21624170038868,2.862388740947784,0.3655689503718836,-1.9647909462437665,1,9.82926207724999,24.675324675323964,0.9575550356294954,24.272931312746998,0.18849305518499193,0.0,2.0,False
2018-11-08 13:25:00-05:00,18435,2018-11-08,short,7,recross,-9.922149290184358,-9.922149290184358,-8.014043657456096,True,midday,5.668040705893936,-0.21367191412559094,1.1440182872988776,-1.2069742240597918,127.0,0.1176470588235184,230.0,-24.643868379947406,-1.1353269083430024,0.3616734021785798,4.758264857632524,3,8.908527242276199,8.028188626331145,0.938303544074291,23.03037404737982,-1.432200170727988,1.0,0.0,False
2018-11-08 14:00:00-05:00,18442,2018-11-08,long,1,recross,-14.107599039158293,-15.249714067862527,-9.91231414410945,True,midday,5.46871953736305,-0.12867627614460275,1.3248065080055518,4.34748170201739,7.0,0.1052631578947381,265.0,27.702843508567145,4.350391314110133,0.3616734021785798,-4.758264857632524,3,10.899664908468054,25.90926586583553,0.9341712148424757,23.03037404737982,-1.432200170727988,1.0,0.0,False
2018-11-30 13:25:00-05:00,19579,2018-11-30,long,30,eod,65.47806879141672,65.47806879141672,65.47806879141672,False,midday,6.274263641600443,0.47575792526698457,1.339443947923533,3.8085982866540036,14.0,0.09389671361502618,230.0,13.828526274199696,1.344925229695913,0.34289528048833307,-19.32252849087145,4,8.446747181376502,4.16567483932484,0.9331382466694162,19.310613657424835,-0.2960093197947238,0.0,19.0,False
2019-01-14 14:00:00-05:00,21754,2019-01-14,short,1,recross,-6.3148210103718,-6.3148210103718,-6.3148210103718,False,midday,6.1664730707494,0.3214651405227382,1.084776141009199,-2.5126617588933087,22.0,0.12499999999998046,265.0,-52.956751985877816,-14.594029243837053,0.35719635429269575,82.94431477158973,0,3.007197121769334,3.1293027913392724,0.8625933027026685,32.730952097417024,-0.07914372547382698,0.0,16.0,False
2019-01-14 14:45:00-05:00,21763,2019-01-14,long,12,recross,-2.089864158830151,-2.089864158830151,-2.089864158830151,False,close,6.3831656613834955,-0.29030955234861544,1.3754065297166524,4.125995304912017,7.0,0.09523809523810452,310.0,53.166897827091425,13.829031739903925,0.35719635429269575,-82.94431477158973,0,9.898491935640408,11.120679760174834,0.8947849989919173,32.730952097417024,-0.07914372547382698,0.0,16.0,True
2019-01-17 12:35:00-05:00,21971,2019-01-17,long,2,recross,-6.6102045032028505,-6.6102045032028505,-5.866556496592618,True,midday,6.0692198343159225,-1.2468329947265673,0.6944101284900313,1.7912277621545627,2.0,0.1960784313725416,180.0,36.90955086467942,14.073210295012563,0.2329791225964995,-37.18547287526363,3,6.119482903694795,6.147792942332586,0.8871116484695243,31.524898791813605,-0.8870587118935944,0.0,13.0,False
2019-01-17 12:50:00-05:00,21974,2019-01-17,short,4,recross,-4.962368703994895,-4.962368703994895,-4.962368703994895,False,midday,5.817888056731477,-0.25133177758444525,1.2791079097469849,-2.4582744519522066,3.0,0.1111111111111069,195.0,-31.10355409944843,-7.986092293396944,0.2329791225964995,37.18547287526363,3,2.676454844382503,-1.2297854024478916,0.8916610283679441,31.524898791813605,-0.8870587118935944,0.0,13.0,False
2019-01-17 13:10:00-05:00,21978,2019-01-17,long,15,recross,0.8264804330749952,0.8264804330749952,0.8264804330749952,False,midday,6.521397995981262,0.7068444511667806,1.077377423641568,3.8303213955103175,4.0,0.11764705882353807,215.0,34.346618006884654,11.048267753626867,0.2329791225964995,-37.18547287526363,3,0.0,-0.6147415011981128,0.9265807509765764,31.524898791813605,-0.8870587118935944,0.0,13.0,False
2019-01-17 14:30:00-05:00,21994,2019-01-17,long,17,eod,47.91210606748984,47.91210606748984,47.91210606748984,False,close,5.487969886995778,0.09711528819591031,0.6774696118790646,2.3140912284765918,1.0,0.2222222222222138,295.0,38.983121137975274,12.498387584328546,0.2783378898276763,-37.18547287526363,3,-7.6344361573621455,-6.145148405333201,0.9562212648928109,31.524898791813605,-0.8870587118935944,0.0,13.0,False
2019-01-30 13:35:00-05:00,22607,2019-01-30,long,2,recross,-6.43371265430844,-6.43371265430844,-6.03160561341452,True,midday,5.6764562911031495,-0.2479029826352761,0.7794756597225563,1.3714279474801998,2.0,0.18181818181820625,240.0,8.321256038646686,-1.3732572524002786,0.6148264382124732,109.06723099462832,2,-9.966902361967511,-7.90994828110736,0.9345423824071434,18.356047624000585,-0.002811133679937683,1.0,0.0,False
2019-01-30 13:45:00-05:00,22609,2019-01-30,short,4,recross,-50.625372245384554,-50.625372245384554,-9.175345685173312,True,midday,5.984303544232152,0.19446555927297826,1.2641449393453046,-2.70361331398761,2.0,0.10638297872341095,250.0,-4.508856682769515,5.136841720873716,0.6148264382124732,-109.06723099462832,2,8.090919354233339,10.346296634411445,0.9041241504611371,18.356047624000585,-0.002811133679937683,1.0,0.0,False
2019-02-05 14:00:00-05:00,22924,2019-02-05,long,23,eod,16.575893914278453,16.575893914278453,16.575893914278453,False,midday,5.530986100361497,-0.9267250010994683,0.9150614682994396,1.4085474089622494,1.0,0.15600624024958448,265.0,-1.9735543714222596,-6.953033635043112,0.5205776717900493,42.41319169177078,1,5.32520474494147,12.918379330593144,0.9315029970432176,11.35992489174701,-4.303403996928763,0.0,43.0,False
2019-02-06 14:05:00-05:00,23003,2019-02-06,short,11,recross,-3.546658259773148,-3.546658259773148,-3.546658259773148,False,close,5.339833868955102,1.1276878478098125,1.3279067904612885,-4.926505594072445,22.0,0.1111111111111069,270.0,-9.068685434902207,-2.9547478942097682,0.5288304101893339,12.994683992911364,2,15.200073253364144,19.892663965106472,0.8799062524464085,11.290031734404275,-0.06989315734273482,0.0,42.0,True
2019-02-06 15:15:00-05:00,23017,2019-02-06,long,3,recross,-7.087172218285172,-7.087172218285172,-7.087172218285172,False,close,6.364205803672531,-0.1738259316778077,1.0519393313963925,2.4386656904456956,2.0,0.1176470588235184,340.0,12.223010803564478,6.248786301163946,0.5288304101893339,-12.994683992911364,2,8.074283407346616,13.513838911045628,0.9511431723377801,11.290031734404275,-0.06989315734273482,0.0,42.0,True
2019-02-11 13:20:00-05:00,23228,2019-02-11,short,25,recross,3.5862288810955927,3.5862288810955927,3.5862288810955927,False,midday,6.333426060398989,-0.11116453002796156,0.8804033942091805,-1.044188995584932,16.0,0.14285714285712778,225.0,41.35332381405652,11.255366541353613,0.6947205423842282,-31.43277762304508,0,1.1857177526330975,5.928033671230848,0.9516531073708472,12.016794312024667,-0.012378223356677154,0.0,37.0,False
2019-02-15 13:30:00-05:00,23542,2019-02-15,short,1,recross,-5.440273568041748,-5.440273568041748,-5.440273568041748,False,midday,5.470847595477528,0.15955607803327965,1.4204774091157313,-3.973259345406227,47.0,0.10000000000000568,235.0,-46.45352695475652,-0.17745203856045827,0.755648850673953,-47.0643605130022,4,11.87960171882052,10.206462148606432,0.9294075790020654,11.917770235233068,0.12936188888573774,0.0,33.0,True
2019-02-15 13:35:00-05:00,23543,2019-02-15,long,28,eod,34.17741183781469,34.177411837812464,34.177411837812464,False,midday,5.307883343644503,0.06601490117510522,0.8782317934520147,1.5110311622952821,1.0,0.16666666666666036,240.0,48.990904477495235,2.6820271426390194,0.755648850673953,47.0643605130022,4,-2.7637100274913173,0.0,0.9108998674561595,11.917770235233068,0.12936188888573774,0.0,33.0,False
2019-02-20 11:10:00-05:00,23670,2019-02-20,long,1,recross,-1.929980314201234,-1.929980314201234,-1.929980314201234,False,midday,5.957334944852338,-0.9048253240819184,0.6726075506314961,2.5761806059803334,2.0,0.19267822736024295,95.0,8.886484815702735,4.516445878850877,0.27278346932176073,0.38638383370004653,2,-6.034959659169115,-10.401016988328404,0.9204675377976337,11.521009416144674,-0.634301847619561,0.0,28.0,False
2019-02-20 11:15:00-05:00,23671,2019-02-20,short,3,recross,-2.317228594600945,-2.317228594600945,-2.317228594600945,False,midday,5.6936487662504645,-1.1129239073468424,0.8137810600096137,-1.565107754939973,1.0,0.16666666666666036,100.0,-6.568271385519509,-2.1619118491039684,0.27278346932176073,-0.38638383370004653,2,4.1327511544753115,8.672525439408219,0.9240583463500063,11.521009416144674,-0.634301847619561,0.0,28.0,False
2019-02-20 11:30:00-05:00,23674,2019-02-20,long,8,recross,-8.879623195118576,-8.879623195118576,-9.65176434251962,True,midday,6.352873452174829,0.6592246859243645,1.2762898819166004,4.09903408235072,3.0,0.09523809523810452,115.0,6.954640290549681,2.5099252196617434,0.27278346932176073,0.38638383370004653,2,2.1572645885026276,0.046296510631815835,0.9618928825214721,11.521009416144674,-0.634301847619561,0.0,28.0,False
2019-02-21 12:30:00-05:00,23764,2019-02-21,long,12,recross,-3.864584943575742,-3.864584943575742,-4.251043437933096,True,midday,6.700496161340942,-2.3102654480343148,0.40385756740097145,0.20089877661791178,3.0,0.28571428571431357,175.0,-10.040936124198305,6.165715304148547,0.5200834781329507,-21.195421788894038,3,1.4404033129289395,8.143322475571146,0.9648057149423017,10.022173514479197,-1.4988359016654762,0.0,27.0,False
2019-02-21 13:30:00-05:00,23776,2019-02-21,short,29,eod,21.267545725223748,21.267545725223748,21.267545725223748,False,midday,4.980811127447585,-0.31565325936793087,1.0331150986228113,-2.5760969005721677,12.0,0.15026296018030078,235.0,10.813315826059037,-3.8223571669607073,0.5200834781329507,21.195421788894038,3,8.45399766166044,9.298948713480915,0.9175509063457938,10.022173514479197,-1.4988359016654762,0.0,27.0,False
2019-02-22 13:45:00-05:00,23857,2019-02-22,short,1,recross,-3.464336579544054,-3.464336579544054,-3.464336579544054,False,midday,4.7059136201540195,0.14668954367242648,1.1450158699830368,-3.584679816620664,51.0,0.14285714285715678,250.0,-21.5999382858907,1.7448075046748186,0.6584394017884434,-31.728834545735687,4,0.7173343854227632,2.6180133217490464,0.8828715349327699,10.268927709731434,0.24675419525223674,0.0,26.0,True
2019-02-22 13:50:00-05:00,23858,2019-02-22,long,6,recross,-5.386272699291566,-5.386272699291566,-5.386272699291566,False,midday,4.6100514868435845,-0.18958648854969784,0.9180802183826725,2.2441108433396906,1.0,0.18181818181825324,255.0,24.68564375530303,1.3226506702844554,0.6584394017884434,31.728834545735687,4,0.0,-4.633651896901458,0.9266773444658105,10.268927709731434,0.24675419525223674,0.0,26.0,True
2019-02-22 14:25:00-05:00,23865,2019-02-22,short,13,recross,-1.539823690186073,-1.539823690186073,-5.004426993106925,True,close,5.021447715140556,0.4067985768333653,0.6897751698766821,-1.7864530243018137,7.0,0.222222222222284,290.0,-22.371364653243234,1.795240558836344,0.6584394017884434,-31.728834545735687,4,2.9294525437650876,4.27355376686589,0.9484038845653038,10.268927709731434,0.24675419525223674,0.0,26.0,True
2019-02-25 12:55:00-05:00,23925,2019-02-25,short,2,recross,-3.82248385000443,-3.82248385000443,-3.82248385000443,False,midday,5.60209604726749,-0.15385917756601142,1.5010134684175076,-4.355901506376597,44.0,0.09090909090907964,200.0,8.58872604637114,12.771991082791583,0.4281517133450472,-65.53526811454965,0,9.9807514079997,12.657499568494712,0.9554634142461599,10.324045964894719,0.0551182551632845,0.0,23.0,False
2019-02-25 13:05:00-05:00,23927,2019-02-25,long,2,recross,-6.357298514898776,-6.357298514898776,-6.357298514898776,False,midday,5.6203014476952236,0.7234429721846674,0.9953544084353155,1.6203705262832955,2.0,0.13661202185789711,210.0,-5.915489838074362,-9.669089066027732,0.43307299740648003,65.53526811454965,0,-3.9716210916607153,-0.575407100522618,0.9530006152738307,10.324045964894719,0.0551182551632845,0.0,23.0,False
2019-02-25 13:15:00-05:00,23929,2019-02-25,short,10,recross,-0.7646136789380208,-0.7646136789380208,-0.7646136789380208,False,midday,5.104985086859883,-0.5233492443606549,1.0483647746166076,-2.4147719299166397,2.0,0.14285714285709877,220.0,10.116289593970228,13.600296533141202,0.43307299740648003,-65.53526811454965,0,7.18433067174451,4.424880603026704,0.9459812255594282,10.324045964894719,0.0551182551632845,0.0,23.0,False
2019-02-25 14:05:00-05:00,23939,2019-02-25,long,2,recross,-4.585578356070333,-4.585578356070333,-4.585578356070333,False,close,5.593000431651873,-0.4488672190410048,1.230146147716525,2.879178296116166,10.0,0.1111111111111069,270.0,-8.97061693327037,-9.45460016991298,0.5856328033110374,65.53526811454965,0,10.357882705906984,8.637567660947365,0.9487091204563273,10.324045964894719,0.0551182551632845,0.0,23.0,False
2019-02-25 14:20:00-05:00,23942,2019-02-25,short,19,eod,22.556965896925178,22.556965896925178,22.556965896925178,False,close,4.9062897612186545,-0.6867106704332189,1.0908632386071122,-2.26827502403286,3.0,0.14285714285709877,285.0,10.498180480869458,10.762221266287533,0.5856328033110374,-65.53526811454965,0,-2.49821556031371,-7.769337016576561,0.943468457195967,10.324045964894719,0.0551182551632845,0.0,23.0,True
2019-02-26 13:15:00-05:00,24007,2019-02-26,long,4,recross,-6.901046658743505,-6.901046658743505,-6.517655177700383,True,midday,6.291654969340409,0.09579057321237006,0.7925088244283905,0.572502580835824,1.0,0.15384615384615924,220.0,29.23526696415017,16.757518701945003,0.7677105879672266,-35.64720763540216,1,2.6269959263669485,2.9691553761890255,0.9257996320736158,10.12797953129566,-0.19606643359905895,0.0,22.0,False
2019-02-26 13:35:00-05:00,24011,2019-02-26,short,2,recross,-6.9076675109352195,-6.9076675109352195,-6.9076675109352195,False,midday,6.128967739103548,-0.35762901387717516,1.2520881918642017,-3.7956376785606594,4.0,0.10000000000000568,240.0,-25.388521310971882,-12.510421084775373,0.7677105879672266,35.64720763540216,1,-0.5369608018601646,-2.889606644365106,0.9171814096887136,10.12797953129566,-0.19606643359905895,0.0,22.0,False
2019-02-26 13:50:00-05:00,24014,2019-02-26,long,5,recross,-3.8339148104116054,-3.8339148104116054,-3.8339148104116054,False,midday,5.235795838729241,-0.8931719003743073,1.0789361044375438,1.8316470491243564,3.0,0.1357773251866664,255.0,30.389290660102343,17.296244483528845,0.7677105879672266,-35.64720763540216,1,-4.792677361252773,-2.1079719351757564,0.9173684806178616,10.12797953129566,-0.19606643359905895,0.0,22.0,False
2019-02-26 14:30:00-05:00,24022,2019-02-26,long,15,recross,4.25533546227856,4.25533546227856,4.25533546227856,False,close,5.691432227502729,0.17644169471692805,0.869114923524288,1.1537104235376532,1.0,0.15503875968989952,295.0,31.927988921374094,17.711139074412632,0.7677105879672266,-35.64720763540216,1,-4.470912244934899,-1.3360730509459628,0.8693802983719765,10.12797953129566,-0.19606643359905895,0.0,22.0,True
2019-02-27 12:35:00-05:00,24077,2019-02-27,long,3,recross,-4.809819727956596,-4.809819727956596,-4.809819727956596,False,midday,4.7455890104737595,-0.2995256804834945,0.851680581809674,0.7597347714399874,40.0,0.1904761904761575,180.0,-2.693758177479919,14.43586624730248,0.7912455399131265,-26.09963921086999,2,4.303697593515121,2.8876696505908406,0.8686716603631593,9.488109902927613,-0.6398696283680465,0.0,21.0,False
2019-02-27 15:10:00-05:00,24108,2019-02-27,long,3,recross,-1.3994273112854831,-1.3994273112854831,-1.3994273112854831,False,close,6.724563294032772,0.008394758677253478,0.9514419145462443,4.109386633694996,1.0,0.12019230769230041,335.0,8.46609712922229,20.464149004745465,0.8211038621739998,-26.09963921086999,2,-1.2991600554446148,-5.274674651618572,0.971941067636357,9.488109902927613,-0.6398696283680465,0.0,21.0,True
2019-02-27 15:25:00-05:00,24111,2019-02-27,short,3,recross,-6.541228981490594,-6.541228981490594,-6.926007156872136,True,close,6.35221672364901,-0.37234657038376184,0.7871873493163912,-1.044098465675951,3.0,0.15384615384615924,350.0,-4.617871161394772,-15.59342351190796,0.8211038621739998,26.09963921086999,2,-0.0,-3.1700288184444148,0.9717116864853987,9.488109902927613,-0.6398696283680465,0.0,21.0,True
2019-02-28 12:20:00-05:00,24152,2019-02-28,long,5,recross,-5.003656518224681,-5.234473627488964,-5.234473627488964,False,midday,5.860281319460569,-0.8965314016450403,0.9984725482859051,3.5116008187554897,7.0,0.13157894736838327,165.0,-3.4634033710471726,0.9276539467673289,0.5630322024524252,0.0,3,2.865740077373502,5.1855266190359295,0.8966445463945932,9.436552711159617,-0.051557191767996,0.0,20.0,False
2019-02-28 12:45:00-05:00,24157,2019-02-28,short,3,recross,-10.782916778987666,-10.782916778987666,-6.546770901527287,True,midday,5.164476790311546,-0.7494346967708907,0.9692333519297104,-2.621516276502369,5.0,0.15384615384615924,190.0,5.772338951744558,1.5545326633691272,0.5630322024524252,-0.0,3,-0.716229766508647,-4.031097034264963,0.8975441462072749,9.436552711159617,-0.051557191767996,0.0,20.0,False
2019-02-28 13:10:00-05:00,24162,2019-02-28,short,6,recross,-3.0808333654247346,-3.0808333654247346,-3.0808333654247346,False,midday,5.719310501867126,1.3051161658172932,1.0098547480509188,-1.4360048868940325,2.0,0.13333333333335354,215.0,5.772338951744558,1.614875226741335,0.5630322024524252,-0.0,3,-0.11458855546875313,2.8839511858158584,0.8803873204787441,9.436552711159617,-0.051557191767996,0.0,20.0,False
2019-02-28 13:40:00-05:00,24168,2019-02-28,long,1,recross,-2.694172888922838,-2.694172888922838,-2.694172888922838,False,midday,5.219651088824038,-0.7340051429030261,0.8113264893362556,1.792305304777507,6.0,0.18181818181815929,245.0,-4.233048564612239,0.11338456834590278,0.5630322024524252,0.0,3,4.119206246866458,4.606968039158055,0.9367868722805374,9.436552711159617,-0.051557191767996,0.0,20.0,False
2019-02-28 13:45:00-05:00,24169,2019-02-28,short,8,recross,-1.1590296495936698,-1.1590296495936698,-1.1590296495936698,False,midday,5.023269275595059,-0.3445967000904959,0.8431422094656407,-0.7775926873976289,1.0,0.18181818181825324,250.0,5.387516354959838,1.0314072646468424,0.5630322024524252,-0.0,3,1.2533572068051946,-0.0,0.9352155425490966,9.436552711159617,-0.051557191767996,0.0,20.0,False
2019-02-28 14:25:00-05:00,24177,2019-02-28,long,2,recross,-12.064360708217295,-12.064360708217295,-7.05999921469824,True,close,5.717471699685373,-0.07396472468894721,0.9655702733257827,3.6092899607937525,8.0,0.13947001394701547,290.0,-4.10220888170609,0.5203066112843634,0.5630322024524252,0.0,3,-1.4257276494811233,-4.602802351980628,0.9390645676748949,9.436552711159617,-0.051557191767996,0.0,20.0,True
2019-03-01 12:30:00-05:00,24232,2019-03-01,long,2,recross,-9.135669500325212,-9.135669500325212,-6.154556294955887,True,midday,6.604163319446716,-1.7260542395486969,0.6991018511223069,1.6796069247821421,17.0,0.16666666666666036,175.0,-47.48228987171941,-22.060507708101923,1.2059178965100694,73.67690171269741,4,13.25499749229797,18.531487677857506,0.9133712536948958,8.293481700642756,-1.143071010516861,0.0,19.0,False
2019-03-01 12:55:00-05:00,24237,2019-03-01,long,35,eod,18.325971536095018,18.325971536095018,18.325971536095018,False,midday,6.0795246434068995,-0.4912145239606627,0.9705452691051711,1.9372008802295895,3.0,0.1303780964798114,200.0,-44.8018380241225,-18.28195020595562,1.2059178965100694,73.67690171269741,4,7.870916961827401,8.630113342156243,0.9382127567894604,8.293481700642756,-1.143071010516861,0.0,19.0,False
2019-03-05 14:00:00-05:00,24406,2019-03-05,long,23,eod,10.837590958353832,10.837590958353832,10.837590958353832,False,midday,5.913026642477297,-0.995258082383085,0.7858040513124996,0.8396619345442815,6.0,0.1666666666667393,265.0,1.54906668731948,7.38033223695094,0.6838195385891811,-4.258119459604258,1,5.376151392424422,5.7296739815493325,0.9684346499124813,8.39275897955323,0.2489716169033489,0.0,15.0,False
2019-03-08 14:00:00-05:00,24640,2019-03-08,short,4,recross,-3.9139746254509595,-3.9139746254509595,-5.09763630653467,True,midday,6.317368191653041,-1.1240876616185282,0.5569942364976039,-0.9561501664549468,2.0,0.22421524663675804,265.0,-24.5175577348942,-3.6198741831915493,0.7567176205434802,75.74271025469984,4,-11.734506784011334,-14.128451168540224,0.9512082180739836,9.061428667639657,0.5213006739679678,0.0,12.0,False
2019-03-12 13:50:00-04:00,24794,2019-03-12,long,13,recross,-2.7339478206516468,-2.7339478206516468,-2.7339478206516468,False,midday,6.426023478783715,-1.0807588111944373,0.911962225124887,1.1989280177244623,21.0,0.13333333333335354,255.0,-10.927255697783371,-4.893625548091498,0.7010930678284847,-17.530873816665576,1,6.614229531640703,5.121355084409807,0.7938817057147194,9.660847174858912,1.3095878665761838,0.0,8.0,True
2019-03-14 13:05:00-04:00,24941,2019-03-14,short,2,recross,-2.9130173033223397,-2.9130173033223397,-2.9130173033223397,False,midday,4.5951564432222005,-0.44044726774650744,0.7184006062344706,-1.7591221635261007,25.0,0.23529411764711547,210.0,-6.023394085416763,0.6538417663686841,0.6089768727192144,0.7771517388785176,3,3.5530289571850115,-0.5648760097143324,0.9242832666253751,8.96916591078113,-0.7088360769382192,0.0,6.0,False
2019-03-14 13:45:00-04:00,24949,2019-03-14,short,15,recross,-6.2172139110148885,-6.2172139110148885,-6.2172139110148885,False,midday,4.594146556848611,0.35933086084942634,1.3528697326642094,-2.91759886118178,3.0,0.12500000000002487,250.0,-3.886060700269022,2.7958132805386646,0.6089768727192144,0.7771517388785176,3,7.367201135252133,6.210478771455641,0.9178072104184466,8.96916591078113,-0.7088360769382192,0.0,6.0,True
2019-03-14 15:05:00-04:00,24965,2019-03-14,long,4,recross,-3.6500601871624316,-3.6500601871624316,-3.6500601871624316,False,close,6.318130114670876,1.533401436648278,1.1063431233911052,3.735141237564747,16.0,0.1111111111111069,330.0,6.994909260482914,1.4841125054090625,0.6089768727192144,-0.7771517388785176,3,7.828624297203657,0.1300096094047909,0.9692795422856507,8.96916591078113,-0.7088360769382192,0.0,6.0,True
2019-03-15 14:15:00-04:00,25033,2019-03-15,short,3,recross,-1.160945783830839,-1.160945783830839,-1.160945783830839,False,close,5.336432647121707,0.06453146438093427,1.0151448737499496,-4.023918830321513,36.0,0.14285714285715678,280.0,-33.139218883454795,-24.675152959191767,1.304555999916721,-1.941521376150793,4,14.895881372165576,16.020667499854202,0.8248675492050799,8.964932183882045,-0.0042337268990859656,0.0,5.0,True
2019-03-15 14:35:00-04:00,25037,2019-03-15,long,6,recross,-1.5475683831765243,-1.5475683831765243,-1.5475683831765243,False,close,5.190856251596797,0.14755155334400794,1.1181305777911767,3.904251911842728,4.0,0.13333333333335354,300.0,33.387685379300166,23.755500838534264,1.304555999916721,1.941521376150793,4,-0.7102524947610878,2.519032691448153,0.8563083230053763,8.964932183882045,-0.0042337268990859656,0.0,5.0,True
2019-04-02 11:55:00-04:00,25941,2019-04-02,long,1,recross,-3.8214613268122415,-4.203446826398167,-4.203446826398167,False,midday,6.416178744942523,-0.8149278691404316,0.7743953876497697,1.019080117893104,22.0,0.15384615384609196,140.0,-13.740458015267697,1.9792632648299178,0.4064114484873529,-14.863371317503958,1,7.350624803108552,5.254376544638895,0.953830587572253,12.222223428696397,0.5250571759738989,0.0,29.0,False
2019-04-02 12:00:00-04:00,25942,2019-04-02,short,1,recross,-6.1176110728748245,-6.1176110728748245,-6.882312456983634,True,midday,6.204538594163858,-0.266902279398618,0.8626090493658999,-1.2357188557298997,1.0,0.14285714285715678,145.0,16.030534351145647,0.31049207137506235,0.4064114484873529,14.863371317503958,1,-7.002801120448154,-6.0350030175015945,0.9529362896719635,12.222223428696397,0.5250571759738989,0.0,29.0,False
2019-04-02 12:15:00-04:00,25945,2019-04-02,short,11,recross,-3.059507419304883,-3.059507419304883,-3.059507419304883,False,midday,6.123541742939604,-0.0809968512242536,0.9366994725128991,-2.9368563698714567,2.0,0.13333333333335354,160.0,18.702290076336226,3.103175340413153,0.4064114484873529,14.863371317503958,1,1.3611445371042308,-0.26866966297278694,0.9522208809688529,12.222223428696397,0.5250571759738989,0.0,29.0,False
2019-04-02 13:15:00-04:00,25957,2019-04-02,short,3,recross,-4.2074663402698,-4.2074663402698,-5.354957160342195,True,midday,5.5582747114573445,0.6760646934246646,0.6879866252974933,-1.885017775815733,1.0,0.19999999999995452,220.0,18.89312977099254,1.8587373201367925,0.4064114484873529,14.863371317503958,1,-4.788908216442067,-1.0962808671588498,0.9347544580424647,12.222223428696397,0.5250571759738989,0.0,29.0,False
2019-04-02 15:00:00-04:00,25978,2019-04-02,long,11,eod,3.4387895460809967,3.4387895460809967,3.4387895460809967,False,close,4.926792370869649,1.19191168452911,1.6287383107156803,6.097224489095112,1.0,0.09523809523810452,325.0,-11.450381679389746,5.933198502700514,0.4064114484873529,-14.863371317503958,1,1.2973257256199133,4.6217300164919095,0.9231429599918309,12.222223428696397,0.5250571759738989,0.0,29.0,True
2019-04-03 13:20:00-04:00,26036,2019-04-03,short,1,recross,-4.233571074411304,-4.233571074411304,-6.102444791943559,True,midday,4.683652223815884,-0.19393015641671774,0.9770815060645753,-2.0771977828711172,29.0,0.16666666666666036,225.0,13.710107395839623,-2.610127596445816,0.559711934924169,-35.92722825256069,2,4.0029238748306994,6.504770164785789,0.8715196302611972,12.192574699046585,-0.029648729649812466,0.0,28.0,False
2019-04-03 13:25:00-04:00,26037,2019-04-03,long,3,recross,-4.573693638754604,-4.573693638754604,-4.573693638754604,False,midday,4.965377511830021,0.22405748828869054,1.2283900953183002,3.0640108792681744,1.0,0.12499999999998046,230.0,-9.901744230329458,6.341066793934831,0.559711934924169,35.92722825256069,2,-2.6100574212650773,-6.232893417522645,0.8876310780159418,12.192574699046585,-0.029648729649812466,0.0,28.0,False
2019-04-04 13:15:00-04:00,26113,2019-04-04,short,1,recross,-5.322182094658292,-5.322182094658292,-5.322182094658292,True,midday,6.324215791751969,-1.2639800888029136,0.600997231770361,-0.6059514071142473,1.0,0.19999999999995452,220.0,-33.55960643734251,6.7401123183866165,0.7206225843955771,-8.778961029047604,3,-10.48034934497899,-24.148513357145074,0.9428038690760046,11.864099283776069,-0.3284754152705158,0.0,27.0,False
2019-04-04 13:20:00-04:00,26114,2019-04-04,long,29,eod,24.69417217536791,24.69417217536791,24.69417217536791,False,midday,6.653195060212438,-0.7122977947484301,1.199231847562843,2.052854051602573,1.0,0.09523809523810452,225.0,37.37319807794834,-2.827919072905018,0.7206225843955771,8.778961029047604,3,7.673503928569136,16.661659064216572,0.9256453261610474,11.864099283776069,-0.3284754152705158,0.0,27.0,False
2019-04-05 12:40:00-04:00,26184,2019-04-05,short,4,recross,-10.996094490576104,-10.996094490576104,-10.996094490576104,False,midday,5.999962009124241,1.097741889364639,2.0534140658106965,-7.907480020922257,11.0,0.06153846153846369,185.0,30.235458634111442,16.021187914123058,0.4669444057703949,-30.327154175668316,4,12.356669740516413,11.104490547642065,0.8322939323259356,11.30103992698013,-0.5630593567959394,0.0,26.0,False
2019-04-05 13:00:00-04:00,26188,2019-04-05,long,1,recross,-1.893795924549448,-1.893795924549448,-1.893795924549448,False,midday,5.614417421012199,-0.5507415535092433,0.9445379467481287,3.568848686564124,4.0,0.14285714285715678,205.0,-22.29865074265751,-6.897802615319714,0.5269189166032853,30.327154175668316,4,-2.254635009278916,-5.4168246573871315,0.8344814917829758,11.30103992698013,-0.5630593567959394,0.0,26.0,False
2019-04-05 13:05:00-04:00,26189,2019-04-05,short,1,recross,-3.599098331153811,-3.599098331153811,-3.599098331153811,False,midday,5.2276350386123145,-0.9899581190401872,0.7036410551175538,-0.6661442553991179,1.0,0.20597322348104316,210.0,23.243508824972686,7.7204360523540165,0.5269189166032853,-30.327154175668316,4,-8.160005555748473,-6.2362734199195025,0.8348933557178031,11.30103992698013,-0.5630593567959394,0.0,26.0,False
2019-04-05 13:10:00-04:00,26190,2019-04-05,long,4,recross,-3.0293850348373255,-3.0293850348373255,-3.0293850348373255,False,midday,5.392811844174205,-0.30225674616975073,1.1236176249036398,2.0330653027292485,1.0,0.12499999999998046,215.0,-20.408934578025008,-4.827392153250264,0.5269189166032853,30.327154175668316,4,7.2898948172306355,2.7098802232949915,0.8413918351390752,11.30103992698013,-0.5630593567959394,0.0,26.0,False
2019-04-10 11:45:00-04:00,26407,2019-04-10,long,3,recross,-3.4420774849877613,-3.4420774849877613,-3.4420774849877613,False,midday,6.701537141044904,-0.3741270328701338,0.8563037805805798,0.8061610503120775,22.0,0.13333333333335354,130.0,-19.473081328751086,-0.9113956297444672,0.5086578800375537,11.467889908255142,2,4.864827298631802,0.5398402072986919,0.8503351754145592,10.570766083082077,0.277553628941444,0.0,21.0,False
2019-04-10 12:10:00-04:00,26412,2019-04-10,short,3,recross,-2.2960355120160063,-2.2960355120160063,-2.2960355120160063,False,midday,5.039205263135438,-0.82596734373774,0.6833993694277157,-2.1602077538449223,1.0,0.22222222222214363,155.0,21.38220694921735,2.780780747103365,0.5086578800375537,-11.467889908255142,2,2.431230897471659,7.551956815115002,0.8266448841164618,10.570766083082077,0.277553628941444,0.0,21.0,False
2019-04-10 14:20:00-04:00,26438,2019-04-10,long,1,recross,-8.415254561451528,-8.415254561451528,-6.885208277550657,True,close,5.811775859147933,1.6941323369195702,0.9216797749103423,3.087723043517471,3.0,0.14285714285709877,285.0,-20.61855670102954,-1.09320641248592,0.5086578800375537,11.467889908255142,2,-1.2678453576020488,-7.141699530009982,0.8837801638179338,10.570766083082077,0.277553628941444,0.0,21.0,True
2019-04-10 14:55:00-04:00,26445,2019-04-10,long,12,recross,-1.5302804238862857,-1.5302804238862857,-1.5302804238862857,False,close,5.441914301876886,-1.0604525606695558,0.6328268892539967,2.9599787172030148,1.0,0.22222222222214363,320.0,-21.38220694921735,-1.4734522867425006,0.5086578800375537,11.467889908255142,2,8.516111091800838,12.71576213408343,0.9415787427700476,10.570766083082077,0.277553628941444,0.0,21.0,True
2019-04-11 11:35:00-04:00,26483,2019-04-11,short,45,recross,19.1131498470948,19.1131498470948,19.1131498470948,False,midday,5.699557138340961,-0.8116286091618585,1.1398661980239395,-2.776451695532444,25.0,0.1176470588235184,120.0,13.738884860510508,8.86582733296822,0.3943380840524351,-16.820214840016735,3,11.085706367354176,7.009975734698637,0.9226536326796195,10.409312681475189,-0.16145340160688804,0.0,20.0,False
2019-04-11 15:25:00-04:00,26529,2019-04-11,short,2,recross,-4.981224614912845,-4.981224614912845,-5.456356808949051,True,close,4.8915821726928055,-0.7110765592665729,0.8020352503566017,-2.947187362873642,1.0,0.1953125000000215,350.0,38.92684043811708,12.575078453561202,0.8130180251451494,-16.820214840016735,3,-3.6484936933156575,-2.629798977300535,0.9214979518508114,10.409312681475189,-0.16145340160688804,0.0,20.0,True
2019-04-16 11:05:00-04:00,26711,2019-04-16,long,19,recross,3.7858711289476314,3.7858711289476314,3.7858711289476314,False,midday,6.588437157698267,-1.0740913597054478,0.7471520422074225,0.7483365818883598,1.0,0.15384615384615924,90.0,-44.85826296743056,-13.62198240614315,0.6775770048568003,56.103108415464796,1,-4.820521649306908,-5.5504955799623446,0.9342070781115033,10.579071996389455,-0.0024223669522545066,0.0,15.0,False
2019-04-16 14:10:00-04:00,26748,2019-04-16,long,16,recross,-10.591617491298713,-10.591617491298713,-10.591617491298713,False,close,5.23243303198921,2.3929602208672343,2.60457770037471,9.588573646623175,11.0,0.055540127742295574,275.0,-39.580820265378264,-5.297003816203406,0.67762757030494,56.103108415464796,1,-7.061903613628795,-7.233369946686441,0.48087979772857886,10.579071996389455,-0.0024223669522545066,0.0,15.0,True
2019-04-17 12:30:00-04:00,26806,2019-04-17,long,18,recross,2.1493333406741037e-12,2.1493333406741037e-12,2.1493333406741037e-12,False,midday,6.403070705372128,-1.4826157117198893,0.8859488742881538,2.5533856511461863,6.0,0.13333333333335354,175.0,-26.403138201568673,4.585511472798593,0.6687254987138802,22.303708464069555,2,6.350496257767624,6.418141947905909,0.9310834781509804,10.575395328527103,-0.003676667862352545,0.0,14.0,False
2019-04-17 14:35:00-04:00,26831,2019-04-17,long,2,recross,-1.1341297444417329,-1.1341297444417329,-1.1341297444417329,False,close,6.510771841562816,0.39820677932676674,0.8710958531646059,4.036225937290261,7.0,0.13333333333335354,300.0,-24.14001207000552,5.100691554640848,0.6687254987138802,22.303708464069555,2,-4.094558383737068,-8.023106546855008,0.8835716422463736,10.575395328527103,-0.003676667862352545,0.0,14.0,True
2019-04-17 14:45:00-04:00,26833,2019-04-17,short,1,recross,-4.160363086231346,-4.160363086233497,-4.160363086233497,False,close,6.073631591156864,-0.5559408186963744,1.1207550565448956,-1.7426423528326822,2.0,0.1111111111111069,310.0,25.965600482800294,-3.2036002481651122,0.6687254987138802,-22.303708464069555,2,4.491431730238027,12.29552015396096,0.8734463333125912,10.575395328527103,-0.003676667862352545,0.0,14.0,True
2019-04-17 14:55:00-04:00,26835,2019-04-17,long,11,eod,5.668505781875038,5.668505781875038,5.668505781875038,False,close,6.305063608870654,0.4160880357859362,1.1991281308767163,3.010523387445126,2.0,0.09999999999997726,320.0,-22.254073627038014,6.822864289476782,0.6687254987138802,22.303708464069555,2,16.169093991074135,20.893603342977407,0.8750578260342012,10.575395328527103,-0.003676667862352545,0.0,14.0,True
2019-04-22 11:25:00-04:00,26949,2019-04-22,long,9,recross,-5.652698221283437,-5.652698221283437,-5.652698221283437,False,midday,6.07899192363365,-0.18222377398785472,0.9921313514185557,3.5387119024894034,24.0,0.12500000000002487,110.0,26.797187996069365,14.574579986292209,0.5204914596026224,-36.52796083600178,0,2.934735753079565,4.799488054607615,0.8719495512719965,9.881038880285962,-0.6432188355420312,0.0,9.0,False
2019-04-24 10:20:00-04:00,27092,2019-04-24,long,14,recross,0.0037541779319563277,0.0037541779319563277,0.0037541779319563277,False,open,6.7989412396723505,-0.473617469961523,1.159093879944547,6.994272579761272,7.0,0.09528346831824468,45.0,-1.1299647120656378,5.090052103897789,0.32604005178282675,-2.251914127008042,2,9.913513143950947,17.88438272578796,0.8791043397217351,6.819440454751439,0.34060707539434887,0.0,7.0,False
2019-04-24 11:35:00-04:00,27107,2019-04-24,long,3,recross,-5.133402804383724,-5.133402804383724,-5.133402804383724,False,midday,4.963307062800928,-1.0478337768756258,0.9066686801488559,2.3404495291958582,1.0,0.1668056713928652,120.0,2.2524213529545114,3.8181566700985488,0.5050424331537762,-2.251914127008042,2,-0.5119541289100304,-1.0490427484921572,0.8086004285810223,6.819440454751439,0.34060707539434887,0.0,7.0,False
2019-04-24 11:50:00-04:00,27110,2019-04-24,short,9,recross,-1.8812315796069339,-1.8812315796069339,-1.8812315796069339,False,midday,4.706892619906494,-0.2564144428944344,0.9468119423306298,-5.001115271774701,3.0,0.16849199663017453,135.0,1.1262106764761888,-0.1759537871875077,0.5050424331537762,2.251914127008042,2,8.191685439279395,13.067436368408014,0.8208233068436445,6.819440454751439,0.34060707539434887,0.0,7.0,False
2019-04-25 12:30:00-04:00,27196,2019-04-25,short,1,recross,-1.8901447850888187,-1.8901447850888187,-1.8901447850888187,False,midday,5.559875207608888,-0.30736090773141456,1.1557824926021374,-2.829407834628263,10.0,0.1176470588235184,175.0,-18.556388699538328,-29.50434608366391,1.3209305455095812,70.31925694731713,3,10.029966833421389,17.29197233284463,0.8981537470378487,6.759827104660874,-0.05961335009056512,0.0,6.0,False
2019-04-25 12:35:00-04:00,27197,2019-04-25,long,31,recross,8.69170886554373,8.69170886554373,8.69170886554373,False,midday,5.05231881520364,-0.3965042685900686,0.5984924026033496,0.39402093146494366,1.0,0.2499999999998721,180.0,19.313792319926943,30.06264955237924,1.3209305455095812,-70.31925694731713,3,-6.55358401048689,-9.434456732532182,0.8883125387475971,6.759827104660874,-0.05961335009056512,0.0,6.0,True
2019-04-26 14:10:00-04:00,27294,2019-04-26,long,7,recross,-9.064813415924199,-9.064813415924199,-9.064813415924199,False,close,5.057979372455233,1.9077926923796804,1.5683951358104375,7.776757979845307,6.0,0.09523809523807875,275.0,12.102874432679654,10.360222903827369,0.7256362399483456,-5.29220533756873,4,4.788616773840904,5.263432421795944,0.8841314492765963,6.36965860120062,-0.390168503460254,0.0,5.0,True
2019-04-26 15:05:00-04:00,27305,2019-04-26,long,10,eod,0.7549448890245605,0.7549448890245605,0.7549448890245605,False,close,5.149541455462872,1.1577171935827582,2.1260030139180435,9.947990947144042,3.0,0.06896551724138797,330.0,18.532526475038168,15.101217552006922,0.7256362399483456,-5.29220533756873,4,11.10484683853441,12.439282887175551,0.9515468870758954,6.36965860120062,-0.390168503460254,0.0,5.0,True
2019-04-30 12:50:00-04:00,27434,2019-04-30,short,2,recross,-7.168729248415247,-7.168729248415247,-7.168729248415247,False,midday,4.746146331240519,0.34007236397884366,1.5897180359896441,-5.838834612019575,9.0,0.10000000000000568,195.0,35.14905454682163,-0.1859724671783702,1.410165549074126,-22.228920201943144,1,4.433077578857025,5.282899255111273,0.8853457763722136,6.203092149126569,-0.20308678523702017,0.0,1.0,True
2019-04-30 13:00:00-04:00,27436,2019-04-30,long,33,recross,8.859232451180489,8.859232451180489,8.859232451180489,False,midday,4.860406548040837,1.005589285367249,0.8532593748860492,3.6031188853023366,2.0,0.18181818181815929,205.0,-28.94628021502883,6.36993943013056,1.410165549074126,22.228920201943144,1,-0.3409478349813977,-0.010564682267899528,0.9191089312176419,6.203092149126569,-0.20308678523702017,0.0,1.0,True
2019-05-01 12:10:00-04:00,27504,2019-05-01,short,22,recross,4.132231404961325,4.132231404961325,4.132231404961325,False,midday,5.356028317473046,0.7827771638178023,1.5428178961437276,-5.898797845918679,34.0,0.09090909090910312,155.0,8.819004015461914,5.772577656546053,0.6133737381113044,-28.22519945807617,2,15.938146427479927,13.593349715063097,0.9026411804097136,5.0656546036947026,-1.1374375454318661,1.0,0.0,False
2019-05-01 14:00:00-04:00,27526,2019-05-01,long,8,recross,-25.922308212487703,-25.922308212487703,-7.513712525358352,True,midday,4.9745894858761845,-0.2099403849845256,1.2086073200347527,1.4660041973678446,22.0,0.12499999999998046,265.0,-13.134686831539112,-4.734633654302018,0.8397378557476275,28.22519945807617,2,8.50051003060237,10.78174186778691,0.8611570281126962,5.0656546036947026,-1.1374375454318661,1.0,0.0,False
2019-05-06 13:40:00-04:00,27756,2019-05-06,long,27,eod,53.43729200342416,53.43729200342416,53.43729200342416,False,midday,4.694023113431749,-1.3703256275818765,0.526777367658651,0.1969826686328915,25.0,0.3076923076923185,245.0,96.78890079166503,27.008576005774955,2.109137939611017,-172.8720794172049,0,7.550018875048803,7.415254237288504,0.8866215426910025,6.721676787123878,0.7205140200203415,0.0,44.0,True
2019-05-16 13:45:00-04:00,28381,2019-05-16,short,6,recross,-2.3135652039772276,-2.3135652039772276,-2.3135652039772276,False,midday,6.613015373584302,-0.20623490511746478,0.9328218258133142,-3.2557143451136596,50.0,0.12500000000002487,250.0,-55.48577188493409,-2.7003424349100915,0.8739374605650285,-39.701074264361736,3,16.279311419762355,19.961198534166336,0.9352140683794624,12.9928292143755,0.2457253845929035,0.0,34.0,False
2019-05-20 13:55:00-04:00,28539,2019-05-20,short,21,recross,4.282655246253207,4.282655246253207,4.282655246253207,False,midday,6.657996018793223,-0.4199111000915394,0.9937122775916776,-2.0166809652929842,3.0,0.1176470588235184,260.0,-28.79278716677796,-9.463556426240586,0.71633772338918,50.09708737864157,0,1.7576545857211912,5.2331060480059755,0.9530770328044391,13.560330773975684,0.12321658563640625,0.0,30.0,False
2019-05-22 13:45:00-04:00,28693,2019-05-22,long,3,recross,-10.464305092627773,-10.464305092627773,-11.627005658474326,True,midday,6.154349401448083,0.5388421549333442,1.637843885136444,5.4151863112721585,26.0,0.07692307692307962,250.0,1.1631964638816918,-0.7242024730988509,0.5154906803735227,-29.7665068810879,2,10.813220019945113,11.325028312572094,0.9413862977411196,13.723136650580258,0.01192810732508498,0.0,28.0,False
2019-05-22 14:25:00-04:00,28701,2019-05-22,long,11,recross,0.7752839477473604,0.7752839477473604,0.7752839477473604,False,close,6.212180313400505,-0.9699487036131247,0.6865630882773399,2.3452929424740745,1.0,0.18181818181815929,290.0,0.0,-1.6937910088876669,0.5154906803735227,-29.7665068810879,2,0.3497971176713577,-1.6538037486213408,0.9473801165615956,13.723136650580258,0.01192810732508498,0.0,28.0,True
2019-05-24 14:15:00-04:00,28855,2019-05-24,short,1,recross,-5.476237042832575,-5.476237042832575,-5.476237042832575,False,close,6.133875152114547,0.6089651003954675,1.0183339257714255,-2.8417255126750334,38.0,0.12523481527863567,280.0,21.076460715818744,8.975338056936906,0.6131207847946042,-50.99839158918767,4,18.004660029654616,29.073018002907514,0.9064031119295158,14.239741781742168,0.5033465237056305,0.0,26.0,False
2019-05-24 14:20:00-04:00,28856,2019-05-24,long,19,eod,12.11931662692061,12.11931662692061,12.11931662692061,False,close,6.078424065803577,0.7979552233572491,0.9648794878198851,2.0948600473266836,1.0,0.13333333333332828,285.0,-17.688614808164445,-5.528451629023462,0.6131207847946042,50.99839158918767,4,-12.94487186094928,-20.134179404986963,0.8958009152924502,14.239741781742168,0.5033465237056305,0.0,26.0,True
2019-05-28 12:45:00-04:00,28915,2019-05-28,short,1,recross,-4.295364910771869,-4.295364910771869,-4.295364910771869,False,midday,6.620937207410492,-0.5944507138757134,1.1794160496936879,-3.7917802956072464,4.0,0.10000000000000568,190.0,-0.0,14.591096308850217,0.5632330312244517,-4.687500000000178,1,4.414777142049964,4.7460844803037805,0.9704964728478161,14.109623403573716,-0.1301183781684525,0.0,22.0,False
2019-05-28 12:55:00-04:00,28917,2019-05-28,short,36,eod,80.81517919887756,80.81517919887756,80.81517919887756,False,midday,6.609738621436091,0.2902183446023132,0.7086825494383948,-1.3633905577014076,1.0,0.1666666666667393,200.0,-2.342651881930434,12.130993555872129,0.5632330312244517,-4.687500000000178,1,6.354361563173372,7.256083947309033,0.9699453660492033,14.109623403573716,-0.1301183781684525,0.0,22.0,False
2019-05-30 14:10:00-04:00,29088,2019-05-30,short,16,recross,4.37271426299943,4.37271426299943,4.37271426299943,False,close,6.305276244851909,0.0841133501904281,0.8194417133397345,-2.6556114634139476,1.0,0.15384615384615924,275.0,6.509909838345012,9.878935229364409,0.43392763051406386,-17.506863486253042,3,-7.1805550569070675,-11.35383567862025,0.9403672245944764,14.330681963851175,0.03576130911737785,0.0,20.0,False
2019-06-10 12:35:00-04:00,29615,2019-06-10,short,3,recross,-7.264107661721889,-7.264107661721889,-7.264107661721889,False,midday,6.083793284064313,0.07860395847205304,1.3823260489062095,-4.306469980717864,36.0,0.09090909090907964,180.0,10.691919963340947,12.2356916883109,0.373216161414076,-64.95253468619077,0,16.355059739008304,27.10173993170306,0.9003900747052107,16.778950910616043,0.3924464560166605,0.0,9.0,False
2019-06-10 12:55:00-04:00,29619,2019-06-10,short,2,recross,-6.120030581039751,-6.120030581039751,-6.4984709480106675,True,midday,6.166221865218483,0.0018468447170807423,0.8055711194986417,-0.6780951835349285,1.0,0.15384615384615924,200.0,6.4915228348868155,7.512461385208665,0.39630169717162606,-64.95253468619077,0,5.4764776839555385,10.858942339017075,0.9021303997294178,16.778950910616043,0.3924464560166605,0.0,9.0,False
2019-06-10 13:20:00-04:00,29624,2019-06-10,short,18,recross,-4.3662779583247,-4.3662779583247,-7.646721468170087,True,midday,6.170361690445591,-0.7859234349854329,0.9913372567741576,-3.1878113420683505,1.0,0.12499999999998046,225.0,11.837482816557289,12.44500319489276,0.39630169717162606,-64.95253468619077,0,2.106961213637071,4.8918360691385665,0.9369278923049734,16.778950910616043,0.3924464560166605,0.0,9.0,False
2019-06-11 14:30:00-04:00,29716,2019-06-11,short,13,recross,-0.17623845829593404,-0.17623845829593404,-0.17623845829593404,False,close,5.921995329040838,-2.3425406105782347,0.517525201483354,-1.6244140231311661,6.0,0.2499999999998721,295.0,62.05741262468789,14.781738805959298,2.4645820410236388,-64.75840134881395,1,7.916925841454647,8.436292385566313,0.900666749025764,16.78319900119802,0.004248090581977948,0.0,8.0,True
2019-06-12 13:30:00-04:00,29782,2019-06-12,short,15,recross,-0.0,-0.0,-0.0,False,midday,5.0046408024094555,-1.393158285108174,0.6137281426409572,-0.7220479945916409,1.0,0.2499999999998721,235.0,13.03680981595214,3.4137818307424572,0.49950246408104526,3.564679772932233,2,1.0402219140071,3.2876712328766544,0.8322318774207795,14.024506952114562,-2.758692049083459,0.0,7.0,False
2019-06-13 12:40:00-04:00,29850,2019-06-13,long,20,recross,5.023202136182939,5.023202136182939,-3.023117075093078,True,midday,5.659880138461914,0.32719061056935317,0.2633895540456615,2.7271660026755384,1.0,0.5141388174805563,185.0,-15.233029769648715,-8.126219564005536,0.6131820087684697,34.1716260318674,3,-7.43057595604002,-11.486548030514854,0.9094945681930645,13.81633042117153,-0.20817653094303168,0.0,6.0,False
2019-06-13 14:35:00-04:00,29873,2019-06-13,short,2,recross,-4.930065469889661,-5.363162733680139,-8.427827152925621,True,close,6.25208788879351,-0.5312954331801212,1.03354853651647,-4.232121175373031,1.0,0.11855364552459906,300.0,10.281625468736783,5.569951481591671,0.6131820087684697,-34.1716260318674,3,7.257646448938226,14.183623370246368,0.9758826258809976,13.81633042117153,-0.20817653094303168,0.0,6.0,False
2019-06-13 14:50:00-04:00,29876,2019-06-13,short,10,recross,1.3404825737274995,1.3404825737274995,-4.576790501721927,True,close,6.675695967584136,0.42360807879062534,0.4560339543329697,-2.760022633477675,1.0,0.2515723270440381,315.0,7.652865998315935,2.7947726606450547,0.6131820087684697,-34.1716260318674,3,1.555505625745468,6.549860815457942,0.980894797577887,13.81633042117153,-0.20817653094303168,0.0,6.0,True
2019-06-19 12:10:00-04:00,30156,2019-06-19,short,19,recross,-27.891900041461277,-27.891900041461277,-8.669104066939104,True,midday,5.30255202436881,0.2812962809524251,1.350360018383262,-5.489210601135149,32.0,0.1052631578947381,155.0,1.8839487565921074,10.94003964631125,0.27000528944788926,-7.1641340824251625,2,7.523425210315127,9.548909309515796,0.871672621409795,13.29290277665846,0.08052319049007473,1.0,0.0,False
2019-06-21 12:50:00-04:00,30320,2019-06-21,long,3,recross,-6.716167307190285,-6.716167307190285,-9.328010148875043,True,midday,6.789516465722937,0.1520097718548401,1.154148948216186,4.2706857323287934,6.0,0.09523809523807875,195.0,26.563903023048354,6.136248880158575,0.7953085348150392,-27.609879859712304,4,11.21762186416353,15.941875265168548,0.946727383135985,13.237309461367493,0.22377489349610613,0.0,40.0,False
2019-06-21 13:40:00-04:00,30330,2019-06-21,short,2,recross,-3.275170732745093,-3.275170732745093,-3.275170732745093,False,midday,4.911751457199664,-0.7404146006076955,0.7426198102289385,-0.4892859250669943,1.0,0.20470829068582558,245.0,-21.325950314279037,-0.850637866764293,0.7953085348150392,27.609879859712304,4,-1.0190909708551743,3.2978265576144583,0.9289715519227429,13.237309461367493,0.22377489349610613,0.0,40.0,False
2019-06-21 14:40:00-04:00,30342,2019-06-21,short,2,recross,-2.9876386451052794,-2.9876386451052794,-2.9876386451052794,False,close,4.590300617000148,0.7974494790273599,0.6507861265368308,-2.7139432954422205,1.0,0.25000000000004974,305.0,-19.455252918289386,0.8615889045578499,0.7953085348150392,27.609879859712304,4,-5.436444565254384,-5.830285683998682,0.9226050741315679,13.237309461367493,0.22377489349610613,0.0,40.0,True
2019-06-21 15:10:00-04:00,30348,2019-06-21,long,3,recross,-7.46212969181362,-7.46212969181362,-7.46212969181362,False,close,4.831147523619576,0.6586903920938258,1.931087321278999,5.284692491863723,2.0,0.08,335.0,25.853038012572245,5.461468311414672,0.7953085348150392,-27.609879859712304,4,10.187795021563417,13.295266143684703,0.91585442248322,13.237309461367493,0.22377489349610613,0.0,40.0,True
2019-06-21 15:25:00-04:00,30351,2019-06-21,short,4,recross,-2.9873039581771503,-2.9873039581771503,-2.9873039581771503,False,close,5.200160570968662,0.36901304734908624,1.5795984739362392,-6.002461182422628,3.0,0.09090909090907964,350.0,-20.5776713558819,-0.12285002517430152,0.7953085348150392,27.609879859712304,4,-4.0744261849789964,-7.588032830290192,0.9370414368875387,13.237309461367493,0.22377489349610613,0.0,40.0,True
2019-06-24 10:35:00-04:00,30371,2019-06-24,short,58,recross,4.4844725139207195,4.4844725139207195,4.4844725139207195,False,open,6.765730410213321,-0.9423854114410091,0.8282484783983459,-1.2619633680757403,1.0,0.13333333333335354,60.0,-13.092432573973095,-0.7538851168589642,0.26944206247208885,-8.985735145456928,0,-1.8683651804662915,-2.1220159151180695,0.8444214108332885,12.597836213338153,-0.6394732480293399,0.0,37.0,False
2019-06-25 12:10:00-04:00,30468,2019-06-25,long,2,recross,-3.946184979763144,-3.946184979763144,-3.946184979763144,False,midday,5.535026867300033,0.005869171803104756,1.28003357757355,3.4915720888618367,8.0,0.10582010582009385,155.0,-23.561090541904914,10.30596276950615,0.6969658029372597,7.859869750729079,1,3.2470306758969336,5.358769626493398,0.8138478740358015,12.661831110524524,0.06399489718637064,0.0,36.0,False
2019-06-25 12:20:00-04:00,30470,2019-06-25,short,43,eod,53.25653014001837,53.25653014001837,53.25653014001837,False,midday,4.815443952299582,-0.13806382648308535,0.6983940458733477,-1.87262693724319,2.0,0.222965440356761,165.0,25.057032798532447,-8.193460388743164,0.6969658029372597,-7.859869750729079,1,-3.418803418804295,-4.8241852487129755,0.7718387911463894,12.661831110524524,0.06399489718637064,0.0,36.0,False
2019-06-26 12:00:00-04:00,30544,2019-06-26,long,14,recross,-3.382441371015296,-3.382441371015296,-7.892363199037114,True,midday,6.7373058181655265,-0.21094949092772897,0.948381499562632,3.885725449641818,1.0,0.1176470588235184,145.0,-2.2546219750489356,3.4531601253453488,0.41391752693276546,29.01827774637203,2,6.1796209832465365,15.569633845162745,0.9529215904970851,12.722553344906498,0.06072223438197355,0.0,35.0,False
2019-06-26 13:15:00-04:00,30559,2019-06-26,long,2,recross,-2.634743052414401,-2.634743052414401,-2.634743052414401,False,midday,4.527851510076775,-0.2394474098611843,0.415956185482297,0.45630353345440255,1.0,0.39920159680649664,220.0,-4.133473620923405,0.46548991627181274,0.41391752693276546,29.01827774637203,2,-7.548205585671264,-11.798777217634226,0.9464298666435967,12.722553344906498,0.06072223438197355,0.0,35.0,True
2019-06-27 12:10:00-04:00,30624,2019-06-27,long,33,recross,10.933081998115757,10.933081998115757,10.933081998115757,False,midday,6.142554480181367,-0.20828456092341696,1.2276966847110482,5.303213960188977,63.0,0.09999999999997726,155.0,-9.041250706348054,6.645433785543474,0.5217395355120631,6.7855392618843755,3,8.23836331182326,14.499758337360724,0.8087247713357512,12.377575039920261,-0.3449783049862365,0.0,34.0,False
2019-06-28 11:05:00-04:00,30689,2019-06-28,short,3,recross,-4.145312028942329,-4.145312028942329,-4.145312028942329,False,midday,6.374164354866955,0.5312593447493397,1.0049043946488085,-3.9138951202462664,5.0,0.1176470588235184,90.0,20.305332029781923,5.869243582988098,0.5230797252897383,-32.821518844079094,4,2.3956194387408924,4.024144869214652,0.9414580637381551,12.388799120848194,0.011224080927933144,0.0,33.0,False
2019-06-28 11:25:00-04:00,30693,2019-06-28,long,24,recross,7.154153174184718,7.154153174184718,7.154153174184718,False,midday,5.127882929008549,-0.8748392523708999,1.0283519279518194,1.8034206621304847,4.0,0.14285714285715678,110.0,-16.9211100248172,-2.087473266667673,0.5230797252897383,32.821518844079094,4,-2.7367268746569806,-1.0725010724998985,0.9147977336851368,12.388799120848194,0.011224080927933144,0.0,33.0,False
2019-07-01 12:15:00-04:00,30781,2019-07-01,long,1,recross,-6.1016010151849045,-6.737535559215706,-4.8659979038776555,True,midday,5.937945329953557,-1.6207023106583556,0.46023048445307074,0.7471741811915109,1.0,0.27397260273980456,160.0,-49.43192400819513,-30.585550919685577,0.8330315960364675,102.54962837519862,0,6.04244947699728,5.28066747636835,0.919068728040966,10.998875501613565,-1.3899236192346294,0.0,30.0,False
2019-07-01 12:20:00-04:00,30782,2019-07-01,short,35,recross,8.989774131925275,8.989774131925275,8.989774131925275,False,midday,6.17593908554938,-0.46846830350732827,1.152262784094803,-2.3050112795842708,1.0,0.1052631578947381,165.0,54.29316446265531,31.225308338534507,0.8330315960364675,-102.54962837519862,0,2.030663011473033,4.224087861026682,0.9093904192426928,10.998875501613565,-1.3899236192346294,0.0,30.0,False
2019-07-01 15:15:00-04:00,30817,2019-07-01,long,8,eod,10.308698667367688,10.308698667367688,10.308698667367688,False,close,6.756768065050597,1.0851945628773567,1.6923452349785408,5.705720580010151,35.0,0.06557377049180181,340.0,-64.07152169863924,-22.725195881703836,1.301611868806987,102.54962837519862,0,18.50342907584679,15.909211433420278,0.9351065449095167,10.998875501613565,-1.3899236192346294,0.0,30.0,True
2019-07-02 11:35:00-04:00,30851,2019-07-02,short,3,recross,-5.248753421061986,-5.248753421061986,-5.248753421061986,False,midday,6.694112135898003,0.7129503970685427,1.2319184638075982,-3.692482686721192,16.0,0.09090909090907964,120.0,2.750608956344358,-0.1420176840236877,0.4948710154046323,7.863401482812085,1,14.205534681857035,17.418844022168976,0.919608450854599,10.92236191767203,-0.0765135839415354,0.0,29.0,False
2019-07-02 12:15:00-04:00,30859,2019-07-02,short,1,recross,-3.7489690335145043,-3.7489690335145043,-3.7489690335145043,False,midday,6.476617834970701,-0.49968723271370674,0.6945379579374104,-1.8650572197096622,1.0,0.16666666666666036,160.0,2.9979389169960995,-0.1976329050066925,0.4948710154046323,7.863401482812085,1,3.045891430892844,1.8505300446769457,0.8603580309902985,10.92236191767203,-0.0765135839415354,0.0,29.0,False
2019-07-02 12:20:00-04:00,30860,2019-07-02,long,2,recross,-17.235565214132397,-17.235565214132397,-6.744351605528494,True,midday,6.228552748034922,-1.0808480261278595,0.8422502204403295,2.1049919470760585,1.0,0.14285714285715678,165.0,0.7494847292479598,3.87685208586393,0.4948710154046323,-7.863401482812085,1,1.353912808015334,5.81795102343019,0.8668634345402236,10.92236191767203,-0.0765135839415354,0.0,29.0,False
2019-07-02 13:10:00-04:00,30870,2019-07-02,long,1,recross,-1.6194331983810544,-1.6194331983810544,-1.6194331983810544,False,midday,6.12918953447456,-0.6519339395073116,0.9866046753893897,3.511603051323071,8.0,0.12399256044638636,215.0,-4.12216601086804,0.5548109373471364,0.5702799320377301,-7.863401482812085,1,12.548753603527363,16.95813460519391,0.9499085615032762,10.92236191767203,-0.0765135839415354,0.0,29.0,False
2019-07-02 13:20:00-04:00,30872,2019-07-02,long,19,recross,0.0,0.0,0.0,False,midday,5.61574157832343,-0.48624099356347283,0.6887640641081428,2.472935239612653,1.0,0.1937984496123744,225.0,-1.4989694584980497,3.1756934052478054,0.5702799320377301,-7.863401482812085,1,10.847089929155729,11.650691097813137,0.9470936939364644,10.92236191767203,-0.0765135839415354,0.0,29.0,False
2019-07-02 14:55:00-04:00,30891,2019-07-02,short,2,recross,-8.620366552978457,-8.620366552978457,-7.12117236985112,True,close,4.549006817784256,0.36783072896661206,1.2356378116482465,-3.5966543574501415,19.0,0.13333333333330302,320.0,-0.3747423646239799,-2.071550493697407,0.5702799320377301,7.863401482812085,1,7.439972945552098,1.848624095496243,0.8945976208008414,10.92236191767203,-0.0765135839415354,0.0,29.0,True
2019-07-02 15:05:00-04:00,30893,2019-07-02,long,10,eod,11.231327917339982,11.231327917339982,-10.856950320091485,True,close,5.740868451846488,1.4617653383462343,1.630867287891556,5.202851362126886,2.0,0.08,330.0,6.370620198611919,7.90090531141107,0.5702799320377301,-7.863401482812085,1,2.5332715968162667,6.522089286609134,0.9052862023952157,10.92236191767203,-0.0765135839415354,0.0,29.0,True
2019-07-05 11:45:00-04:00,30981,2019-07-05,short,1,recross,-2.9819591471590905,-3.354829090096986,-3.354829090096986,False,midday,6.560923085394398,-1.4891233863972335,0.9089382158309871,-2.82292080409848,2.0,0.12500000000002487,130.0,13.771541296013865,-5.842847921939009,0.7140166390498082,26.756667265548675,4,3.703953128156856,1.0524100189424068,0.9695062788817094,8.560800220299116,-0.07032719009516164,0.0,26.0,False
2019-07-08 13:10:00-04:00,31076,2019-07-08,short,18,recross,-1.619665274151217,-1.8660197798100904,-5.224855383466556,True,midday,4.5369975292234646,-0.16649537414365145,0.7682126615268118,-1.8433366142314824,1.0,0.21413276231269304,215.0,-2.8592758491990202,-3.3671485617190093,0.4805370000975972,51.98663200891326,0,-7.421150278295041,-6.868131868131844,0.9665628271175013,8.548366463957437,-0.012433756341678759,0.0,23.0,False
2019-07-08 14:55:00-04:00,31097,2019-07-08,short,2,recross,-6.349206349206944,-6.349206349206944,-6.349206349206944,False,close,5.2391599954729395,0.8835857829370717,1.63941172754921,-6.491470425932,1.0,0.08695652173912356,320.0,4.479283314669823,3.645788871549248,0.4805370000975972,51.98663200891326,0,-1.0691515051775013,-8.184170230740584,0.9448389143052245,8.548366463957437,-0.012433756341678759,0.0,23.0,True
2019-07-08 15:10:00-04:00,31100,2019-07-08,long,9,eod,5.224855383466556,5.224855383466556,5.224855383466556,False,close,4.941424451168418,-0.29773554430452176,1.2840786553915384,4.242143721503993,3.0,0.1176470588235184,335.0,0.7465472191130517,1.5886090970370408,0.4805370000975972,-51.98663200891326,0,1.682399972218196,2.637130801688148,0.948750079980021,8.548366463957437,-0.012433756341678759,0.0,23.0,True
2019-07-10 12:25:00-04:00,31223,2019-07-10,short,2,recross,-12.039348660431896,-12.039348660431896,-8.383947535118153,True,midday,5.540846757254842,-0.07434482426914002,1.2440254323802287,-4.568120247048846,10.0,0.10810810810810678,170.0,16.738580568367382,25.112733719177122,0.8984560741672732,-35.46231662249389,2,8.707009142359112,10.918165748154962,0.9399373087321458,8.335795687746751,-0.07302039627028734,0.0,21.0,False
2019-07-10 12:35:00-04:00,31225,2019-07-10,long,21,recross,-0.37959109851421885,-0.37959109851421885,-0.37959109851421885,False,midday,6.104238379944496,1.1381742456390498,1.0377105785330425,4.229672600064291,2.0,0.1175088131609715,180.0,-5.572087486980012,-13.741641544645125,0.8984560741672732,35.46231662249389,2,0.3348401138469903,-1.039582087999369,0.923339059380155,8.335795687746751,-0.07302039627028734,0.0,21.0,False
2019-07-10 14:20:00-04:00,31246,2019-07-10,short,15,recross,-5.955261100977711,-5.955261100977711,-6.699668738599396,True,close,5.936078539992773,0.9429952206899195,0.8776642456657777,-2.9167841622658273,21.0,0.14285714285715678,285.0,4.4636214848961355,11.754188844114903,0.8984560741672732,-35.46231662249389,2,14.715965149918464,27.851582771146745,0.9214636119832825,8.335795687746751,-0.07302039627028734,0.0,21.0,False
2019-07-11 13:35:00-04:00,31315,2019-07-11,short,12,recross,-3.587784648502816,-3.587784648502816,-3.587784648502816,False,midday,5.4816121153237,1.3353050727454097,1.1272036550153641,-4.432942293065025,48.0,0.1198322348711816,240.0,-16.802640361935378,-2.0016321825592605,0.897939170528679,-37.59538432905445,3,13.043042038727304,22.814476822566874,0.8265205817921799,8.383133721813195,0.04733803406644377,0.0,20.0,False
2019-07-11 14:35:00-04:00,31327,2019-07-11,long,16,eod,21.09236234458234,21.09236234458234,21.09236234458234,False,close,5.421547944556403,-0.2671927924041695,1.2969668647374097,4.325689692638626,12.0,0.10526315789470661,300.0,20.39605429058646,5.352877902427891,0.897939170528679,37.59538432905445,3,4.362102774759791,0.0,0.9135209921604271,8.383133721813195,0.04733803406644377,0.0,20.0,True
2019-07-15 11:40:00-04:00,31448,2019-07-15,long,5,recross,-2.5623192649801667,-2.5623192649801667,-2.5623192649801667,False,midday,5.953995690681483,1.4172542876991319,0.9837717849530797,3.9774898598943054,1.0,0.12499999999998046,125.0,-14.256991409248267,-4.796464726763823,0.3473327737416222,8.781237422707148,0,-1.9994011776836018,0.25813113061490256,0.9388665167962889,8.28770986891831,0.005846776231006601,0.0,16.0,False
2019-07-16 12:55:00-04:00,31541,2019-07-16,short,1,recross,-5.486868095690148,-5.486868095690148,-5.486868095690148,False,midday,5.477709938716557,-1.148359141940131,0.6683756989466928,-2.843529921179673,2.0,0.19980019980020453,200.0,7.309674354007113,4.340754185601062,0.6502433634924836,-0.36549707602305936,1,-3.2164039269488853,-12.442324640986602,0.947533441310212,8.210474310392026,-0.07723555852628294,0.0,15.0,False
2019-07-16 13:00:00-04:00,31542,2019-07-16,long,10,recross,-2.9247248930641647,-2.9247248930641647,-2.9247248930641647,False,midday,5.62366472697754,-1.064312177711078,1.1052392283025427,2.89926624273825,1.0,0.1176470588235184,205.0,-3.654837177004595,-0.6458962281539437,0.6502433634924836,0.36549707602305936,1,4.503527763415338,12.955381665544774,0.9540795797466449,8.210474310392026,-0.07723555852628294,0.0,15.0,False
2019-07-16 14:40:00-04:00,31562,2019-07-16,long,15,eod,1.8276857842603857,1.8276857842603857,1.8276857842603857,False,close,5.219095390120753,0.4286430900337983,1.2607836012439206,6.089010781655823,6.0,0.1111111111111069,305.0,-2.192902306202342,0.7654929103028949,0.6502433634924836,0.36549707602305936,1,-1.1676202231813981,-2.5897342932601486,0.9598600667777445,8.210474310392026,-0.07723555852628294,0.0,15.0,True
2019-07-17 12:00:00-04:00,31608,2019-07-17,short,21,recross,-0.36630036630003315,-0.36630036630003315,-0.36630036630003315,False,midday,5.298119674260746,-1.4899336602124613,0.9678229195186426,-2.74192881051448,1.0,0.14285714285709877,145.0,11.341186800322028,-1.8119280067160848,0.6233554504641963,1.4631648255183431,2,-10.543403678475727,-14.0092357183641,0.9642067900206371,8.423121202357933,0.2126468919659068,0.0,14.0,False
2019-07-18 14:05:00-04:00,31711,2019-07-18,long,22,eod,16.57153378751779,16.57153378751779,16.57153378751779,False,close,4.780926662613852,0.39453224011700705,1.15551969530247,3.8696017113452115,78.0,0.13333333333335354,270.0,-5.153500699405257,-0.8692971710949675,0.9188804763073444,-19.105004041442495,3,0.3358183894164313,2.0891001201217563,0.9512737012471092,8.349288780365162,-0.07383242199277085,0.0,13.0,False
2019-07-19 12:00:00-04:00,31764,2019-07-19,long,20,recross,4.7685422933018655,4.7685422933018655,4.7685422933018655,False,midday,6.5204372241303465,-0.9132865613346111,0.6751659639389509,1.5604251852474178,4.0,0.16666666666666036,145.0,-21.963540522733098,-6.652129496435899,0.6335836609954588,33.42270540272616,4,-12.703082168884494,-23.34024896265663,0.8941123255077775,8.384212492822323,0.03492371245716086,0.0,12.0,False
2019-07-22 13:15:00-04:00,31857,2019-07-22,long,9,recross,-4.049924524132279,-4.049924524132279,-4.049924524132279,False,midday,4.692952046468383,-0.2100392997620979,1.0199983090660054,2.797920918693734,2.0,0.15384615384615924,220.0,-6.991205799021148,5.472595145183882,0.8613646295815495,9.9447513812148,0,1.5107768750399764,-1.8198835274541025,0.9003846811624664,8.074572330374204,-0.30964016244811887,0.0,9.0,False
2019-07-23 11:50:00-04:00,31918,2019-07-23,short,9,recross,-5.146112846902641,-5.146112846902641,-7.906634809775772,True,midday,6.365514612559948,0.21637223412599926,1.0108626828371077,-2.9442937723799645,28.0,0.11422044545974626,135.0,24.561017632611748,13.990003843338464,0.5570164643703847,-41.22648801855208,1,13.385089010841122,22.78612118073564,0.9261930777838809,7.774816463583206,-0.2997558667909983,0.0,8.0,False
2019-07-25 14:30:00-04:00,32106,2019-07-25,short,1,recross,2.580835453305061,2.580835453305061,2.580835453305061,False,close,6.244214414583139,-1.2831627800908034,0.5903865229637455,-0.7734948853417194,3.0,0.19999999999995452,295.0,44.77392836171562,8.219710879258068,1.3517627837087471,4.768717215068979,3,-4.66760018670298,-8.273864929155827,0.9694995485725794,7.029589868076144,-0.9982778665520318,0.0,6.0,False
2019-07-25 14:40:00-04:00,32108,2019-07-25,short,10,recross,-6.6403512007970935,-6.6403512007970935,-5.90253440070713,True,close,6.211794803168329,-0.6709322342816026,0.7125740159196324,-3.6073116080271177,1.0,0.16666666666666036,305.0,50.539489136818894,13.86312218654456,1.3517627837087471,4.768717215068979,3,10.32576110852057,9.297040442126647,0.9591724409524267,7.029589868076144,-0.9982778665520318,0.0,6.0,False
2019-07-26 11:10:00-04:00,32144,2019-07-26,short,3,recross,-4.791566842357283,-4.791566842357283,-4.791566842357283,False,midday,6.02811550696488,-0.8892039801326046,0.9170898330316973,-3.387644656547323,3.0,0.13333333333330302,95.0,11.963703962746449,5.177848538545532,0.49903551789328354,-8.28943005563003,4,-8.972186222708789,-8.992574702604283,0.5427074304866565,7.333447633637247,0.3038577655611032,0.0,5.0,False
2019-07-26 11:25:00-04:00,32147,2019-07-26,long,21,recross,0.18417902201131953,0.18417902201131953,0.18417902201131953,False,midday,5.909751499211609,-0.1183640077532715,0.9038595213617242,3.591357993471945,3.0,0.13793103448277594,110.0,-7.3622793616899616,-0.22314101001807785,0.49903551789328354,8.28943005563003,4,6.644090262672986,10.858683095880117,0.9255133169406531,7.333447633637247,0.3038577655611032,0.0,5.0,False
2019-07-29 10:15:00-04:00,32211,2019-07-29,long,47,recross,10.664901441601225,10.664901441601225,10.664901441601225,False,open,6.171760535295955,-0.02491502527113365,0.7748273603116247,3.964077523948575,1.0,0.15384615384615924,40.0,-0.3678363863750057,-5.687839872757184,0.3962286824097281,1.103630945812808,0,-15.756650965300656,-40.807294882878594,0.46072599701609,7.524644643100433,0.19119700946318563,0.0,2.0,False
2019-07-30 11:40:00-04:00,32306,2019-07-30,short,8,recross,-5.521811154057693,-5.521811154057693,-5.521811154057693,False,midday,5.974052669049786,-0.20056440372131856,1.1088731099998541,-3.05975755496857,1.0,0.1111111111111069,125.0,-23.239514552364614,-15.531266708862685,0.8891707502051373,36.75254511374913,1,2.6597513132520234,1.0313531353123295,0.9171595192938583,7.500279506972777,-0.02436513612765623,0.0,1.0,False
2019-07-30 12:30:00-04:00,32316,2019-07-30,long,4,recross,-4.9116365315372885,-4.9116365315372885,-4.9116365315372885,False,midday,4.845952546985137,-0.8266020238320131,0.8997380891666963,1.5400983087136737,10.0,0.16877637130804085,175.0,25.581910066768554,16.3832015327563,0.8891707502051373,-36.75254511374913,1,3.8263184162379282,2.0648358455499505,0.9139564940420083,7.500279506972777,-0.02436513612765623,0.0,1.0,False
2019-07-30 15:25:00-04:00,32351,2019-07-30,short,5,recross,-8.836849663093348,-8.836849663095443,-8.836849663095443,False,close,4.848987250017364,1.287942651173648,1.6808650713456026,-6.5492662003399715,17.0,0.09033423667571638,350.0,-20.288465085396414,-4.389353847615207,1.0035861040917968,36.75254511374913,1,8.97606382978866,15.460729746442636,0.9609094140376853,7.500279506972777,-0.02436513612765623,0.0,1.0,True
2019-07-31 10:30:00-04:00,32370,2019-07-31,short,10,recross,-2.6913743657616633,-2.6913743657616633,-2.6913743657616633,False,open,6.018443444629305,0.9284534311938648,1.1606479618713477,-3.155971152162593,12.0,0.1052631578947381,55.0,11.384084315669725,15.749307330146008,0.4629739951592024,-14.710749880474319,2,9.606435314452044,6.452443483186965,0.6827558410378519,7.093572247721669,-0.4067072592511076,1.0,0.0,False
2019-07-31 11:35:00-04:00,32383,2019-07-31,short,4,recross,-8.539973475327036,-8.539973475327036,-5.965476734272375,True,midday,4.512178665644186,0.09988314699163325,0.9959723465386081,-2.646908668281519,3.0,0.16366612111290185,120.0,14.40270280195375,12.77467997282555,0.6740356694229559,-14.710749880474319,2,-2.6593092444260336,-2.3174374291889954,0.7760755406769315,7.093572247721669,-0.4067072592511076,1.0,0.0,False
2019-08-16 15:00:00-04:00,33353,2019-08-16,long,5,recross,-3.5560625449106573,-3.5560625449106573,-3.5560625449106573,False,close,5.780149247110528,-0.3842625346516275,0.7493172978719301,1.5000295537403758,4.0,0.1787310098302192,325.0,39.63627885288096,8.635348449180027,0.678277777359088,38.22749258854585,4,-0.6928326462751766,-3.2341526520052177,0.8618152560421034,20.126814530671105,-0.03309615681912703,0.0,33.0,True
2019-08-20 12:20:00-04:00,33477,2019-08-20,long,3,recross,-6.893382352941438,-8.041355542790717,-5.743825387707344,True,midday,5.778037109571283,-1.6153141908529163,0.5302769972598385,2.1804874083371146,10.0,0.2499999999998721,165.0,3.4481437492828566,11.757066660577841,0.4220640729183111,-11.86285014541567,1,10.632095208698011,11.164274322168488,0.9459253002789946,21.443900914987193,0.4867135185865088,0.0,29.0,False
2019-08-20 12:35:00-04:00,33480,2019-08-20,short,5,recross,-5.3664520085858,-5.3664520085858,-5.3664520085858,False,midday,5.525590228157235,-0.25244688141404836,1.2499770306956337,-3.576680424788691,3.0,0.11098779134294398,180.0,4.21439791578919,-3.767848877602177,0.4220640729183111,11.86285014541567,1,1.7143248988549242,1.8599213518966096,0.9404272915761,21.443900914987193,0.4867135185865088,0.0,29.0,False
2019-08-20 13:00:00-04:00,33485,2019-08-20,long,4,recross,-7.6604872069859296,-7.6604872069859296,-8.235023747509384,True,midday,5.373998959685819,-0.12629224123701732,1.247383907691605,3.4108224978639257,5.0,0.11428571428570686,205.0,1.9156354162680116,9.78271388130101,0.4220640729183111,-11.86285014541567,1,5.829704056787843,2.9232772595588763,0.9240279219922026,21.443900914987193,0.4867135185865088,0.0,29.0,False
2019-08-20 13:20:00-04:00,33489,2019-08-20,short,31,eod,23.80943252268942,23.80943252268942,23.80943252268942,False,midday,5.151585734045664,0.08598809864751633,1.4808281261301404,-4.696729685029332,4.0,0.10050251256280787,225.0,5.7469062488018565,-1.7454984662839679,0.4220640729183111,11.86285014541567,1,-0.0,2.657736671449751,0.9212993769565947,21.443900914987193,0.4867135185865088,0.0,29.0,False
2019-08-22 15:25:00-04:00,33670,2019-08-22,long,6,eod,25.887996345226473,25.506319476169327,25.506319476169327,False,close,6.611220236228972,0.6745035741976979,0.6910702797878219,2.6666961301552305,2.0,0.16666666666666036,350.0,-2.2838871759735935,3.6616004526490493,0.8517634768569649,26.333867643691235,3,-12.634023082701562,-15.387880717394609,0.930724288139572,21.54552654632645,0.1711002573809317,0.0,27.0,True
2019-08-26 13:55:00-04:00,33808,2019-08-26,short,13,recross,-0.0,-0.0,-0.0,False,midday,6.339523259540914,-1.665434404473653,0.9155703751310243,-1.0609892189268137,41.0,0.13333333333335354,260.0,22.007722007721743,-1.4333761233357443,0.5940896040949771,-104.95103585501923,0,9.221721504010238,6.509357200976673,0.978667560337324,22.952239208026143,1.4391172714571425,0.0,23.0,True
2019-08-29 15:15:00-04:00,34058,2019-08-29,long,2,recross,-6.443298969070614,-6.443298969070614,-4.16919345057447,True,close,5.305830198125419,-0.15333511635476427,0.5001339830491394,1.2111843838461382,1.0,0.28571428571431357,340.0,32.326766562714795,12.52678067153641,0.581916427448792,97.54224270353382,3,-6.148170919151319,-5.850441442400989,0.9736867089843545,23.441474595970437,-0.04531158954558023,0.0,20.0,False
2019-08-29 15:25:00-04:00,34060,2019-08-29,short,3,recross,-7.967522859201713,-7.967522859201713,-7.967522859201713,False,close,5.886128159529199,-0.036377233765113814,1.4177450425425877,-5.3712940224822745,2.0,0.09090909090907964,350.0,-26.241728150908866,-6.3738903935889555,0.581916427448792,-97.54224270353382,3,8.370917042503923,6.915261450076704,0.9677407835992413,23.441474595970437,-0.04531158954558023,0.0,20.0,True
2019-08-30 13:15:00-04:00,34112,2019-08-30,short,11,recross,-2.7784086607613125,-3.1570579551040336,-3.1570579551040336,False,midday,6.659948290763779,-0.6754367161780577,0.5682384042819457,-0.7162787502391481,9.0,0.19999999999995452,220.0,38.82836355411365,7.661231143841611,0.6116269182769408,-57.24901425538334,4,7.514687798878539,7.079409603953923,0.9408635343879286,23.809406336060846,0.36793174009040897,0.0,19.0,False
2019-08-30 14:10:00-04:00,34123,2019-08-30,long,5,recross,-8.325134337393871,-8.325134337393871,-7.90887762052321,True,close,6.2945789815110444,0.5838666356640525,1.0160649182058135,1.9705794120064724,11.0,0.1183431952662843,275.0,-38.82836355411365,-6.525599130349541,0.6116269182769408,57.24901425538334,4,15.485571041127244,17.120539296986426,0.9102479861001979,23.809406336060846,0.36793174009040897,0.0,19.0,False
2019-08-30 14:35:00-04:00,34128,2019-08-30,short,12,recross,-4.166824500928582,-4.166824500928582,-4.166824500928582,False,close,6.735553109257689,1.1340846871188903,1.652557567084518,-2.8914107649348253,5.0,0.06805035726437383,300.0,46.36785162287335,13.45472111930401,0.6116269182769408,-57.24901425538334,4,5.808788355088357,2.136409763392466,0.9152388048002247,23.809406336060846,0.36793174009040897,0.0,19.0,True
2019-09-03 14:45:00-04:00,34208,2019-09-03,long,14,eod,24.913760061327487,24.913760061327487,-4.599463395935136,True,close,6.051872295918078,-0.621953475594843,0.5067293897843637,1.375811390804067,62.0,0.25000000000004974,310.0,-45.789292937001136,-1.1320527977997605,0.6035582120770092,-77.61623504467708,1,8.279859242392718,9.183232497838034,0.9571572171669208,23.669785027147928,-0.13962130891291835,0.0,15.0,False
2019-09-04 14:10:00-04:00,34279,2019-09-04,short,2,recross,-4.937896456107365,-4.937896456107365,-4.937896456107365,False,close,4.871246857621836,0.24032408141760175,0.7017267080340736,-3.3462625876783463,1.0,0.222222222222284,275.0,10.244346638335932,3.860417757555901,0.2879943106430111,-80.31821311099299,2,2.3866348448686736,3.4038207888353877,0.9089879803381175,21.04392274732847,-2.625862279819458,0.0,14.0,False
2019-09-04 14:20:00-04:00,34281,2019-09-04,long,19,eod,19.363657073429682,18.602885345482502,18.602885345482502,False,close,4.8497584086109535,-0.2003261452870797,0.7845087706917829,2.2467752855787495,2.0,0.1996007984031351,285.0,-7.588404917285955,-1.1762371706913233,0.2879943106430111,80.31821311099299,2,2.7289783387351996,1.2453658022537617,0.880777055397902,21.04392274732847,-2.625862279819458,0.0,14.0,False
2019-09-06 12:50:00-04:00,34419,2019-09-06,short,2,recross,-8.950548221076758,-8.950548221076758,-8.950548221076758,False,midday,5.666993375647761,1.20694913711535,1.7104614609986577,-5.698632905944983,31.0,0.07692307692307962,195.0,-6.341863761844957,-2.3913714324776554,0.3895737089689562,-15.318512983374745,4,12.064747478133242,16.69100771959031,0.9323349560474704,21.32263062452247,0.4248633836830997,0.0,12.0,False
2019-09-06 13:00:00-04:00,34421,2019-09-06,long,21,recross,2.6078533641327035,2.6078533641327035,2.6078533641327035,False,midday,6.172051437147278,1.5145550085425024,0.8451468333915277,4.066921856118711,2.0,0.14285714285715678,205.0,12.310676714167876,6.970694123140663,0.3895737089689562,15.318512983374745,4,-1.0059012875551776,-1.0435145570286686,0.9370697202355404,21.32263062452247,0.4248633836830997,0.0,12.0,False
2019-09-09 14:40:00-04:00,34519,2019-09-09,short,3,recross,-7.822394397674868,-7.822394397674868,-5.959919541085009,True,close,5.729332481838018,0.600985239874535,0.7798971754707416,-2.166063450851759,1.0,0.16666666666666036,305.0,9.333730143967912,6.590516083454897,0.46131187030929643,-19.75547934993401,0,-1.6799946240175778,1.0500341261099333,0.916927348026516,20.306582144297998,-1.0160484802244731,0.0,9.0,False
2019-09-09 15:05:00-04:00,34524,2019-09-09,long,9,eod,0.7441583568976712,0.7441583568976712,0.7441583568976712,False,close,5.885589511910762,1.1472151590384696,1.8973368458188207,4.260779870623509,5.0,0.06666666666666414,330.0,-5.95215951787601,-2.9477879542759635,0.46131187030929643,19.75547934993401,0,5.600161252392599,15.22709372538733,0.9107434981317679,20.306582144297998,-1.0160484802244731,0.0,9.0,True
2019-09-10 14:00:00-04:00,34589,2019-09-10,short,13,recross,-0.7077378092164395,-0.7077378092164395,-0.7077378092164395,False,midday,6.240599517131779,0.1183171690240803,1.2474019430454812,-3.873165819211927,7.0,0.09569377990430476,265.0,-0.7822394397681222,-8.797042233950876,0.498290586460336,12.277242456938163,1,5.885518261921074,13.941131599022327,0.9668037117587196,20.114219125713525,-0.1923630185844729,0.0,8.0,False
2019-09-10 15:10:00-04:00,34603,2019-09-10,short,3,recross,-6.708657895717894,-6.708657895717894,-7.454064328574732,True,close,6.619043558371859,-0.38207611950665665,0.9008562851728461,-3.8786083066373678,1.0,0.12499999999998046,335.0,4.842434627132365,-2.571508027592471,0.498290586460336,12.277242456938163,1,-3.5392264262235074,-9.240436148587605,0.9640854529379216,20.114219125713525,-0.1923630185844729,0.0,8.0,True
2019-09-13 11:45:00-04:00,34796,2019-09-13,long,2,recross,-4.396248534583989,-4.396248534583989,-4.396248534583989,False,midday,6.157017629605032,-1.3000957113561116,0.8330871799611432,3.263463958204049,2.0,0.14285714285715678,130.0,-1.831568921938949,1.3259753356073853,0.28466840140649396,27.917569702089807,4,-12.58028206316597,-21.731256791018836,0.7951894688044269,15.060956000336095,-3.824555498969321,0.0,5.0,False
2019-09-13 11:55:00-04:00,34798,2019-09-13,short,1,recross,-4.647753097280365,-5.74801129073557,-5.74801129073557,False,midday,5.642565938893213,-0.7746645954928963,1.0392865308371146,-2.819065236475666,2.0,0.12499999999998046,140.0,5.494706765816847,2.338533743295441,0.28466840140649396,-27.917569702089807,4,2.320108713664837,3.6290113536208146,0.8136371775134226,15.060956000336095,-3.824555498969321,0.0,5.0,False
2019-09-13 12:05:00-04:00,34800,2019-09-13,long,2,recross,-2.564478311840313,-2.564478311840313,-2.564478311840313,False,midday,5.398253415254867,-0.18643706488679435,1.221754294625819,1.2360062317588643,2.0,0.1111111111111069,150.0,-2.564196490713696,0.5904001509443385,0.28466840140649396,27.917569702089807,4,3.9790437031639314,3.314487265937416,0.7492094341365718,15.060956000336095,-3.824555498969321,0.0,5.0,False
2019-09-13 12:25:00-04:00,34804,2019-09-13,short,10,recross,-7.403292430051841,-7.403292430051841,-7.403292430051841,False,midday,5.502878342664863,0.5247416811045644,1.1558805711478124,-5.136141737969275,1.0,0.11527377521610721,170.0,8.058903256530542,4.8900000137603215,0.28466840140649396,-27.917569702089807,4,3.150232951435461,5.186991026505661,0.7898893162334949,15.060956000336095,-3.824555498969321,0.0,5.0,False
2019-09-13 14:05:00-04:00,34824,2019-09-13,long,3,recross,-2.198607548552667,-2.198607548552667,-2.198607548552667,False,close,6.009446260060301,0.764395546821051,1.097765642964662,4.42956501767847,1.0,0.1111111111111069,270.0,-5.025825121799593,-1.217110991600416,0.28466840140649396,27.917569702089807,4,-2.4391862741834913,-9.602159188228931,0.9618181856421641,15.060956000336095,-3.824555498969321,0.0,5.0,True
2019-09-13 14:35:00-04:00,34830,2019-09-13,long,2,recross,-5.1291445319650615,-5.1291445319650615,-4.762777065396427,True,close,4.8330588075815974,-1.0308834582380602,0.6823154830856157,2.25706380662141,3.0,0.22222222222214363,300.0,-2.5678596285587356,1.2398808894988569,0.28466840140649396,27.917569702089807,4,-2.3227262169422946,1.5570664867392559,0.9705651050555201,15.060956000336095,-3.824555498969321,0.0,5.0,False
2019-09-13 14:55:00-04:00,34834,2019-09-13,long,2,recross,-8.426451731084864,-8.426451731084864,-5.861879465102333,True,close,4.56758872238702,0.11456438685239512,0.9628052797772841,1.793837278921977,1.0,0.16666666666666036,320.0,-4.395765412652644,-0.5769590981374824,0.28466840140649396,27.917569702089807,4,0.0,3.3747825861207836,0.9720828908386631,15.060956000336095,-3.824555498969321,0.0,5.0,True
2019-09-13 15:05:00-04:00,34836,2019-09-13,short,8,recross,-6.6016284016705775,-6.6016284016705775,-6.6016284016705775,False,close,5.285873279290847,0.674798104820808,1.1791887789741782,-4.438230778110537,2.0,0.1176470588235184,330.0,9.157844609692662,5.301040703096719,0.28466840140649396,-27.917569702089807,4,7.137047917809003,4.551819637909071,0.9740815923596228,15.060956000336095,-3.824555498969321,0.0,5.0,True
2019-09-16 15:25:00-04:00,34918,2019-09-16,short,6,eod,1.8431820695252465,1.8431820695252465,1.8431820695252465,False,close,5.69666577999095,1.46453860263221,1.261351223590642,-2.1723618638433777,2.0,0.10256410256410615,350.0,8.10014727540601,1.7762710164471043,0.5913772168781432,38.14553990610195,0,2.9976019184663194,1.0437323870160498,0.9400759323585478,15.119533834187008,0.05857783385091331,0.0,2.0,True
2019-09-17 12:10:00-04:00,34957,2019-09-17,short,12,recross,-4.061888408848035,-4.061888408848035,-4.061888408848035,False,midday,5.886937451369011,0.2941092863461172,1.5874715615839665,-4.664278793692397,1.0,0.07902015013827976,155.0,-8.86950737277834,-3.3139821002306604,0.33821895610218483,22.492625368732067,1,7.157242963430344,6.102454531241586,0.9482434576834822,14.573823544855436,-0.5457102893315717,0.0,1.0,False
2019-09-18 10:15:00-04:00,35012,2019-09-18,long,6,recross,-2.9502876530455855,-2.9502876530455855,-2.9502876530455855,False,open,5.894760078076048,-1.909138706792615,0.500548632595288,0.7530708191381308,5.0,0.25000000000004974,40.0,-4.0554490488133625,4.200379031485073,0.24518607257077296,-11.415945498066737,2,6.998367047688081,3.6527557984245007,0.92773087838129,14.09434726994117,-0.4794762749142656,1.0,0.0,False
2019-09-18 10:45:00-04:00,35018,2019-09-18,short,22,recross,0.40582768556559834,0.40582768556559834,0.40582768556559834,False,open,4.8436220970155315,-0.3961659732561893,0.7539932636744743,-1.9373625277205875,6.0,0.20202020202022336,70.0,5.898834980092354,-0.33410348868755935,0.2666936227962845,11.415945498066737,2,-2.330614283336807,0.5206435153848332,0.92983431825606,14.09434726994117,-0.4794762749142656,1.0,0.0,False
2019-09-19 12:30:00-04:00,35117,2019-09-19,short,2,recross,-11.387011460476133,-11.387011460476133,-11.387011460476133,False,midday,6.675246323312353,2.51915110014565,2.3106509898451932,-6.567850008539807,45.0,0.04761904761904581,175.0,4.038030909291643,17.325064037461594,0.39950019975009904,-16.178254954590496,3,22.82123366958766,36.15889250477955,0.9643964987112996,13.672974177763987,-0.4213730921771841,0.0,15.0,False
2019-09-19 12:40:00-04:00,35119,2019-09-19,long,6,recross,-6.970430699244176,-6.970430699244176,-6.970430699244176,False,midday,6.7758604610226545,2.293111699752745,1.1912313284810545,3.969385788771838,2.0,0.09090909090907964,185.0,5.5064057853961765,-7.4710009025989494,0.4122502061250906,16.178254954590496,3,-14.055859639839907,-22.477135327856335,0.9541580720158092,13.672974177763987,-0.4213730921771841,0.0,15.0,False
2019-09-19 13:10:00-04:00,35125,2019-09-19,short,2,recross,-3.304207357369551,-3.304207357369551,-3.304207357369551,False,midday,6.0206307542187405,0.750606510401723,1.6463215695770363,-4.432550681262043,6.0,0.07407407407406347,215.0,0.36709371902822024,11.674535489224194,0.4122502061250906,-16.178254954590496,3,5.62988475294568,13.46313173156588,0.9618528334623416,13.672974177763987,-0.4213730921771841,0.0,15.0,False
2019-09-19 13:30:00-04:00,35129,2019-09-19,short,29,eod,35.61593537727289,35.61593537727289,35.61593537727289,False,midday,5.185834406238251,-0.7030866664002895,0.7079817851886567,-2.3107536672088784,2.0,0.19999999999995452,235.0,1.4683748761066209,11.122487524314796,0.4122502061250906,-16.178254954590496,3,7.945967421534306,7.249754026203981,0.9596965442443237,13.672974177763987,-0.4213730921771841,0.0,15.0,False
2019-09-26 13:15:00-04:00,35516,2019-09-26,short,8,recross,-6.326287585589426,-6.326287585589426,-6.326287585589426,False,midday,6.25422978597342,-1.3412375924120008,0.9519139167933892,-2.4978645164397264,2.0,0.12500000000002487,220.0,46.66493833561687,7.21813990144895,0.9955694798975249,-15.207715133529975,3,6.06837030544205,10.058231868713685,0.9572223648399402,9.9541419833252,-0.07265752556763871,0.0,8.0,False
2019-09-26 13:55:00-04:00,35524,2019-09-26,long,24,recross,-1.487541837112816,-1.487541837112816,-1.487541837112816,False,midday,5.727289719720567,-0.8181544795203592,1.233803360160382,2.164632818138962,8.0,0.1052631578947381,260.0,-41.8503018406724,-1.8024627924479315,0.9955694798975249,15.207715133529975,3,16.20362556121746,21.21340687314399,0.9546734747758154,9.9541419833252,-0.07265752556763871,0.0,8.0,True
2019-09-30 15:15:00-04:00,35696,2019-09-30,long,3,recross,-6.307275627943423,-6.307275627943423,-5.680258227282235,True,close,4.9441337609446325,0.5189247763017075,0.8488476265639776,1.084487842837902,2.0,0.17683465959332026,340.0,36.497709582511575,10.483838857589403,0.6422138864157134,15.292801193583294,0,-6.055305120097332,-10.059829512363283,0.9406216596281771,9.144656758544736,-0.7155272489785887,0.0,4.0,True
2019-10-09 14:10:00-04:00,36229,2019-10-09,long,18,recross,-8.345345573174543,-8.345345573174543,-6.06934223503407,True,close,6.630100040058151,1.3663199297434536,0.6868794843033645,2.5738253298477574,1.0,0.16666666666666036,275.0,2.2775584573338246,9.982007423573084,0.5998662718502222,71.24880962074906,2,1.3732962543344662,-0.5335894562719101,0.9293728945483429,12.908766618798273,1.092539490317776,0.0,21.0,False
2019-10-14 14:00:00-04:00,36461,2019-10-14,long,6,recross,-1.117734724291085,-1.117734724291085,-1.117734724291085,False,midday,5.370987677173618,0.31885913009148137,1.0406075068622493,4.021746165650427,35.0,0.13333333333335354,265.0,29.147982062779246,6.786951640702418,0.47753135320834844,-17.905102954340546,0,11.485322433537615,12.640055582762155,0.9231949035575585,13.993066266435383,0.6227413911299333,0.0,16.0,False
2019-10-15 15:15:00-04:00,36554,2019-10-15,short,2,recross,-6.656066264837733,-6.656066264837733,-6.656066264837733,False,close,4.835616972606002,-0.2902612764463415,0.840987572216128,-1.4791972700161367,68.0,0.18181818181815929,340.0,-50.90665873959589,-5.380380074630672,0.8611497642925855,-47.545889156662966,1,10.016703412392136,13.413816230718467,0.9054785052145163,13.969253494687875,-0.023812771747508066,0.0,15.0,True
2019-10-15 15:25:00-04:00,36556,2019-10-15,long,3,recross,-5.9130049151841595,-6.6516388899156285,-5.912567902145825,True,close,4.868452215379892,-0.15846633141619293,0.7592374163316981,1.8802384931724632,2.0,0.2000000000000682,350.0,52.76456599286623,7.164566526074473,0.8611497642925855,47.545889156662966,1,-2.338868655819004,-3.1020955920313398,0.894843467088606,13.969253494687875,-0.023812771747508066,0.0,15.0,True
2019-10-16 11:25:00-04:00,36586,2019-10-16,long,2,recross,-8.194536975350394,-8.194536975350394,-6.292101561922271,True,midday,6.289026389723259,-0.5226276301417592,0.7652497460715971,2.3081222173235147,1.0,0.15384615384609196,110.0,12.231735794506248,8.737092161025299,0.32226702176390254,-16.282426081486058,2,-9.865560832049702,-12.35129823109582,0.8454433140502522,14.415229531118037,0.4459760364301619,0.0,14.0,False
2019-10-16 12:35:00-04:00,36600,2019-10-16,short,14,recross,1.4807685188620465,1.4807685188620465,1.4807685188620465,False,midday,4.869119193965256,-0.8018726626563799,0.9357383946816582,-1.2946974717712791,11.0,0.16246953696179037,180.0,-14.45568775714394,-8.002069615301576,0.4200334216248504,16.282426081486058,2,10.711297071129833,12.430080795525766,0.9550451267155946,14.415229531118037,0.4459760364301619,0.0,14.0,False
2019-10-16 13:55:00-04:00,36616,2019-10-16,short,5,recross,-4.785171006899568,-4.785171006899568,-5.892575133109483,True,midday,5.3509627505629025,1.275983038436559,0.8242949024255147,-3.5481855562134186,1.0,0.16792611251049103,260.0,-8.554801882945545,-1.2325604102575827,0.4200334216248504,16.282426081486058,2,-2.5831991411706667,-4.443060313505942,0.8441363753437402,14.415229531118037,0.4459760364301619,0.0,14.0,False
2019-10-17 13:20:00-04:00,36687,2019-10-17,long,6,recross,-8.876396183149978,-8.876396183149978,-8.876396183149978,False,midday,5.082123840862327,0.3014183594960578,1.601694172534758,2.337918449215259,2.0,0.09090909090907964,225.0,-14.778143126317438,-9.222618531144027,0.5358767632299215,22.21646239863823,3,4.679144385026923,4.830118425815932,0.9132611636418048,14.419199829284635,0.003970298166597885,0.0,13.0,True
2019-10-17 14:20:00-04:00,36699,2019-10-17,long,18,recross,3.6624480690777066,3.6624480690777066,3.6624480690777066,False,close,4.681120829502026,-0.7200599075508114,0.5358561969447555,2.0903206050325878,3.0,0.29498525073756326,285.0,-14.002290612185284,-7.899037474984048,0.5358767632299215,22.21646239863823,3,-10.184149456566871,-11.36246255552087,0.8834399068688303,14.419199829284635,0.003970298166597885,0.0,13.0,False
2019-10-21 11:10:00-04:00,36817,2019-10-21,long,2,recross,-7.834359261331079,-7.834359261331079,-6.715165081139713,True,midday,6.785266077068092,-0.6189849462816479,0.7697997160885387,3.8908193432278892,98.0,0.14285714285715678,95.0,-1.1191524285618726,8.908791800934528,0.2801619405191995,15.692721566283662,0,3.6727879799669516,5.702140894718877,0.5443716139683097,14.112763597436484,-0.35088585358427693,0.0,9.0,False
2019-10-21 11:20:00-04:00,36819,2019-10-21,short,2,recross,-7.094052197287117,-7.094052197287117,-7.094052197287117,False,midday,6.510150495174684,-0.3901652790947221,1.0894875767403938,-3.339441280756546,2.0,0.1052631578947381,105.0,6.714914571364874,-2.752556720447824,0.2801619405191995,-15.692721566283662,0,-4.67555021206989,-6.220839813375623,0.725998396359792,14.112763597436484,-0.35088585358427693,0.0,9.0,False
2019-10-21 11:30:00-04:00,36821,2019-10-21,long,1,recross,-4.850022384716409,-4.850022384716409,-4.850022384716409,False,midday,6.0644766561235395,-0.2964676161939206,1.0458957297882954,4.034598898930987,2.0,0.11764705882355773,115.0,-1.49220323808179,7.685154731138132,0.2801619405191995,15.692721566283662,0,2.335902826442471,6.216328222130585,0.6099534718092425,14.112763597436484,-0.35088585358427693,0.0,9.0,False
2019-10-21 11:35:00-04:00,36822,2019-10-21,short,10,recross,-4.106776180696539,-4.106776180696539,-4.106776180696539,False,midday,6.198233571133007,-0.31191692404167704,1.0841278209936944,-3.2984273591542532,1.0,0.1111111111111069,120.0,7.087965380884792,-2.0577030424406644,0.2801619405191995,-15.692721566283662,0,-2.670137845866005,-3.6265671951096756,0.598857516915309,14.112763597436484,-0.35088585358427693,0.0,9.0,False
2019-10-21 12:25:00-04:00,36832,2019-10-21,long,9,recross,0.936672015524462,0.936672015524462,0.936672015524462,False,midday,4.965465269402766,-0.1508255367171012,1.0522388336219273,3.591535376607041,10.0,0.14285714285715678,170.0,-4.103558904723332,4.787103141437705,0.2801619405191995,15.692721566283662,0,2.002469712645283,8.808290155439824,0.7983454433589122,14.112763597436484,-0.35088585358427693,0.0,9.0,False
2019-10-23 11:05:00-04:00,36972,2019-10-23,long,6,recross,-4.915285794077385,-4.915285794077385,-4.468441630979249,True,midday,6.688769599251204,0.029455750463958097,0.445431265955175,3.4262003473195506,36.0,0.25000000000004974,90.0,14.60540056690969,9.1288744935416,0.23364187446494583,11.201553282055537,2,19.740364025697676,35.555555555555344,0.19509214840486092,14.046945819103998,-0.27937401839233367,0.0,7.0,False
2019-10-23 11:45:00-04:00,36980,2019-10-23,long,2,recross,-5.957034885884366,-5.957034885884366,-7.073978926986891,True,midday,6.175102387232903,0.06177935452755534,0.904527842368062,3.6781179847551897,2.0,0.13333333333335354,130.0,16.03759510666891,7.861654328977504,0.36871608313999715,11.201553282055537,2,1.335024364195192,3.6391068101293556,0.6147355247167,14.046945819103998,-0.27937401839233367,0.0,7.0,False
2019-10-23 11:55:00-04:00,36982,2019-10-23,short,44,recross,14.3299045915326,14.3299045915326,14.3299045915326,False,midday,5.757767418676466,-0.28904759907467437,0.8412457906033329,-1.7270993788046383,2.0,0.15384615384609196,140.0,-10.070117857674989,-1.7169379991247136,0.36871608313999715,-11.201553282055537,2,4.338539580830414,13.528983244875947,0.565260030295288,14.046945819103998,-0.27937401839233367,0.0,7.0,False
2019-10-24 14:15:00-04:00,37088,2019-10-24,long,18,eod,19.425454817138547,19.425454817138547,19.425454817138547,False,close,4.76370139024707,-0.017250602734330656,0.588211159415304,1.5381795227196093,15.0,0.2666666666667071,280.0,-50.55386216638008,-3.4672730765049127,0.7684459672440586,29.078437220398623,3,4.336513443192747,1.0328977947637874,0.9348776460424575,13.9252894743192,-0.12165634478479781,0.0,6.0,False
2019-10-25 14:05:00-04:00,37164,2019-10-25,short,2,recross,-7.052186177715007,-7.052186177715007,-7.052186177715007,False,close,4.933312331480563,0.7291607810034373,2.106323698464145,-6.9047945909908535,76.0,0.07142857142856389,270.0,-64.9932765575957,-9.991364224211258,0.9315836735760692,9.702216583326774,4,4.972155926811217,9.979273815919898,0.9071310011707688,13.901006840535832,-0.024282633783368368,0.0,5.0,False
2019-10-28 12:20:00-04:00,37221,2019-10-28,long,3,recross,-8.499002291036073,-9.237363287023353,-6.879988176174448,True,midday,4.95973253506642,-1.3826164793064448,0.9403148739361179,1.9027219353622016,5.0,0.15847860538822256,165.0,-6.647462884997045,-20.022249870926945,0.4445306716745459,49.359807014287775,0,5.77053072395417,4.082459605936339,0.8714775176614152,13.761750589552738,-0.13925625098309347,0.0,2.0,False
2019-10-28 12:35:00-04:00,37224,2019-10-28,short,11,recross,-5.177897773503453,-5.177897773503453,-5.177897773503453,False,midday,5.576676363604493,0.6169438285380728,1.5252100084138784,-5.625075006763737,3.0,0.08695652173912356,180.0,13.664229263606904,25.798613980579788,0.4445306716745459,-49.359807014287775,0,2.4728399742823814,-4.306850425617181,0.857230061430987,13.761750589552738,-0.13925625098309347,0.0,2.0,False
2019-10-29 11:50:00-04:00,37293,2019-10-29,long,2,recross,-21.395108635507917,-21.395108635507917,-5.164336567189108,True,midday,5.7795237593414415,-0.15985399187885463,0.6384437360785663,1.411362857691195,1.0,0.2000000000000682,135.0,19.965245683438592,0.7399745669684297,0.4853008394952198,-12.554927809164173,1,3.752065859792264,0.50926869016088,0.8490058458146956,13.791304499327905,0.029553909775167142,0.0,1.0,False
2019-10-30 11:10:00-04:00,37363,2019-10-30,short,14,recross,-0.36957646536824823,-0.36957646536824823,-0.36957646536824823,False,midday,5.08642245106472,-1.5574312144295872,0.726433038222107,-1.4097229611649098,1.0,0.2000000000000682,95.0,8.4911581201321,-3.919516527484502,0.40715217211652277,-0.0,2,-3.6288591712052565,-2.0393596410728243,0.735743204818371,12.889024369352223,-0.9022801299756829,1.0,0.0,False
2019-10-31 15:15:00-04:00,37490,2019-10-31,long,2,recross,-3.7074111148172584,-3.7074111148172584,-3.7074111148172584,False,close,6.295859152469937,0.3445405935082233,1.4138001595600693,3.311037351227391,66.0,0.08333333333334991,340.0,-71.43646205398232,-9.26949883090329,1.0966026487823197,-8.09448471246283,3,16.715489134930817,18.534543570947193,0.9646834800313308,10.673446800793073,-2.2155775685591497,0.0,41.0,True
2019-10-31 15:25:00-04:00,37492,2019-10-31,short,2,recross,-13.727090598798119,-13.727090598798119,-7.416338947835456,True,close,6.046636260151571,0.3993611985534038,0.9808410266729205,-2.02422061036377,2.0,0.12507817385866693,350.0,72.17292042567219,9.681868701115912,1.0966026487823197,8.09448471246283,3,-7.277057422598876,-7.700529315961546,0.9608291699703851,10.673446800793073,-2.2155775685591497,0.0,41.0,True
2019-11-05 12:40:00-05:00,37693,2019-11-05,long,32,recross,11.646527878875862,11.646527878875862,11.646527878875862,False,midday,4.548756980843095,-0.8065848288847546,0.9603157286046836,3.702924250172181,3.0,0.16666666666666036,185.0,-13.450632543260308,-4.328979639045504,0.5085715496598852,20.03424033803269,1,-0.32581780268436944,0.0,0.8659681592523522,9.887637250043419,-0.26021030738600537,0.0,36.0,False
2019-11-06 11:35:00-05:00,37758,2019-11-06,long,1,recross,-20.72651903567118,-20.72651903567118,-6.908839678557061,True,midday,4.560016586688136,-0.3534343345707347,1.1962749100534964,3.182421148482021,27.0,0.13333333333330302,120.0,-1.6217002399826428,9.193991677698973,0.2948989848102278,7.277490721198917,2,4.886789379379142,12.537612838514622,0.8751713303497283,7.434663613502441,-2.4529736365409773,0.0,35.0,False
2019-11-06 13:25:00-05:00,37780,2019-11-06,long,28,recross,1.4563990533413604,1.4563990533413604,1.4563990533413604,False,midday,5.18017069362814,-0.4209890180216176,0.9841284848132802,3.4416001252238573,20.0,0.14285714285715678,230.0,-14.544396771143091,1.6585328694860177,0.5996279357808161,7.277490721198917,2,8.483424693290775,13.051553636864721,0.9198344121932478,7.434663613502441,-2.4529736365409773,0.0,35.0,False
2019-11-11 11:55:00-05:00,37996,2019-11-11,long,46,recross,25.693916693809445,24.96833725348282,24.96833725348282,False,midday,6.475920201066872,2.482400955227726,1.4530322600379801,5.598297782631448,28.0,0.07692307692307962,140.0,18.85492584937749,10.423753499826619,0.4920272861218969,-45.838446545873886,0,3.897495858911082,1.9943161988345004,0.6942731942574281,6.30996400125223,-0.6387853020143375,0.0,30.0,False
2019-11-12 11:50:00-05:00,38073,2019-11-12,short,1,recross,-7.208246233690932,-7.208246233690932,-7.208246233690932,False,midday,5.696663127390102,0.9253315183392319,1.5178673692710432,-3.819533023592129,28.0,0.08333333333333018,135.0,-4.685866705114639,2.493946085139822,0.4826672612567784,-9.380524587797774,1,12.104388244218445,12.36583073650932,0.8261780394262265,6.38434639728485,0.07438239603261998,0.0,29.0,False
2019-11-12 12:00:00-05:00,38075,2019-11-12,short,3,recross,-6.848574415167708,-6.848574415167708,-9.011282125220776,True,midday,6.3702883410395446,1.4133865564707948,1.1878190021390345,-3.76587266956453,1.0,0.09523809523807875,145.0,-3.6045128500870813,3.553257178249244,0.4826672612567784,-9.380524587797774,1,9.839029982079417,11.109763973188302,0.8218388547339776,6.38434639728485,0.07438239603261998,0.0,29.0,False
2019-11-12 13:00:00-05:00,38087,2019-11-12,long,5,recross,-4.321832456959869,-4.321832456959869,-4.321832456959869,False,midday,5.468467566507661,0.5611386280188464,0.9223375069282249,3.4854908181001107,8.0,0.14285714285715678,205.0,5.046317990123143,-1.1493358835062737,0.4826672612567784,9.380524587797774,1,3.2338388901442805,0.4953928465267765,0.8307952485734175,6.38434639728485,0.07438239603261998,0.0,29.0,False
2019-11-12 14:05:00-05:00,38100,2019-11-12,short,22,eod,7.21136511141723,7.21136511141723,7.21136511141723,False,close,5.339695058562664,1.6113837417921317,2.092777828432079,-11.160850514146759,5.0,0.06451612903225759,270.0,0.7209025700170064,6.668197486091156,0.4826672612567784,-9.380524587797774,1,7.4364916823432825,10.8964834076275,0.898959504239206,6.38434639728485,0.07438239603261998,0.0,29.0,True
2019-11-13 11:30:00-05:00,38147,2019-11-13,short,1,recross,-5.052145357438792,-5.052145357438792,-5.052145357438792,False,midday,5.338731606900854,-0.3916197840367772,1.081351810035543,-3.7467974083507087,10.0,0.12499999999998046,115.0,-29.311717449518795,-4.290495905730347,0.6784863293081792,32.462848073872244,2,3.885758694385233,10.176222387688894,0.9037487584818775,5.6986004247693405,-0.6857459725155097,0.0,28.0,False
2019-11-13 11:35:00-05:00,38148,2019-11-13,long,30,recross,11.901756410720271,11.901756410720271,11.901756410720271,False,midday,5.5679118913690555,-0.3121942633694701,1.1660269709718447,2.3434513394022787,1.0,0.1111111111111069,120.0,32.930447998842915,7.7229157796906565,0.6784863293081792,-32.462848073872244,2,2.7527243875180574,2.9798857710461313,0.9060070277771002,5.6986004247693405,-0.6857459725155097,0.0,28.0,False
2019-11-14 10:45:00-05:00,38216,2019-11-14,short,6,recross,0.3597510522735456,0.3597510522735456,0.3597510522735456,False,open,5.1843378827537725,-0.7138553703801334,0.5550952551402695,-1.200085215495534,1.0,0.25000000000004974,70.0,-3.958543256082253,4.0454461099173535,0.24599924106615534,6.47342300222998,3,8.08015513897864,14.646263910970125,0.762698554105196,5.586244995566001,-0.11235542920333952,0.0,27.0,False
2019-11-14 11:15:00-05:00,38222,2019-11-14,long,4,recross,-7.552055237889005,-7.552055237889005,-7.552055237889005,False,midday,5.443414573032777,-0.021147377752877894,1.5860843483248999,4.960968150479729,6.0,0.08333333333333018,100.0,3.5986756873478747,-2.5655673663240073,0.30880755793411624,-6.47342300222998,3,-0.9704341075233991,-1.9910403185663395,0.7327472350227839,5.586244995566001,-0.11235542920333952,0.0,27.0,False
2019-11-14 11:35:00-05:00,38226,2019-11-14,short,14,recross,-0.35986756873437836,-1.0796804145962973,-1.0796804145962973,False,midday,5.718713540416541,-0.2148102270974812,1.3843177624983811,-5.013815731239717,4.0,0.09090909090907964,120.0,-0.7197351374687567,5.207100092430643,0.30880755793411624,6.47342300222998,3,5.176988287064477,2.24014336917544,0.8682098333292384,5.586244995566001,-0.11235542920333952,0.0,27.0,False
2019-11-14 13:00:00-05:00,38243,2019-11-14,long,5,recross,-3.7782695525435437,-3.7782695525435437,-3.7782695525435437,False,midday,4.636170000763042,-0.3145333802963508,1.2032027393635114,2.470129004998654,1.0,0.12903225806453886,205.0,-0.5469987044765006,0.7833567948636816,0.6280831686795791,-6.47342300222998,3,6.450238289674726,10.45764653154757,0.9488136075712919,5.586244995566001,-0.11235542920333952,0.0,27.0,True
2019-11-14 14:15:00-05:00,38258,2019-11-14,long,20,eod,7.557218943428082,7.557218943428082,7.557218943428082,False,close,6.736350311192501,-1.3490740674360744,0.37404641942661837,0.2926472215027758,3.0,0.28571428571431357,280.0,-2.519072981142694,-0.2408158648879292,0.6437852478965842,-6.47342300222998,3,1.048450041354343,-1.7400382808419046,0.9465631034610996,5.586244995566001,-0.11235542920333952,0.0,27.0,False
2019-11-19 09:50:00-05:00,38439,2019-11-19,short,22,recross,6.427653192401329,6.427653192401329,6.427653192401329,False,open,6.42000716423265,0.26398602579053154,1.0563600282185073,-1.9050857337435687,5.0,0.1052631578947381,15.0,23.85784994480501,8.475589032486575,0.4896959804121431,-19.980732864737657,1,-11.382400564310391,-25.86206896551646,0.8728169927845263,5.2103990210229565,-0.2574705892458944,0.0,22.0,False
2019-11-20 15:10:00-05:00,38581,2019-11-20,long,4,recross,-7.915092642560548,-7.915092642560548,-7.915092642560548,False,close,6.7420467099186405,-0.6541327347275985,1.0141190131311066,2.680122927879985,1.0,0.1052631578947381,335.0,-26.91645133505599,4.406204187248461,1.3537639917407664,-23.987683935412836,2,-2.4306187131883927,-1.9810806795106384,0.9562916163310695,4.8956184743788915,-0.31478054664406496,0.0,21.0,True
2019-11-21 12:10:00-05:00,38623,2019-11-21,long,40,recross,8.279933760530572,7.919651535331381,7.919651535331381,False,midday,6.342698167510023,-0.3180055447529,0.6811907938557797,2.827677727060248,22.0,0.16666666666666036,155.0,-21.197858656989006,3.8144492497787787,0.7672050294551878,4.672897196261519,3,4.515983355375397,-2.9795898098028406,0.8555203552276534,5.278505953591481,0.3828874792125898,0.0,20.0,False
2019-11-22 11:40:00-05:00,38695,2019-11-22,long,48,recross,12.21615406726185,12.21615406726185,12.21615406726185,False,midday,6.356576483452657,-0.8999719169303031,0.8481026447545484,2.8487577939893782,9.0,0.13333333333330302,125.0,-5.0290969178815415,-1.1944692659248912,0.6115488430873806,23.40402549238387,4,8.706307235908373,12.930820112400099,0.8979971064207725,5.414814363092231,0.1363084095007494,0.0,19.0,False
2019-11-27 10:05:00-05:00,38910,2019-11-27,short,6,recross,-5.3365589867645244,-5.3365589867645244,-5.3365589867645244,False,open,6.670019716664371,-0.9948217904944237,1.3063223876762153,-6.3633281872309695,12.0,0.08163265306122297,30.0,14.464292055824561,2.2781516787159966,0.3702124424435364,-8.88604535437549,2,0.31797513434406177,-9.75324295328095,0.24692048964206653,5.515841919661375,-0.05665435812543684,0.0,14.0,False
2019-11-27 10:40:00-05:00,38917,2019-11-27,short,2,recross,-3.5571997723400233,-3.5571997723400233,-5.691519635741611,True,open,5.443010329688221,-0.23566622169405083,0.7841317088445137,-4.152837375875642,1.0,0.16666666666666036,65.0,15.281082424801605,2.6995656497048652,0.41648899774897374,-8.88604535437549,2,-2.544043757553016,-5.845104724790939,0.23025496576928128,5.515841919661375,-0.05665435812543684,0.0,14.0,False
2019-11-27 10:50:00-05:00,38919,2019-11-27,long,58,recross,14.041948098117267,14.041948098117267,14.041948098117267,False,open,5.441065410568465,-0.20455601809460955,1.241710522810842,3.3751599175384186,2.0,0.1052631578947381,75.0,-13.06864590361856,-0.27613841043209,0.41648899774897374,8.88604535437549,2,3.8161869931618853,7.134508619850433,0.25006405647875374,5.515841919661375,-0.05665435812543684,0.0,14.0,False
2019-12-02 14:25:00-05:00,39094,2019-12-02,long,5,recross,-7.16486350934974,-7.16486350934974,-7.16486350934974,False,close,5.002349388791927,0.9928650542678161,1.7547557164999223,4.7978632854983445,67.0,0.08163265306122297,290.0,-83.14087759815153,-8.652677389298237,2.29605212500323,9.602389928159251,0,12.818869375721409,14.783422855171313,0.9384174127077531,5.594097416799217,0.009789822347028299,0.0,9.0,True
2019-12-02 14:55:00-05:00,39100,2019-12-02,short,11,eod,19.00186433386023,19.00186433386023,19.00186433386023,False,close,4.9153070802238314,0.8404303816400205,1.6045794616644584,-6.075982341862101,6.0,0.09090909090907964,320.0,89.1810268253683,14.347556560414217,2.29605212500323,-9.602389928159251,0,3.840983291722999,7.87246604998959,0.9058239216871629,5.594097416799217,0.009789822347028299,0.0,9.0,True
2019-12-03 13:30:00-05:00,39161,2019-12-03,long,8,recross,-2.9099374363445403,-2.9099374363445403,-2.9099374363445403,False,midday,6.237558435228329,-0.4168435764212939,1.2954080419943745,3.0416881101436744,61.0,0.09004952724000029,235.0,-20.331844751842656,18.932857728027013,1.2947941658098199,-103.1261228889689,1,10.887670936272631,16.96522129634337,0.9548390898858689,6.087252624556197,0.4931552077569803,0.0,8.0,False
2019-12-03 14:10:00-05:00,39169,2019-12-03,short,10,recross,-2.1834855707996024,-2.1834855707996024,-2.1834855707996024,False,close,5.6317524970758654,-0.044226174151863695,1.2922719071851556,-3.0021254965889312,8.0,0.10000000000000568,275.0,22.510256689540157,-13.770194768518353,1.2947941658098199,103.1261228889689,1,8.898668435615154,8.727254623753788,0.9133220642141202,6.087252624556197,0.4931552077569803,0.0,8.0,True
2019-12-03 15:10:00-05:00,39181,2019-12-03,long,9,eod,20.366598778004157,20.366598778004157,20.366598778004157,False,close,5.47261525481047,0.8687750286915783,1.3129398823555127,2.6990691565046063,1.0,0.10126582278481479,335.0,-20.331844751842656,15.478799093257223,1.2947941658098199,-103.1261228889689,1,0.10044165166034347,-0.2940650202676309,0.9417506501286371,6.087252624556197,0.4931552077569803,0.0,8.0,True
2019-12-09 10:15:00-05:00,39434,2019-12-09,long,2,recross,-4.2759407069556925,-4.2759407069556925,-4.2759407069556925,False,open,5.544239721485727,-1.1608758047044043,0.8567804123215624,2.4019837717901567,3.0,0.15003750937732213,40.0,6.418485237484197,5.598490783505661,0.3023312367319551,-9.262557890986495,0,1.7456161231454992,-3.7958051486697286,0.9282896056801595,7.420720143368626,0.5273939956017104,0.0,2.0,False
2019-12-09 10:25:00-05:00,39436,2019-12-09,short,56,recross,13.905230505938002,13.905230505938002,-5.348165579205521,True,open,4.9070572950651705,-0.8373309857650364,0.7991121356161675,-3.0231510121822183,2.0,0.18181818181815929,50.0,-2.8526601055478564,-1.2987730107909317,0.3023312367319551,9.262557890986495,0,-1.905064295919523,2.9212717269566646,0.9255694453034203,7.420720143368626,0.5273939956017104,0.0,2.0,False
2019-12-10 13:00:00-05:00,39545,2019-12-10,long,2,recross,-3.2170431798675647,-3.2170431798675647,-3.2170431798675647,False,midday,5.158043238657125,0.7964946486613744,1.87176593157991,4.146416124335438,14.0,0.07407407407407907,205.0,1.3589871969104825,5.79598406751587,0.9979116550794309,-4.647006255585182,1,5.099114028939145,4.406364749081071,0.9007060926879662,7.539232948383859,0.11851280501523309,0.0,1.0,True
2019-12-10 15:20:00-05:00,39573,2019-12-10,short,7,eod,11.086474501108729,11.086474501108729,11.086474501108729,False,close,4.656717128923778,1.49433978505588,1.6889899551394452,-5.085341406552985,1.0,0.09090909090907964,345.0,-3.3974679922741737,-5.769809396227404,0.9979116550794309,4.647006255585182,1,4.7780591523716165,2.6933059105826995,0.9440272251218192,7.539232948383859,0.11851280501523309,0.0,1.0,True
2019-12-11 10:10:00-05:00,39589,2019-12-11,short,38,recross,14.667477551605373,14.667477551605373,14.667477551605373,False,open,6.31025972917486,-1.0848231527081893,0.5668422307001403,-0.7051333874178454,2.0,0.2000000000000682,35.0,-15.763264428760712,-11.312481872462122,0.6385867738596122,12.165885425986037,2,-8.277091557367111,-16.63974942494928,0.45816152999814835,7.504941107469969,-0.03429184091389015,1.0,0.0,False
2019-12-12 13:40:00-05:00,39709,2019-12-12,short,3,recross,-6.055537933619443,-6.055537933619443,-6.055537933619443,False,midday,5.46204894507381,-0.5675592088426367,1.3040942979100953,-3.526430281851191,6.0,0.09995002498749607,245.0,-50.08228391528343,22.035170920848643,2.502259452605446,6.792749633548953,3,9.481069464636338,10.19318512765821,0.9617753509234483,7.528613617259062,0.023672509789093077,0.0,48.0,True
2019-12-12 13:55:00-05:00,39712,2019-12-12,long,2,recross,-3.2017075773737105,-3.2017075773737105,-3.2017075773737105,False,midday,4.972646056514421,-0.48940288855938885,1.1448099427763097,3.085438128530015,3.0,0.12500000000002487,260.0,55.09444762449987,-16.84232687853835,2.502259452605446,-6.792749633548953,3,-4.79269083034195,-2.428009517797536,0.9495714912401356,7.528613617259062,0.023672509789093077,0.0,48.0,True
2019-12-12 14:10:00-05:00,39715,2019-12-12,long,21,eod,36.98040749564486,36.98040749564486,-9.24510187390869,True,close,6.00289253167007,1.030246475155649,1.3034462638904005,3.7668052609447145,1.0,0.09090909090910312,275.0,59.029765311964596,-12.7438560293207,2.502259452605446,-6.792749633548953,3,3.0053305072663683,4.129721851087176,0.9634140574629094,7.528613617259062,0.023672509789093077,0.0,48.0,True
2019-12-18 10:00:00-05:00,39977,2019-12-18,short,4,recross,-1.4808024539022675,-1.8334391086672632,-1.8334391086672632,False,open,6.287570662114014,0.07711703862987207,0.5046167766637486,-2.1271670634080238,1.0,0.22222222222214363,25.0,4.584375770817407,0.6794245760493278,0.2210066854522438,-14.468205236785412,2,8.125507844239932,10.967578883118723,0.9336497133916944,7.986672118487633,0.005246038504807871,0.0,42.0,False
2019-12-18 10:25:00-05:00,39982,2019-12-18,short,6,recross,-3.879386351613953,-3.879386351613953,-3.879386351613953,False,open,4.869555345810446,-0.5360663819135096,0.752350155025008,-2.277948503370972,1.0,0.19249278152067428,50.0,6.695091440854072,2.090667166500117,0.2762583568153222,-14.468205236785412,2,-1.2510947078681056,-5.298860506304237,0.9322450488996534,7.986672118487633,0.005246038504807871,0.0,42.0,False
2019-12-18 10:55:00-05:00,39988,2019-12-18,long,3,recross,-1.0575668911049008,-1.0575668911049008,-1.0575668911049008,False,open,4.648608050836259,0.24046752733404642,1.2134287058019328,4.318671989763303,6.0,0.12500000000002487,80.0,-4.933225272209845,0.1875738870648485,0.30081465519888156,14.468205236785412,2,10.637965019866247,9.061190952550646,0.9308215262619047,7.986672118487633,0.005246038504807871,0.0,42.0,False
2019-12-18 11:10:00-05:00,39991,2019-12-18,short,1,recross,-2.4680911078200825,-2.4680911078200825,-2.4680911078200825,False,midday,4.539246117942688,-0.1093619328935711,1.1728048135032505,-3.9874031783124835,3.0,0.13245033112581864,95.0,5.28559850593869,0.3314487358251649,0.30081465519888156,-14.468205236785412,2,-4.378283712784814,1.6690908223848666,0.9339840582715113,7.986672118487633,0.005246038504807871,0.0,42.0,False
2019-12-18 11:35:00-05:00,39996,2019-12-18,short,18,recross,-3.88075498324067,-3.88075498324067,-3.88075498324067,False,midday,5.271310650925546,0.4083621270982629,1.6722834865454106,-6.023467663658749,4.0,0.08003201280513221,120.0,10.571197011875379,5.849478979542815,0.30081465519888156,-14.468205236785412,2,-3.1259768677727173,-12.639511590193386,0.8635023225772491,7.986672118487633,0.005246038504807871,0.0,42.0,False
2019-12-30 12:10:00-05:00,40520,2019-12-30,long,12,recross,0.0,0.0,0.0,False,midday,5.0693728812856,0.1653335577177968,1.1068979934071856,3.7156586256201507,39.0,0.12499999999998046,155.0,-41.90822099601833,3.1214473703478136,1.6097274856964252,1.397135871462229,0,6.134648694924305,10.837809819996824,0.9569843147249292,7.536962705726263,-0.07312064407423868,0.0,30.0,False
2020-01-03 11:55:00-05:00,40751,2020-01-03,long,17,recross,0.523049027130316,0.523049027130316,0.523049027130316,False,midday,6.425109379784763,-1.3087500071253615,1.0312275424819786,2.4562468283792427,28.0,0.1052631578947381,140.0,50.46964811439779,10.513345911523656,1.1906616132772336,-114.33719076987082,4,16.73433964603399,16.084291009115237,0.9640956565687996,6.47860391447007,-0.27895158057380964,0.0,26.0,False
2020-01-03 13:25:00-05:00,40769,2020-01-03,long,2,recross,-11.783972125434568,-11.783972125434568,-8.013937282228618,True,midday,4.951991280426809,0.3417365159554864,1.3372043211111546,3.264219317245626,1.0,0.1052631578947381,230.0,56.427870461236985,13.376742139176983,1.3360330893169237,-114.33719076987082,4,-1.9077655643684466,-8.17578305188138,0.9706189459026979,6.47860391447007,-0.27895158057380964,0.0,26.0,True
2020-01-03 13:35:00-05:00,40771,2020-01-03,short,14,recross,-2.4421728360601884,-2.4421728360601884,-2.4421728360601884,False,midday,5.977184403207659,1.4404377501999308,1.9260401637276392,-7.0714514285947985,2.0,0.06060606060605309,240.0,-46.61432777232525,-3.327371345463988,1.3360330893169237,114.33719076987082,4,11.593396401409217,13.940520446096283,0.9780442457092717,6.47860391447007,-0.27895158057380964,0.0,26.0,False
2020-01-03 14:45:00-05:00,40785,2020-01-03,long,7,recross,-6.486803191785428,-6.486803191785428,-6.8355560515585605,True,close,5.480802651036986,-0.6830791605810518,0.9927658582620341,2.875572544625939,14.0,0.12820512820512334,310.0,48.50343473994052,6.010994854776092,1.3360330893169237,-114.33719076987082,4,8.209799092273595,6.615790307400449,0.9745637239428996,6.47860391447007,-0.27895158057380964,0.0,26.0,True
2020-01-06 11:40:00-05:00,40826,2020-01-06,short,5,recross,-2.275312855517554,-2.275312855517554,-2.275312855517554,False,midday,5.9301020202816614,-0.9714852530029168,0.7378111400901541,-3.4300908935317977,5.0,0.16,125.0,-49.77486984663081,-20.516029572807934,1.193064051362398,68.12703070957082,0,3.101159833777123,2.0210167111078814,0.8506898917916408,7.165526905030002,0.6869229905599319,0.0,23.0,False
2020-01-06 12:15:00-05:00,40833,2020-01-06,short,4,recross,-4.348572008782235,-4.348572008782235,-4.348572008782235,False,midday,4.771871106436017,0.15638987479833322,1.3132850071233304,-2.5878302892550735,1.0,0.11173184357539998,160.0,-47.523568312930884,-16.666712311477028,1.193064051362398,68.12703070957082,0,1.2412530449490422,13.515402898820472,0.9070201077908017,7.165526905030002,0.6869229905599319,0.0,23.0,False
2020-01-07 11:45:00-05:00,40905,2020-01-07,short,39,recross,6.324226679852272,6.324226679852272,6.324226679852272,False,midday,5.8931055018322995,0.11078076639174128,0.8240794595983336,-2.9357547985120647,11.0,0.14388489208632058,130.0,2.759343346140682,0.3377675149998066,0.7831245195878593,23.695031012614354,1,11.593934053703014,8.764294643270887,0.8819100277667595,7.203296251718956,0.03776934668895393,0.0,22.0,False
2020-01-09 13:30:00-05:00,41082,2020-01-09,long,23,recross,3.284696770625382,3.284696770625382,3.284696770625382,False,midday,6.296875112577314,1.1410175977260613,1.2080900634823788,4.350939317435078,1.0,0.09090909090910312,235.0,8.652015919709292,2.942197124974999,0.8531313247435068,53.23220374364946,3,-0.9198785760267114,3.662165255207128,0.9014197359185686,6.809092269477889,-0.06270845946312864,0.0,20.0,True
2020-01-10 11:05:00-05:00,41131,2020-01-10,short,1,recross,-2.763098815320833,-2.763098815320833,-2.763098815320833,False,midday,5.368852283991538,-0.32438186464213103,0.7719269821038591,-3.5331121985629963,1.0,0.16666666666666036,90.0,14.139881362945516,3.1572782137216984,0.4812667085423337,-13.46824601996016,4,3.5140255454380043,3.412115284002759,0.6621678519052,6.962769437950716,0.15367716847282775,0.0,19.0,False
2020-01-10 11:10:00-05:00,41132,2020-01-10,long,2,recross,-6.631684330444375,-6.631684330444375,-6.213967618322574,True,midday,5.260646145301842,-0.332203432520207,0.9188516535823138,2.2127461568548696,1.0,0.14285714285715678,95.0,-11.380880121395506,-0.39001442563753125,0.4812667085423337,13.46824601996016,4,0.9167583424996018,3.039635389363582,0.6536332541820689,6.962769437950716,0.15367716847282775,0.0,19.0,False
2020-01-10 11:20:00-05:00,41134,2020-01-10,short,23,recross,9.3293251788134,9.3293251788134,9.3293251788134,False,midday,5.290344458665717,-0.07850782532582112,1.3713925649864096,-4.531068060141699,2.0,0.09523809523810452,105.0,17.5886329148845,6.5107651823456285,0.4812667085423337,-13.46824601996016,4,-3.6695003363718115,-7.7623906705537316,0.8612267287297022,6.962769437950716,0.15367716847282775,0.0,19.0,False
2020-01-15 14:05:00-05:00,41401,2020-01-15,long,11,recross,3.097360360671502,3.097360360671502,3.097360360671502,False,close,6.081497361899793,0.30172186237200194,0.9055002617623064,4.167722080433663,14.0,0.12499999999998046,270.0,53.28535344797829,-0.47827404516973077,1.5112038207520777,-9.333517699114417,2,-2.285470502195741,-5.445387303172344,0.908878323038159,7.044209090028362,0.08288551055613613,0.0,14.0,True
2020-01-15 15:00:00-05:00,41412,2020-01-15,short,11,eod,13.075043870212829,13.075043870212829,13.075043870212829,False,close,5.064493880976893,0.9850479868632531,1.6304401585134005,-4.9579768430738085,11.0,0.08333333333333018,325.0,-56.74544133420941,-2.3195766071174866,1.5112038207520777,9.333517699114417,2,12.018865054008732,12.91579806036447,0.9523097314172161,7.044209090028362,0.08288551055613613,0.0,14.0,True
2020-01-17 11:30:00-05:00,41526,2020-01-17,long,24,recross,-1.3650013650001238,-1.7061934823412854,-1.7061934823412854,False,midday,6.752442204581019,0.05711440450319305,1.111896955635629,3.4364630533143483,1.0,0.09090909090910312,115.0,-16.69449081803036,-8.196363643976394,0.5154477166294668,19.45790946951571,4,-8.293374347838611,-14.820137423091628,0.9733539614559776,7.170654907658645,0.41783915466410626,0.0,12.0,False
2020-01-21 11:20:00-05:00,41602,2020-01-21,long,24,recross,-1.9463224749013022,-1.9463224749013022,-1.9463224749013022,False,midday,6.562033537608735,-0.855668841491422,0.780635629364744,2.8960495081463193,21.0,0.13333333333335354,105.0,13.07960607304039,0.9766871528584932,0.6274116133889602,-27.62148337595916,1,13.885534894952922,18.82226404947618,0.8595335044485616,7.161739736520525,-0.008915171138119682,0.0,8.0,False
2020-01-21 13:20:00-05:00,41626,2020-01-21,short,31,eod,38.93841582129464,38.93841582129464,38.93841582129464,False,midday,4.935181739028097,1.5420376191015674,2.4695225687525517,-8.818479620488908,24.0,0.056038105912020804,225.0,-13.678019422786804,-0.35880991613744134,0.6650563101922636,27.62148337595916,1,9.036688957166916,10.331826049619908,0.9083237418496826,7.161739736520525,-0.008915171138119682,0.0,8.0,False
2020-01-22 11:05:00-05:00,41677,2020-01-22,short,22,recross,4.447181171318947,4.447181171318947,4.447181171318947,False,midday,5.9654851746800786,0.2067137548259348,1.2040806322424833,-3.4460807582755493,18.0,0.09523809523807875,90.0,4.102844638949827,18.79508296446648,0.4810297070734598,-20.55639303823567,2,17.275827361905584,16.444444444444485,0.9506087060239286,7.245392199195414,0.08365246267488846,0.0,7.0,False
2020-01-22 12:55:00-05:00,41699,2020-01-22,long,17,recross,-1.7108639863134771,-1.7108639863134771,-1.7108639863134771,False,midday,5.304492219796125,0.2345364894101083,0.5393828233860659,1.4295671464844872,22.0,0.23923444976079444,200.0,-9.915207877462406,-13.562838192765863,0.9076365675212053,20.55639303823567,2,11.002094919443373,15.598830689196319,0.863511557529139,7.245392199195414,0.08365246267488846,0.0,7.0,False
2020-01-22 14:20:00-05:00,41716,2020-01-22,short,15,eod,5.818928632552315,5.818928632552315,5.818928632552315,False,close,5.4329433301444645,-0.2522490906227155,1.3229011444192365,-5.454947525668821,17.0,0.09523809523810452,285.0,10.113512035012393,12.878715751687809,0.9076365675212053,-20.55639303823567,2,5.0991627620256,7.120288371679218,0.8075327384331823,7.245392199195414,0.08365246267488846,0.0,7.0,False
2020-01-23 13:20:00-05:00,41782,2020-01-23,long,31,eod,34.40919413667332,34.40919413667332,34.40919413667332,False,midday,4.742363388073937,-0.38378308395553695,1.3061169514896436,1.1506109529159332,66.0,0.1111111111111069,225.0,-5.15907136715313,10.142725025933089,0.8639180171591885,-36.66643821533798,3,-1.36151158041109,-6.2547469061347005,0.9594623835076921,7.242342723713953,-0.0030494754814611724,0.0,6.0,False
2020-01-28 15:05:00-05:00,42037,2020-01-28,short,3,recross,-0.6954586549823286,-0.6954586549823286,-0.6954586549823286,False,close,6.395685967918057,0.6784426618146213,1.4135049535402244,-4.740980970003051,64.0,0.07692307692307962,330.0,-48.214660051708314,-13.74817728682093,1.1939422112396914,-34.357032674239875,1,12.054811243019659,6.537421100090146,0.9443727660704426,9.988048845390516,1.8354313444028811,0.0,1.0,True
2020-01-28 15:20:00-05:00,42040,2020-01-28,long,4,recross,-7.578443846510819,-7.578443846510819,-7.926078885341337,True,close,5.894487287390058,-0.5011986805279989,1.1089008897052814,0.946417160278699,3.0,0.10638297872341095,345.0,48.91342324086287,14.016530368768338,1.1939422112396914,34.357032674239875,1,-3.053621595212608,2.7063599458720944,0.958753595326042,9.988048845390516,1.8354313444028811,0.0,1.0,True
2020-01-30 14:40:00-05:00,42188,2020-01-30,short,1,recross,-6.593871722084095,-6.593871722084095,-6.94367924049677,True,close,6.470341713144172,-0.5631996929604446,0.8564272219815967,-0.6438175799783536,6.0,0.12618296529968165,305.0,-11.901011585983934,2.8833598163464433,1.1533669534262612,56.38508927639151,3,3.0578029347527735,2.036429460345879,0.9599024493599634,10.407236448557358,-0.22717674463686066,0.0,32.0,True
2020-02-04 15:10:00-05:00,42428,2020-02-04,short,2,recross,-8.322929671244593,-8.670019074041962,-6.242413733308478,True,close,5.035624637154463,-0.956505408882105,0.8952098768515019,-2.9983213949699277,67.0,0.15384615384615924,335.0,-24.332591768631417,-0.546349848557786,0.6529831037204032,-131.36115513294658,1,12.274215056369275,5.270786664908211,0.9285361520660627,11.956055904432288,0.019244646798389553,0.0,27.0,True
2020-02-04 15:20:00-05:00,42430,2020-02-04,long,4,recross,-7.958018249048201,-7.958018249048201,-7.958018249048201,False,close,5.935238051951105,0.7700209326891514,1.7497756615918376,5.031920285194921,2.0,0.06673340006672676,345.0,31.28476084538297,7.411977695507863,0.6529831037204032,131.36115513294658,1,-2.7289266221963704,-3.5141664836380038,0.9371557533005095,11.956055904432288,0.019244646798389553,0.0,27.0,True
2020-02-06 13:40:00-05:00,42566,2020-02-06,short,1,recross,-3.78310214375754,-3.78310214375754,-3.78310214375754,False,midday,4.736389461077755,-0.46830000457711396,1.0792929477576272,-2.855564975693902,127.0,0.13333333333335354,245.0,20.066662131826916,-2.05299177222057,0.6916903028293827,-39.26656878478428,3,10.63208493688017,9.226151637738988,0.8946268710202334,13.475514789628281,0.4340998370377953,0.0,25.0,False
2020-02-06 13:45:00-05:00,42567,2020-02-06,long,18,recross,3.066021666554195,3.066021666554195,3.066021666554195,False,midday,4.570179230210008,-0.3775800648853016,0.8557973888131418,1.6628825401939835,1.0,0.17421602787456072,250.0,-17.00564587443031,5.102249362332097,0.6916903028293827,39.26656878478428,3,-6.588404408242043,-3.2622879512833602,0.8681838829104932,13.475514789628281,0.4340998370377953,0.0,25.0,False
2020-02-06 15:15:00-05:00,42585,2020-02-06,short,4,recross,-7.665315299968176,-7.665315299968176,-7.665315299968176,False,close,6.333807904125971,1.7312351813938927,1.7206774069753985,-5.845367928850784,18.0,0.06250000000000133,340.0,13.604516699543476,-6.68143158335968,0.6916903028293827,-39.26656878478428,3,8.277910254279597,3.2628556512670492,0.9486924021806047,13.475514789628281,0.4340998370377953,0.0,25.0,True
2020-02-11 12:50:00-05:00,42790,2020-02-11,short,1,recross,-5.287756285608077,-5.287756285608077,-4.093746801760466,True,midday,4.728157116794363,-0.6665971073075632,0.5771745216864067,-1.8294705636941941,6.0,0.2499999999998721,195.0,40.74401223033975,16.01604256049066,0.6872951829302512,-48.132723424592925,1,2.5290468468752714,1.2873326467555124,0.911152081938719,13.600792421361552,0.12120340178867828,0.0,20.0,False
2020-02-11 12:55:00-05:00,42791,2020-02-11,long,12,recross,-8.52340527087382,-8.52340527087382,-7.1017012716923515,True,midday,4.928566744403603,-0.2218538657596394,1.1643432399570823,3.0338519530367094,1.0,0.11883541295302842,200.0,-36.3512824868371,-11.514403334137375,0.6872951829302512,48.132723424592925,1,1.3269646961933113,4.291661302091576,0.9218627154840339,13.600792421361552,0.12120340178867828,0.0,20.0,False
2020-02-11 13:55:00-05:00,42803,2020-02-11,short,8,recross,-5.801255801254404,-5.801255801254404,-5.801255801254404,False,midday,5.162573832407431,0.8288541973897292,1.3880223963311082,-6.091608401449399,12.0,0.09523809523810452,260.0,43.82537795141907,18.30229598486728,0.6872951829302512,-48.132723424592925,1,17.54855596204696,33.003300330033404,0.8536274317180319,13.600792421361552,0.12120340178867828,0.0,20.0,False
2020-02-11 14:40:00-05:00,42812,2020-02-11,long,3,recross,-2.383713812477819,-2.383713812477819,-2.383713812477819,False,close,6.575712721582348,-0.26239018681369775,0.7437443692422642,2.456431824133091,9.0,0.13947001394701547,305.0,-38.64107355189447,-10.828889893818886,0.6997161802121117,48.132723424592925,1,4.266643784107682,3.012566706834807,0.8802960486455478,13.600792421361552,0.12120340178867828,0.0,20.0,True
2020-02-11 14:55:00-05:00,42815,2020-02-11,short,10,recross,4.946188876193093,4.946188876193093,4.946188876193093,False,close,6.11640792653327,-0.4593047950490776,0.8643871895286361,-2.544159361068914,3.0,0.12903225806453886,320.0,39.91846441311402,11.956000381117086,0.6997161802121117,-48.132723424592925,1,-3.8737745463235385,-9.000086125225959,0.9249000440560321,13.600792421361552,0.12120340178867828,0.0,20.0,True
2020-02-13 13:25:00-05:00,42953,2020-02-13,long,17,recross,4.74110196755878,4.74110196755878,4.74110196755878,False,midday,6.702529016186545,-0.18372872315446642,0.8592224880552497,1.3330762894787398,3.0,0.11764705882355773,230.0,27.583395611115286,12.21919115849628,0.7376419502275107,-45.31313404572,3,4.893238434164893,9.69038224219343,0.8958906963097946,13.528819688203402,0.08086216286948478,0.0,18.0,False
2020-02-13 14:55:00-05:00,42971,2020-02-13,long,2,recross,-13.871033222815083,-13.871033222815083,-7.104675553149048,True,close,5.379291968248334,0.3119407076339886,1.0693919891147299,3.645781730374786,1.0,0.1176470588235184,320.0,38.72545689245147,21.04448366009394,0.78247101902585,-45.31313404572,3,7.404774598660513,9.267208199155164,0.899199580984311,13.528819688203402,0.08086216286948478,0.0,18.0,True
2020-02-18 13:05:00-05:00,43105,2020-02-18,long,2,recross,-2.989511086814625,-2.989511086814625,-2.989511086814625,False,midday,5.226922299183348,0.41332752236208314,1.5689896630786944,5.003187185164492,42.0,0.08333333333333018,210.0,-17.13457274432854,-9.068007052073636,0.8664377963053838,-47.19223195491421,1,6.990926669641073,6.222658420469429,0.9199476611846333,13.30538286939717,-0.24928454311450032,0.0,13.0,True
2020-02-18 13:15:00-05:00,43107,2020-02-18,short,3,recross,-0.34175181982812974,-0.5980810143448564,-0.5980810143448564,False,midday,4.698677322619926,0.29727356717092057,0.5818292069871871,-2.33340964349086,2.0,0.25000000000004974,220.0,17.738359201773218,9.614712131475972,0.8664377963053838,47.19223195491421,1,-7.121608757734155,-11.529100303173667,0.9234195537799972,13.30538286939717,-0.24928454311450032,0.0,13.0,False
2020-02-18 14:20:00-05:00,43120,2020-02-18,long,18,recross,4.100461301896619,4.100461301896619,4.100461301896619,False,close,5.381712723402945,1.254426160514024,2.032008222576952,7.712307520612903,9.0,0.06250000000000133,285.0,-18.07948149411471,-9.210730134619121,0.8664377963053838,-47.19223195491421,1,9.77416763366934,11.615989067303989,0.9480584607642073,13.30538286939717,-0.24928454311450032,0.0,13.0,True
2020-02-20 10:35:00-05:00,43231,2020-02-20,long,3,recross,-3.9496108511646626,-4.4184623750952445,-5.777989259738152,True,open,5.567798445193843,-0.8849387357856857,0.7094540008294208,2.3828325891455506,2.0,0.17211703958693084,60.0,20.779397738111925,8.522013330207535,0.352147560459911,-18.021694039238763,3,-2.5110041062292865,-13.472051827279063,0.9204017595304821,13.367209437163288,0.029373519598991038,0.0,11.0,False
2020-02-20 10:50:00-05:00,43234,2020-02-20,short,29,recross,51.68986624286706,51.34482641368258,51.34482641368258,False,open,5.709210674869503,0.1414122296756597,1.0260874024235418,-3.5311244550934475,3.0,0.11607661056296685,75.0,-19.082981332606927,-5.103740767095942,0.3674915930005537,18.021694039238763,3,-9.755159973978689,-14.176893779094257,0.9169260252430959,13.367209437163288,0.029373519598991038,0.0,11.0,False
2020-06-01 14:25:00-04:00,48729,2020-06-01,short,3,recross,-7.061592781484317,-7.061592781484317,-9.41545704197872,True,close,6.770742561777476,0.3687123558618195,1.1585683065612198,-2.9543850943998677,56.0,0.09999999999999147,290.0,-46.49696587595582,-17.115666513585683,0.7195061915401274,14.951211835064347,0,10.297314525751222,11.573233800675764,0.8476857869830867,22.3698523790277,-0.3868035951950297,0.0,9.0,False
2020-07-17 12:45:00-04:00,51283,2020-07-17,short,6,recross,-6.745109795398592,-6.745109795398592,-7.4945664393310585,True,midday,6.645515506400881,-0.5311857984459163,0.9021394002012222,-3.432310446068449,9.0,0.12499999999998046,190.0,41.010523173372874,8.488289815257916,0.42439370333762777,-18.318441810909157,4,4.3552652045419915,-1.1580775911967933,0.8803893578856214,19.2326128984471,-0.040430828662010754,0.0,12.0,False
2020-07-17 14:35:00-04:00,51305,2020-07-17,short,4,recross,-3.746440881161617,-3.746440881161617,-3.746440881161617,False,close,6.073356734958799,-0.5882394173523435,0.9252280944355867,-2.864502507982486,6.0,0.13333333333335354,300.0,38.80886633330921,4.458667609152562,0.42439370333762777,-18.318441810909157,4,-0.310800310800996,4.3625174963157765,0.9276222585167649,19.2326128984471,-0.040430828662010754,0.0,12.0,False
2020-07-17 15:00:00-04:00,51310,2020-07-17,short,6,recross,-3.7467216185824608,-3.7467216185824608,-7.1187710753068885,True,close,6.143078315547514,0.4869192342831772,0.9147613791801162,-1.9262621923793333,1.0,0.13333333333335354,325.0,39.18202850959069,4.605334123948469,0.42439370333762777,-18.318441810909157,4,-7.769766285430357,-18.506380845897397,0.9362251376163844,19.2326128984471,-0.040430828662010754,0.0,12.0,True
2020-07-21 14:20:00-04:00,51458,2020-07-21,short,3,recross,-6.19965103760527,-6.19965103760527,-6.19965103760527,False,close,6.144022371367854,0.8445495759509978,1.6917016492221315,-5.261656247267645,57.0,0.07142857142856389,285.0,-21.203779480693147,9.06100966303815,0.4425963271643388,-76.4675013119432,1,6.73648110723124,-3.7584094411258206,0.8756783506049859,18.84235592501044,-0.39087482153941977,0.0,8.0,False
2020-07-21 14:45:00-04:00,51463,2020-07-21,long,4,recross,-3.523673522374231,-3.523673522374231,-3.523673522374231,False,close,5.641246692951803,0.366309067488487,0.8219596037655974,3.14919726520548,5.0,0.16,310.0,28.19730674800913,-1.9271109336571925,0.4425963271643388,76.4675013119432,1,-0.3064100992766772,-17.680429800502885,0.7850051250948882,18.84235592501044,-0.39087482153941977,0.0,8.0,True
2020-07-21 15:05:00-04:00,51467,2020-07-21,short,10,eod,52.3210508738738,52.3210508738738,52.3210508738738,False,close,5.250127098043155,-0.22534148355063,1.1306467571179375,-2.8515383942051216,4.0,0.12499999999998046,330.0,-26.783721449297943,3.360803477442376,0.4425963271643388,-76.4675013119432,1,-0.0,1.8804061677302197,0.689373525803573,18.84235592501044,-0.39087482153941977,0.0,8.0,True
2020-07-22 13:00:00-04:00,51520,2020-07-22,long,1,recross,-3.7158145065406782,-3.7158145065406782,-6.316884661116196,True,midday,6.17368069475171,-0.5360089311544343,0.782589307285697,1.79342367168136,1.0,0.15384615384615924,205.0,46.67313867522963,7.825098207779634,0.43011012510647684,-21.609538002980035,2,-3.242622726521427,-11.810071072129169,0.8979331193114768,18.774435330738726,-0.06792059427171537,0.0,7.0,False
2020-07-22 13:10:00-04:00,51522,2020-07-22,long,4,recross,-2.6009735072267373,-2.6009735072267373,-2.6009735072267373,False,midday,5.906037273957136,-0.6055396397033084,0.7488339039028594,0.7772287653584797,1.0,0.1680672268907165,215.0,46.67313867522963,7.712281758839434,0.43011012510647684,-21.609538002980035,2,-1.8417336853071564,-12.48770150609202,0.8839267855186033,18.774435330738726,-0.06792059427171537,0.0,7.0,False
2020-07-22 13:30:00-04:00,51526,2020-07-22,short,12,recross,1.896185692348992,1.896185692348992,1.896185692348992,False,midday,4.693792370037119,-1.1477846467340296,0.7047730322315577,-1.138370154449163,4.0,0.22471910112359894,235.0,-45.55298334702514,-6.337670972080667,0.43011012510647684,21.609538002980035,2,-0.058325129441705315,-1.1364066820696017,0.8666151057960562,18.774435330738726,-0.06792059427171537,0.0,7.0,False
2020-07-27 12:25:00-04:00,51747,2020-07-27,long,9,recross,-5.27088588531793,-5.27088588531793,-5.27088588531793,False,midday,6.790386835552972,-0.2812171320027401,0.8319230313230747,1.3434465816969094,1.0,0.13333333333335354,170.0,29.840598322881455,9.532191896466,0.5062186115404865,-0.7554011179929676,0,2.7958993476251415,10.093167701863415,0.8594418559291661,16.73193996865,0.08112833443401612,0.0,2.0,False
2020-07-27 13:10:00-04:00,51756,2020-07-27,short,1,recross,-4.260849909583124,-4.260849909583124,-4.260849909583124,False,midday,5.358592483170234,0.25973797316783553,1.4460538667355411,-5.62770425555496,9.0,0.09722897423430493,215.0,-27.196494674018677,-5.843357593297516,0.5062186115404865,0.7554011179929676,0,0.6204436171874939,-7.7441338186323705,0.7582397359693295,16.73193996865,0.08112833443401612,0.0,2.0,True
2020-07-27 13:20:00-04:00,51758,2020-07-27,short,3,recross,-5.598433342851962,-5.598433342851962,-5.975178520701716,True,midday,5.1067534575923865,0.5784876187278547,0.8748926685760973,-2.2766893891921214,1.0,0.16863406408092316,225.0,-26.871647654301167,-5.399502658581338,0.5062186115404865,0.7554011179929676,0,-3.4123340364811128,-16.225845176780496,0.7195845020917143,16.73193996865,0.08112833443401612,0.0,2.0,True
2020-07-27 13:45:00-04:00,51763,2020-07-27,short,15,recross,-0.0,-0.0,-0.0,False,midday,5.12854466086046,0.5502552453491214,1.4688846293684739,-3.9937491468720125,2.0,0.10000000000000568,250.0,-28.32968195210395,-6.4782932819109,0.5062186115404865,0.7554011179929676,0,-4.031382764289049,-4.291530220490447,0.7072526221091838,16.73193996865,0.08112833443401612,0.0,2.0,True
2020-07-29 11:50:00-04:00,51896,2020-07-29,short,6,recross,-4.91474802464918,-4.91474802464918,-4.91474802464918,False,midday,5.314896662406393,-1.5239021083318152,0.6401125400587838,-2.150262771169615,4.0,0.22222222222214363,135.0,-13.248041182483165,-8.534982112675669,0.2745108131524928,-8.334280410651605,2,-6.182762458266655,1.1837710008499869,0.729236520115106,13.476564594644097,-0.2164230529855029,1.0,0.0,False
2020-07-29 12:20:00-04:00,51902,2020-07-29,long,21,recross,1.511544420512431,1.133615477631105,1.133615477631105,False,midday,5.3069685511622335,0.9280572190130316,1.2817984387976993,3.710640104736285,6.0,0.1111111111111069,165.0,15.897649418979368,10.582658429231632,0.2745108131524928,8.334280410651605,2,-5.252100840336116,-23.904075259282287,0.7920747817385516,13.476564594644097,-0.2164230529855029,1.0,0.0,False
2020-08-04 13:10:00-04:00,52224,2020-08-04,long,8,recross,-3.1769762661177183,-3.1769762661177183,-3.1769762661177183,False,midday,5.6014616342138615,-0.004354648323540822,0.6675073191227026,0.45384087163616016,1.0,0.2000000000000682,215.0,43.56153066205896,8.967618808330894,0.621720023637092,-14.62426878656016,1,-4.255060482645234,2.9727620675545907,0.8153047487253098,12.742346969390866,-0.7866014708008553,0.0,23.0,False
2020-08-04 13:55:00-04:00,52233,2020-08-04,long,7,recross,-13.076290816706491,-13.076290816706491,-8.03257864454812,True,midday,5.401089295989573,0.1808770857574089,1.21061393871173,3.7447511372742213,1.0,0.11428571428570686,260.0,50.69660896015493,14.84018414053252,0.621720023637092,-14.62426878656016,1,2.1258503401377915,12.61361528473337,0.9013030178038112,12.742346969390866,-0.7866014708008553,0.0,23.0,False
2020-08-04 14:30:00-04:00,52240,2020-08-04,short,6,recross,-8.567120961011298,-8.567120961011298,-8.567120961011298,False,close,6.25593600152773,2.012505293998178,1.7878504688125425,-6.106471739506546,7.0,0.0668896321070283,295.0,-39.05516542115602,-2.0023922533822547,0.621720023637092,14.62426878656016,1,23.070151473757463,34.281478736218894,0.881595973207388,12.742346969390866,-0.7866014708008553,0.0,23.0,True
2020-08-13 11:55:00-04:00,52755,2020-08-13,long,1,recross,-4.289390906491441,-4.289390906491441,-4.289390906491441,False,midday,5.930871270847027,-1.1248049927882908,0.9644116312258161,2.783300802798202,6.0,0.12499999999998046,140.0,21.854399541416367,6.968823046254377,0.4584827495865654,-31.78457912217372,3,-2.6639040994536067,-2.9176848170975322,0.6427554547484893,11.017392237663437,0.5150692440049198,0.0,14.0,False
2020-08-13 12:05:00-04:00,52757,2020-08-13,long,3,recross,-4.289390906491441,-4.289390906491441,-4.289390906491441,False,midday,5.7552010195563135,-0.2316480960545544,0.8075601158167907,1.8649945676674093,1.0,0.15384615384615924,150.0,21.137861851532495,6.084314382312986,0.4584827495865654,-31.78457912217372,3,8.441693077809731,11.677979709510122,0.6980203408956398,11.017392237663437,0.5150692440049198,0.0,14.0,False
2020-08-13 12:20:00-04:00,52760,2020-08-13,short,4,recross,-5.006615885276485,-5.006615885276485,-5.006615885276485,False,midday,5.340343593478737,-0.41485742607757636,0.9374411467443204,-1.9269943177800997,3.0,0.14285714285709877,165.0,-18.98824878188495,-3.4387192343046156,0.4584827495865654,31.78457912217372,3,-4.589057318806766,-9.120426106308255,0.5848636189050151,11.017392237663437,0.5150692440049198,0.0,14.0,False
2020-08-13 12:40:00-04:00,52764,2020-08-13,long,9,recross,-9.650784573041491,-9.650784573041491,-6.791292847694209,True,midday,4.806162356611136,-0.07349177930499007,1.1157561822954511,0.8333537155152158,4.0,0.13333333333335354,185.0,21.496130696475447,5.734978383690021,0.4584827495865654,-31.78457912217372,3,-1.479333708098718,3.6452447781876174,0.6865469205943866,11.017392237663437,0.5150692440049198,0.0,14.0,False
2020-08-13 13:25:00-04:00,52773,2020-08-13,short,5,recross,-5.3631465605896205,-5.366726296958041,-5.366726296958041,False,midday,5.460790016314117,1.1305932582810678,1.8992393309094786,-6.180311449843423,9.0,0.06898930665747077,230.0,-14.334336486099492,2.2789231940882515,0.4584827495865654,31.78457912217372,3,17.44994232646291,48.10114784513209,0.8444320560474611,11.017392237663437,0.5150692440049198,0.0,14.0,False
2020-08-14 14:40:00-04:00,52866,2020-08-14,short,15,recross,6.973999499302356,6.973999499302356,6.973999499302356,False,close,5.790938511592045,1.0288954907976535,0.9880336494392927,-3.9897213730882513,49.0,0.12499999999998046,305.0,-49.59390498095291,-17.964616925784146,0.836261302516119,38.305946371674835,4,8.307135654547215,1.837694795648881,0.7446909306319163,10.921630891133109,-0.09576134653032753,0.0,13.0,True
2020-08-18 12:15:00-04:00,52993,2020-08-18,short,5,recross,-4.310344827584328,-4.310344827584328,-4.310344827584328,False,midday,5.398351945764561,0.05804521071801716,1.2639944986216953,-2.784383816455396,9.0,0.1052631578947381,160.0,23.289143676102977,-7.5880072528545135,0.8441087929244248,-6.094719105152401,1,-2.9559562518466365,-19.15085817524753,0.8533160941036821,10.727883767153667,-0.22816796806706385,0.0,9.0,False
2020-08-18 12:40:00-04:00,52998,2020-08-18,long,23,recross,0.07180297264341028,0.07180297264341028,0.07180297264341028,False,midday,4.853364590758245,-0.39908376079210317,1.0356874934108067,2.1991084231846543,5.0,0.14285714285715678,185.0,-20.78108204944611,9.669346888059318,0.8441087929244248,6.094719105152401,1,7.387706855792597,9.016156953260968,0.8035429877386199,10.727883767153667,-0.22816796806706385,0.0,9.0,False
2020-08-18 14:35:00-04:00,53021,2020-08-18,short,2,recross,-0.7179266278979757,-2.082271255324137,-2.082271255324137,False,close,4.5907009179566245,-0.11799771436825424,0.8600675722728228,-2.519230249873168,23.0,0.18181818181825324,300.0,17.914725904693658,-9.990749711670931,0.8441087929244248,-6.094719105152401,1,0.2951768109094033,-8.287392353980572,0.8672470702964025,10.727883767153667,-0.22816796806706385,0.0,9.0,True
2020-08-19 11:20:00-04:00,53060,2020-08-19,short,2,recross,-4.302308905779598,-4.302308905779598,-7.170514842965317,True,midday,6.687233074373533,-1.6651622860408208,0.8577539484278119,-2.1616416797393825,21.0,0.12499999999998046,105.0,-9.32969714367701,11.596516007605544,0.5001165685234857,-15.093797168116723,2,6.189213085765477,2.1568768423319007,0.282862440482414,10.727655913946794,-0.00022785320687290778,0.0,8.0,False
2020-08-19 11:30:00-04:00,53062,2020-08-19,long,6,recross,-6.2692555706817865,-6.2692555706817865,-6.2692555706817865,False,midday,6.49251226665511,-0.430047195096356,0.8003375556616985,2.2205253997522902,2.0,0.13793103448277594,115.0,13.276876704464064,-7.512851226628386,0.5001165685234857,15.093797168116723,2,6.0454143320543,5.249155101747505,0.5755011103729126,10.727655913946794,-0.00022785320687290778,0.0,8.0,False
2020-08-19 12:00:00-04:00,53068,2020-08-19,short,5,recross,-4.660500466049884,-4.660500466049884,-4.660500466049884,False,midday,5.962113344202801,-0.21744321637182207,0.9018179910321178,-2.9217228709306156,6.0,0.13333333333330302,145.0,-10.743505095449672,9.896057547545356,0.5001165685234857,-15.093797168116723,2,1.7228177641648301,-11.129460759675691,0.7772634154406175,10.727655913946794,-0.00022785320687290778,0.0,8.0,False
2020-08-19 13:45:00-04:00,53089,2020-08-19,long,5,recross,-19.714674887087053,-19.714674887087053,-7.885869954834414,True,midday,4.546256242276352,0.6327286351607446,1.4194255707628258,5.119700605065027,14.0,0.1111111111111069,250.0,9.2184584469633,-9.172974563224066,0.5001165685234857,15.093797168116723,2,3.2420643107644587,8.255267219410278,0.6756386642252415,10.727655913946794,-0.00022785320687290778,0.0,8.0,True
2020-08-20 13:10:00-04:00,53160,2020-08-20,short,3,recross,-5.047409597288328,-5.047409597288328,-5.047409597288328,False,midday,5.735023716743744,1.1546253316659545,1.2571988551747217,-5.276861451773428,15.0,0.10000000000000568,215.0,-48.90595565859896,-14.383733245148386,0.730643565840351,51.17854825920706,3,8.59246529681057,8.623787279914419,0.8638838073499726,10.853852724936152,0.12619681098935764,0.0,7.0,False
2020-08-20 13:25:00-04:00,53163,2020-08-20,long,6,recross,-1.0808084447156652,-1.0808084447156652,-1.0808084447156652,False,midday,5.159312335636657,-0.5757113811070873,1.1105607408477216,1.652320204200521,3.0,0.12578616352201905,230.0,52.890885378929845,18.077275211002647,0.730643565840351,-51.17854825920706,3,3.4092256610929184,13.848029829179875,0.8068034704195043,10.853852724936152,0.12619681098935764,0.0,7.0,False
2020-08-20 14:05:00-04:00,53171,2020-08-20,long,15,recross,0.0,0.0,0.0,False,close,5.594125173719506,0.07995612353856973,0.846878383224535,1.935821908300639,2.0,0.15209125475283225,270.0,55.42674974641257,18.988353924754374,0.7643655765714562,-51.17854825920706,3,-1.036607037080417,6.282647328079705,0.7139581684528562,10.853852724936152,0.12619681098935764,0.0,7.0,True
2020-08-24 14:55:00-04:00,53337,2020-08-24,short,2,recross,-8.169934640521502,-8.169934640523522,-8.169934640523522,False,close,6.526272053669358,1.118817289302143,1.6325620623022428,-5.624578765317722,1.0,0.06666666666667677,320.0,5.324435609826569,3.398486886006549,0.7440404850070107,-85.56188021336925,0,14.33670782374441,29.34417535796485,0.8601755212250729,9.04802321415097,-0.5707269823848797,0.0,3.0,True
2020-08-24 15:20:00-04:00,53342,2020-08-24,long,7,eod,31.223389156970356,31.223389156970356,31.223389156970356,False,close,5.956030814547355,-0.4884017749388585,0.9534864735832785,1.7356205273428529,5.0,0.12500000000002487,345.0,0.7099247479760687,2.696083705794406,0.7440404850070107,85.56188021336925,0,5.8601189604146064,13.84653570668748,0.904786700823739,9.04802321415097,-0.5707269823848797,0.0,3.0,True
2020-08-25 12:55:00-04:00,53391,2020-08-25,short,4,recross,-3.550379890647088,-3.550379890647088,-6.035645814100655,True,midday,5.924933204190304,-1.9237474417211526,0.7788615253820343,-1.4573570002224656,2.0,0.15384615384615924,200.0,84.18514607532609,22.67259455387668,1.2120594248948124,-31.77966101695036,1,-4.666900011667252,-4.92137583235186,0.9248672048860934,9.30887266025376,0.2608494461027906,0.0,2.0,False
2020-08-25 13:20:00-04:00,53396,2020-08-25,long,31,eod,21.287919105908205,21.287919105908205,-6.031577080005644,True,midday,5.293690325769583,0.09828446576858862,0.8714681860129483,2.4341146052490927,5.0,0.15384615384615924,225.0,-81.13340373108085,-19.12824239367523,1.2120594248948124,31.77966101695036,1,6.997084548105992,9.493337083785747,0.9170691153570549,9.30887266025376,0.2608494461027906,0.0,2.0,True
2020-08-31 14:45:00-04:00,53725,2020-08-31,long,4,recross,-6.667602470522099,-6.667602470522099,-6.667602470522099,False,close,6.53031149541687,1.124202852767266,1.7735435786210552,8.09398527416974,62.0,0.06060606060606353,310.0,-46.46125899531838,-0.2694528053924089,0.9600636878979123,-16.39172740906174,0,5.706459712393475,4.053917097395221,0.8276314728270101,7.96186733614089,-0.0877402202224884,0.0,16.0,True
2020-09-01 13:40:00-04:00,53790,2020-09-01,long,27,eod,33.283116701117216,33.283116701117216,33.283116701117216,False,midday,4.514487668893783,0.4465262053648864,1.4747091618619412,4.672018380537722,1.0,0.1052631578947381,245.0,58.50632643710457,16.801390269353632,0.9603692774770055,-18.6449025539989,1,7.694280584764623,20.425930886687205,0.46044139708288734,8.231918526342481,0.27005119020159096,0.0,15.0,True
2020-09-15 12:50:00-04:00,54482,2020-09-15,short,3,recross,-7.457121551080555,-8.167903689762356,-6.747398700237855,True,midday,5.6749444659724215,-1.3168748523327256,0.8133685966311204,-1.6496521785055975,5.0,0.15384615384615924,195.0,27.971532769182467,13.334499990373489,0.3806357886456348,-69.88269690162868,1,-3.162703525829702,-9.831259831258876,0.6425962692025091,21.40244793217662,0.5300014182409925,0.0,1.0,False
2020-09-15 13:05:00-04:00,54485,2020-09-15,long,5,recross,-4.612709789589307,-4.612709789589307,-4.612709789589307,False,midday,5.9393951019062134,0.2644506359337919,1.3744758364596115,1.9075783360010234,3.0,0.08695652173912356,210.0,-24.43083241865233,-9.390186458999015,0.3806357886456348,69.88269690162868,1,1.463571700377475,1.9653736890057338,0.5860570825802418,21.40244793217662,0.5300014182409925,0.0,1.0,False
2020-09-15 13:30:00-04:00,54490,2020-09-15,short,1,recross,-2.5385216218120323,-2.5385216218120323,-2.5385216218120323,False,midday,5.531526203050463,0.2571444186896752,0.898518554192145,-2.149148489607377,5.0,0.14285714285715678,235.0,26.55525262897001,10.698305209525936,0.3806357886456348,-69.88269690162868,1,5.268087099040697,-2.143622722401428,0.700303598154769,21.40244793217662,0.5300014182409925,0.0,1.0,True
2020-09-15 13:35:00-04:00,54491,2020-09-15,long,3,recross,-3.904170363798177,-3.904170363798177,-3.904170363798177,False,midday,5.41831419804241,0.06316513238685317,0.91713294973997,0.9535525285584896,1.0,0.14285714285709877,240.0,-24.82030945721141,-8.923017777270585,0.3806357886456348,69.88269690162868,1,-8.630904489533853,-4.4617361507715,0.5479506949250404,21.40244793217662,0.5300014182409925,0.0,1.0,True
2020-09-15 13:50:00-04:00,54494,2020-09-15,short,25,eod,34.452008504862455,34.452008504862455,34.452008504862455,False,midday,4.996754989484753,-0.4215592085576567,1.2783470480192758,-2.509455750670014,3.0,0.11117287381880361,255.0,27.971532769182467,11.944068075459079,0.3806357886456348,-69.88269690162868,1,2.9275718718879684,-2.5032138265945747,0.5954143119061021,21.40244793217662,0.5300014182409925,0.0,1.0,True
2020-09-16 13:30:00-04:00,54568,2020-09-16,short,3,recross,-2.7995223093561057,-2.7995223093561057,-2.7995223093561057,False,midday,6.3211327737222405,0.4230039767192473,1.4515771668073751,-3.7785113879454855,31.0,0.07722007722007289,235.0,-25.928820061091187,-12.273300317170994,0.521867254371889,-35.645540742853065,2,16.114854966305934,32.231345433592075,0.8834740955941418,21.450174222089267,0.047726289912645825,1.0,0.0,False
2020-09-16 13:45:00-04:00,54571,2020-09-16,long,17,recross,-1.4168319637298266,-1.4168319637298266,-1.4168319637298266,False,midday,6.409664769548303,0.0885319958260622,0.9948135573173993,1.4821194868688536,3.0,0.1111111111111069,250.0,26.639198692903314,12.162387745720652,0.521867254371889,35.645540742853065,2,-10.115522195508486,-19.51377867551618,0.8523345373567253,21.450174222089267,0.047726289912645825,1.0,0.0,False
2020-10-05 14:00:00-04:00,55588,2020-10-05,short,3,recross,-7.14081333828047,-7.14081333828047,-7.14081333828047,False,midday,6.620000339823787,1.9140733391957712,1.1862129398085197,-4.174813244606291,53.0,0.09095043201455391,265.0,-44.47792245058834,-2.9344731257491286,0.4448479443426749,-72.62085410795751,0,15.8106271056202,15.420767422614778,0.8452898022357412,21.491247095769456,-2.830041537342183,0.0,31.0,False
2020-10-05 14:15:00-04:00,55591,2020-10-05,long,20,eod,41.39752328610775,41.39752328610775,-6.420184861353095,True,close,6.613763075053547,-0.006237264770240003,0.7550143427892875,1.8905615742966475,3.0,0.1429592566118539,280.0,49.32027691093654,7.665734203977477,0.4448479443426749,72.62085410795751,0,-3.549140812162399,-6.033832561146424,0.8938783753648727,21.491247095769456,-2.830041537342183,0.0,31.0,False
2020-10-08 13:25:00-04:00,55815,2020-10-08,short,1,recross,-4.9347902714109795,-4.9347902714109795,-4.9347902714109795,True,midday,5.40757325688364,-1.0429186791694,0.6517669440212308,-0.8687048756003009,15.0,0.2000000000000682,230.0,27.766062139742854,4.923628739499346,0.45035054924662715,-57.619569443953324,3,12.816031690551233,26.968524892657662,0.9383616158917533,20.437051219829776,-0.2591172745566368,0.0,28.0,False
2020-10-08 13:30:00-04:00,55816,2020-10-08,long,7,recross,-6.343559578739098,-6.343559578739098,-8.735162551510466,True,midday,5.7893846061239875,-0.42808699075593903,1.2656436228031707,2.401352513948808,1.0,0.09615384615386004,235.0,-22.845494165611463,0.008137877048046334,0.45035054924662715,57.619569443953324,3,-5.826656955570941,-12.432950872081072,0.939415726183762,20.437051219829776,-0.2591172745566368,0.0,28.0,False
2020-10-09 14:20:00-04:00,55904,2020-10-09,short,5,recross,-4.953787984874348,-4.953787984874348,-4.953787984874348,False,close,5.888663011617779,0.15280825436833467,0.7727909290024616,-3.1412674437615706,10.0,0.15384615384615924,285.0,-2.100766779874734,3.4197339250142944,0.5779957035652653,-46.43146083224851,4,8.074283407346616,4.523300255970808,0.884602140575966,19.564307779071015,-0.8727434407587609,0.0,27.0,True
2020-10-23 14:00:00-04:00,56680,2020-10-23,long,22,eod,20.15701251856744,19.094091439483062,19.094091439483062,False,midday,6.230630563931347,-1.02475263615114,0.794850750577205,2.3760407584710563,4.0,0.14285714285715678,265.0,-61.873791527508914,-11.042330879920728,0.8384085180091889,26.08297204892352,4,-1.741452371277763,0.0,0.9438100374271058,16.800882290407895,0.02412793964301585,0.0,13.0,False
2020-11-18 12:10:00-05:00,58062,2020-11-18,short,45,eod,120.27491408934821,120.27491408934821,120.27491408934821,False,midday,6.117355396095272,-1.2395798014879746,0.901040049100954,-2.171680655327691,1.0,0.12135922330096069,155.0,7.185828877004512,8.165795762224041,0.2671546376153716,-29.834735677650308,2,-11.3281250000008,-45.164827633472626,0.7214536606561567,21.897460717111937,0.17852436819616813,0.0,28.0,False
2020-11-20 13:50:00-05:00,58238,2020-11-20,short,9,recross,-9.205591544493071,-9.205591544493071,-6.81895669962457,True,midday,6.264447200718775,-0.6737631475871595,0.8703090857051966,-0.8628673822374822,2.0,0.12499999999998046,255.0,26.169113648721513,3.705287110138545,0.39771861437114536,36.90786577726526,4,-3.3628278442132675,-4.10410752761825,0.9052047773110019,22.434735407286187,-0.026732315323283018,0.0,26.0,False
2020-11-20 14:35:00-05:00,58247,2020-11-20,long,1,recross,-6.130581383466163,-6.130581383466163,-6.130581383466163,False,close,6.697322896498127,0.8793974067023731,1.3223025974658094,4.5084329442737925,9.0,0.07692307692307962,300.0,-22.090810222948413,0.9040736328437728,0.39771861437114536,-36.90786577726526,4,5.318433876659867,8.51572518122845,0.8853252385629873,22.434735407286187,-0.026732315323283018,0.0,26.0,True
2020-11-25 13:05:00-05:00,58463,2020-11-25,long,2,recross,-8.693035541141159,-8.693035541141159,-7.021297937075113,True,midday,6.499901912372838,-0.6903575678199436,0.8747822875079853,1.5959849693932853,42.0,0.1176470588235184,210.0,-32.338723120519106,4.498479793658738,0.48451027940904584,-15.312406377951344,2,14.355519973496822,21.47991543340444,0.8852990211574545,21.797274002157316,0.37174481612245813,0.0,21.0,False
2020-11-25 13:15:00-05:00,58465,2020-11-25,short,8,recross,-5.353677307099249,-6.358130040491173,-5.297326238998662,True,midday,5.787208036160628,-0.834545258367533,0.5104819250483617,-1.9381928586662056,2.0,0.22650056625140583,220.0,35.34255709284805,-1.4421199845989572,0.48451027940904584,15.312406377951344,2,0.830092708393737,-8.787940242005465,0.8884410365451627,21.797274002157316,0.37174481612245813,0.0,21.0,False
2020-11-25 13:55:00-05:00,58473,2020-11-25,long,2,recross,-10.031431819702112,-10.031431819702112,-8.69390757707453,True,midday,5.6341731929569585,0.10780270510247547,1.3058031954464415,3.9552663835186834,8.0,0.09090909090907964,260.0,-30.671778629772163,6.165381508131177,0.48451027940904584,-15.312406377951344,2,8.830753097661681,9.125012673629751,0.7982234002740405,21.797274002157316,0.37174481612245813,0.0,21.0,True
2020-11-25 14:05:00-05:00,58475,2020-11-25,short,14,recross,-5.689995648825486,-6.024902932119655,-6.024902932119655,False,close,6.460052069375535,1.2531926207251134,1.50186744576419,-5.613453661150459,2.0,0.06898930665747077,270.0,38.33972328721378,1.6261239670616112,0.48451027940904584,15.312406377951344,2,-2.952457161777833,-3.0414653103982836,0.843035731628349,21.797274002157316,0.37174481612245813,0.0,21.0,True
2020-11-27 11:30:00-05:00,58522,2020-11-27,short,3,recross,-2.6987258803457475,-2.6987258803457475,-5.016219108449897,True,midday,6.309725131526335,-1.0197858515001963,0.5829595721565894,-1.413247817372131,23.0,0.18181818181815929,115.0,13.024312049157974,12.21059035155929,0.29334938677223277,-25.445292620864834,4,3.2974280061548455,5.002834939797918,0.8063634960177473,16.775763021387572,-5.021510980769744,0.0,19.0,False
2020-11-27 11:50:00-05:00,58526,2020-11-27,short,12,recross,-2.675585284280404,-2.675585284280404,-2.675585284280404,False,midday,6.775790898180609,-0.6871997350714123,0.7017246790076193,-0.8935248054924045,1.0,0.14064697609001156,135.0,12.3563986107402,10.188311242245062,0.38262963492031116,-25.445292620864834,4,6.1352391423863395,15.025041736226319,0.6453009582233249,16.775763021387572,-5.021510980769744,0.0,19.0,False
2020-12-02 12:35:00-05:00,58747,2020-12-02,short,3,recross,-7.377598926893709,-7.377598926893709,-5.499664654591898,True,midday,5.116078150691167,-0.42484725674697277,0.8125420043912303,-0.8253773837540237,1.0,0.16129032258068834,180.0,-40.05385392123856,-18.91140779465211,0.6331532426092554,44.56656502362309,2,3.140660631136827,16.2767374184114,0.8096811927865442,16.101543481107722,-0.014746814567654809,0.0,14.0,False
2020-12-02 12:50:00-05:00,58750,2020-12-02,long,3,recross,-6.365798907762849,-6.365798907762849,-6.365798907762849,False,midday,5.095507440111051,-0.020570710580115836,1.5126101952996711,1.8794704590576075,3.0,0.08695652173914505,195.0,44.09289801413672,22.091344458714204,0.6331532426092554,-44.56656502362309,2,1.7759077620826957,-3.953089998682824,0.7832191722367594,16.101543481107722,-0.014746814567654809,0.0,14.0,False
2020-12-02 13:45:00-05:00,58761,2020-12-02,short,7,recross,-9.357046795295195,-9.357046795295195,-8.686290752622305,True,midday,6.303793060735905,0.5903556826104053,1.164827766851536,-2.8667812228248053,1.0,0.09132420091322077,250.0,-38.70750589027187,-14.199305463333062,0.6694131199393,44.56656502362309,2,12.012667904335306,21.73125679101662,0.6949603948701929,16.101543481107722,-0.014746814567654809,0.0,14.0,False
2020-12-03 13:35:00-05:00,58837,2020-12-03,short,8,recross,-0.9985354812950858,-0.9985354812950858,-0.9985354812950858,False,midday,5.909506070107488,-0.3337770835578615,0.8166390746158865,-3.102854191931506,69.0,0.13793103448272184,240.0,-36.07455407842822,1.2045499209011281,0.4853500906838272,-7.353924321432358,3,2.860645688598229,-9.470549613916912,0.7740905673941962,15.461816193574004,-0.6397272875337183,0.0,13.0,False
2020-12-08 15:05:00-05:00,59089,2020-12-08,long,2,recross,-4.797035762728084,-4.797035762728084,-7.609091209844224,True,close,5.53685561614952,-0.836486778702815,1.135553079420775,2.0090518433224958,2.0,0.1052631578947381,330.0,72.73090896970156,22.97711166648661,0.9023960332044237,-36.531500116237346,1,-5.941903784892899,0.9762904142851525,0.8253405488448207,12.86858976089663,0.07126713476456459,0.0,8.0,True
2020-12-08 15:15:00-05:00,59091,2020-12-08,short,2,recross,-7.285250678851925,-7.285250678851925,-7.285250678851925,False,close,5.80900997155621,0.4585140082160635,1.5385984585509338,-3.792707165660225,2.0,0.07407407407407907,340.0,-69.33102229925616,-19.340563194400058,0.9023960332044237,36.531500116237346,1,-1.4616091208741189,-5.125709651256916,0.823790226140408,12.86858976089663,0.07126713476456459,0.0,8.0,True
2020-12-08 15:25:00-05:00,59093,2020-12-08,long,4,recross,-5.624669137110108,-5.624669137110108,-5.624669137110108,False,close,6.0567856192357405,1.0321188933925987,1.0927170132945174,4.450839279421345,2.0,0.09999999999997726,350.0,72.66424452518272,22.309841581763198,0.9023960332044237,-36.531500116237346,1,-2.0257130509937493,-3.0064214827785207,0.8143196783359485,12.86858976089663,0.07126713476456459,0.0,8.0,True
2020-12-16 11:55:00-05:00,59519,2020-12-16,short,33,recross,-12.24922200887256,-12.24922200887256,-7.614381248757245,True,midday,4.884631496268769,-0.7794311416196216,1.2875280359416952,-2.995907373272672,3.0,0.1052631578947381,140.0,14.212996628545211,4.889048488078173,0.29121955899079344,1.3219644391553844,2,-2.026068751266319,-15.90186278964234,0.8315311830851589,11.722058526594209,0.18321601282041122,1.0,0.0,False
2020-12-17 12:15:00-05:00,59601,2020-12-17,short,7,recross,-3.300547890948772,-3.300547890948772,-3.300547890948772,False,midday,6.0059756940577,-1.3798054844637653,0.714360040975371,-1.864091162879653,3.0,0.15384615384615924,160.0,7.140112757715902,9.99235188162484,0.2873496957108638,-35.62917852651122,3,2.691790040377784,-10.008717269880396,0.9040418418735129,11.508379031957212,-0.2136794946369971,0.0,41.0,False
2020-12-17 12:50:00-05:00,59608,2020-12-17,long,29,recross,4.107345219891817,4.107345219891817,4.107345219891817,False,midday,4.791744382156435,-0.41247529708104747,1.1740145042490726,1.806586085505181,7.0,0.11730205278592094,195.0,-4.501733909599651,-5.455168048230673,0.30508733124855525,35.62917852651122,3,6.596838902501734,14.703605753725313,0.9127796129450184,11.508379031957212,-0.2136794946369971,0.0,41.0,False
2020-12-17 15:25:00-05:00,59639,2020-12-17,long,2,recross,-7.908524730614304,-7.908524730614304,-7.908524730614304,True,close,5.123542167468056,0.6606066598802895,1.2863896553097853,6.1897776817368495,2.0,0.10000000000000568,350.0,7.700768262940581,5.975509316873844,0.30508733124855525,35.62917852651122,3,0.40312285841004325,0.3220508196188909,0.8058963980867475,11.508379031957212,-0.2136794946369971,0.0,41.0,True
2020-12-22 12:55:00-05:00,59843,2020-12-22,short,2,recross,-0.9967439696980768,-0.9967439696980768,-3.3125124592991013,True,midday,5.575378647221943,-1.4699268724122945,0.355740628541506,-0.6324105074724642,1.0,0.33500837520926385,200.0,27.829313543598428,-4.485201587292369,0.634945831183776,7.28332119446558,1,-11.986487959028125,-11.994294605808253,0.9045359796755453,10.772258374388123,-0.27835179241666097,0.0,36.0,False
2020-12-22 13:05:00-05:00,59845,2020-12-22,long,11,recross,-3.652664784989434,-3.652664784989434,-3.652664784989434,False,midday,6.1459070580055615,-0.3266089399256238,1.1891628716642828,1.2588810484718778,2.0,0.09090909090910312,210.0,-27.166710840180002,5.028578850516324,0.634945831183776,-7.28332119446558,1,5.44425087108058,10.041136267937567,0.8915820598662901,10.772258374388123,-0.27835179241666097,0.0,36.0,False
2020-12-22 14:05:00-05:00,59857,2020-12-22,short,22,eod,31.232348739078795,31.232348739078795,31.232348739078795,False,close,5.13754291617175,0.4003866517319432,0.9375991135459881,-1.4943420562822851,12.0,0.13793103448277594,270.0,27.166710840180002,-4.253924287743647,0.634945831183776,7.28332119446558,1,1.518485317686391,-0.0,0.8120480468317508,10.772258374388123,-0.27835179241666097,0.0,36.0,True
2020-12-23 14:55:00-05:00,59945,2020-12-23,short,12,eod,16.212281630492626,16.212281630492626,16.212281630492626,False,close,4.769100274502601,0.6889703994420948,1.248609507719274,-5.439651251815462,64.0,0.1111111111111069,320.0,-35.856573705178754,-6.2783694959133465,0.5857268904235012,-36.98890332900176,2,2.8451814819341337,3.551824346141874,0.827231000624533,10.728156259467546,-0.044102114920576696,0.0,35.0,True
2020-12-24 12:40:00-05:00,59996,2020-12-24,short,2,recross,-10.61359867329994,-10.61359867329994,-5.638474295189356,True,midday,6.5212913788228,-0.2522540027497051,0.6609977934984381,-0.8991684933336757,1.0,0.15384615384615924,185.0,2.4862427898974166,-0.8794044095989796,0.37268483662099516,-12.945198659011625,3,-8.831641734261542,0.16177826670737971,0.944633975007634,9.230663191594495,-1.4974930678730516,0.0,34.0,False
2020-12-24 12:50:00-05:00,59998,2020-12-24,long,10,eod,3.6445563580946803,3.6445563580946803,3.6445563580946803,False,midday,6.662369591479891,-0.4104908449878444,1.492015373268276,4.850317798158159,2.0,0.06666666666666414,195.0,4.640986541138578,7.704750114299132,0.37268483662099516,12.945198659011625,3,21.477312889106592,16.572320791947703,0.9563397677181559,9.230663191594495,-1.4974930678730516,0.0,34.0,False
2020-12-29 15:15:00-05:00,60156,2020-12-29,long,8,recross,-4.391321062889546,-4.391321062889546,-4.391321062889546,False,close,6.768127831016019,0.6988611417461321,1.1356378073684066,6.337879342359436,57.0,0.08572653236177125,340.0,-62.099335363258675,-13.998425688601062,1.175196442150383,47.039473684210755,1,16.57815995902423,17.44614104164821,0.9533084344507987,9.637934203260622,0.3708151739611516,0.0,29.0,True
2021-01-07 12:50:00-05:00,60595,2021-01-07,long,7,recross,-3.2194713628011304,-3.2194713628011304,-5.051350568235104,True,midday,6.155060232132038,-1.2107200351770695,0.6115369485898128,1.5930818283337018,6.0,0.171086398631328,195.0,27.444143096989723,4.159348019364445,0.9305570599366663,46.71078240560707,3,3.1708283789133596,9.079035392309809,0.8335633648736723,10.188370069529933,0.16520949520336892,0.0,20.0,False
2021-01-07 14:35:00-05:00,60616,2021-01-07,long,16,eod,11.589350674436263,11.589350674436263,11.589350674436263,False,close,5.529475825511034,-0.802162049567638,0.5822755678240619,2.094341485401479,1.0,0.19999999999995452,300.0,28.089887640447746,3.9478022679644034,0.9305570599366663,46.71078240560707,3,-3.0337804861968465,-1.2707287629443176,0.9106415808219198,10.188370069529933,0.16520949520336892,0.0,20.0,True
2021-01-08 12:40:00-05:00,60671,2021-01-08,short,20,recross,20.312751894246404,20.312751894246404,-3.86909559890207,True,midday,6.0392867449856515,-1.7419596775857427,0.4270409705003528,-0.29440931719037877,2.0,0.25000000000004974,185.0,33.89558232931749,4.056576224333256,0.6686769430637586,-25.44611222057658,4,2.365308804204158,-0.7855953241353575,0.8197035956806634,11.354129789890843,1.16575972036091,0.0,19.0,False
2021-01-11 13:35:00-05:00,60760,2021-01-11,short,15,recross,2.577984016498585,2.577984016498585,2.577984016498585,False,midday,6.672587303955937,2.576793855168323,0.9173873232053704,-2.1776660346548837,27.0,0.1052631578947381,240.0,-61.56439430775738,-14.426529504321572,0.8240099903226694,81.98302469135838,0,16.82530943029836,19.888246993086113,0.9164331171236106,10.809707297907266,-0.5444224919835765,0.0,16.0,False
2021-01-13 12:05:00-05:00,60898,2021-01-13,short,5,recross,-9.339473768961401,-9.339473768961401,-6.441016392386353,True,midday,5.783394617694888,-0.13694893157759136,0.8909095059818746,-2.756304006590149,1.0,0.12499999999998046,150.0,3.862868179623517,3.5774422661945207,0.3613850557769267,2.5745824349126547,2,11.850213303838952,21.649126133813645,0.6621078489704214,11.163219751371283,-0.03579957216268248,0.0,14.0,False
2021-01-13 12:30:00-05:00,60903,2021-01-13,long,29,recross,8.365239213667222,8.365239213667222,8.365239213667222,False,midday,6.771718061835418,1.2502908083098392,1.9956454479992567,7.3842109699932905,5.0,0.04761904761904581,175.0,4.5066795428953235,5.203468975592991,0.3613850557769267,-2.5745824349126547,2,9.67333702444062,6.176260986618942,0.8332624970317822,11.163219751371283,-0.03579957216268248,0.0,14.0,False
2021-01-13 14:55:00-05:00,60932,2021-01-13,short,11,recross,-0.26681951459946024,-0.32147105153151717,-0.32147105153151717,False,close,4.897612978195278,-0.07466648973248002,0.6451482906957205,-0.5215753619202133,29.0,0.20345879959309332,320.0,-14.704651537101043,-7.6008602785431725,0.5325674506186373,2.5745824349126547,2,10.505029282767975,7.894155167513794,0.7681163213601608,11.163219751371283,-0.03579957216268248,0.0,14.0,True
2021-01-14 12:40:00-05:00,60983,2021-01-14,short,3,recross,-7.382442625580528,-7.382442625580528,-7.382442625580528,True,midday,5.1586010798333986,0.4519046471485373,1.1818855652604305,-2.2729998730844443,37.0,0.1052631578947381,185.0,-1.444205526493659,6.375096744075759,0.3229195152372125,-30.904935131828207,3,6.177058143203018,10.316943071734253,0.7726538098356193,10.91621689033279,-0.247002861038494,0.0,13.0,False
2021-01-14 12:55:00-05:00,60986,2021-01-14,long,4,recross,-3.7906703329055724,-3.7906703329055724,-3.7906703329055724,False,midday,5.853438318525035,0.6948372386916368,1.140764703597214,3.6194534444304907,3.0,0.0960614793467665,200.0,6.681857569242706,-0.8561320261649099,0.3229195152372125,30.904935131828207,3,3.417545151029877,-1.2683050257766837,0.6950931921933418,10.91621689033279,-0.247002861038494,0.0,13.0,False
2021-01-14 13:15:00-05:00,60990,2021-01-14,short,5,recross,-4.812628336754917,-4.812628336754917,-4.812628336754917,False,midday,5.150713799530009,-0.686221692810828,1.1211617788097534,-4.514446940268918,4.0,0.1111111111111069,220.0,-3.5302801758725777,3.9879854959944865,0.3229195152372125,-30.904935131828207,3,-9.704574750744044,-13.6235465576795,0.7150112768793181,10.91621689033279,-0.247002861038494,0.0,13.0,False
2021-01-14 13:40:00-05:00,60995,2021-01-14,long,2,recross,-5.451338784670806,-5.451338784670806,-5.451338784670806,False,midday,5.9669711841502115,-0.5293235726884769,1.074875491163202,5.364721218608558,5.0,0.10000000000000568,245.0,7.702429474630415,0.9009447547380263,0.3229195152372125,30.904935131828207,3,0.9487543853614611,-9.017275200912112,0.7405513866154265,10.91621689033279,-0.247002861038494,0.0,13.0,False
2021-01-14 13:50:00-05:00,60997,2021-01-14,short,25,eod,52.10739771035549,52.10739771035549,52.10739771035549,False,midday,5.206669574268328,-0.6315551147097498,0.8380392939040847,-2.044019690336974,2.0,0.14705882352944719,255.0,-3.0167848775650996,3.7322655888105416,0.3229195152372125,-30.904935131828207,3,-6.574103292311673,-2.1535888925483526,0.8135751280904474,10.91621689033279,-0.247002861038494,0.0,13.0,False
2021-01-15 14:30:00-05:00,61083,2021-01-15,long,8,recross,-8.418598627120545,-8.418598627120545,-6.475845097783053,True,close,6.634068360007163,-1.2650382556817918,0.7809704861869728,1.1715856825591757,2.0,0.12500000000002487,295.0,25.32138683287796,29.90187317253695,1.1003584655433314,-64.82825350749849,4,-11.27335906311755,-23.61293899831418,0.9345904985860625,10.177816110307651,-0.7384007800251382,0.0,12.0,True
2021-01-19 14:40:00-05:00,61163,2021-01-19,short,2,recross,-0.6462453147208804,-0.6462453147208804,-0.6462453147208804,False,close,5.4601688119301555,0.5389021844350319,1.005947190479621,-1.586261127897835,35.0,0.1176470588235184,305.0,27.54865317695638,0.787228237848716,0.7059467768911248,-72.69894846163862,1,11.260230548538752,8.964798078744396,0.8458938905570388,10.615805471058199,0.4379893607505476,0.0,8.0,True
2021-01-19 14:55:00-05:00,61166,2021-01-19,short,8,recross,-4.525471942073518,-4.525471942073518,-4.525471942073518,False,close,6.3153113179027205,0.855142505972565,0.8188775142868017,-2.749594609518276,1.0,0.12499999999998046,320.0,31.254027580874702,4.412449003752952,0.7059467768911248,-72.69894846163862,1,1.5834894829902524,-5.531760206096692,0.8589856997817561,10.615805471058199,0.4379893607505476,0.0,8.0,True
2021-01-20 14:20:00-05:00,61237,2021-01-20,long,17,eod,22.631697216782257,22.631697216782257,22.631697216782257,False,close,6.422946721111805,0.9891141452327332,1.0999065968000772,2.8535857252404924,1.0,0.09090909090907964,285.0,31.892274982282363,13.329658050682568,0.6554909074462333,36.21079857743306,2,-3.125976867771607,3.8633905115137424,0.9050478063721141,10.781151879031803,0.16534640797360467,0.0,7.0,False
2021-01-21 11:30:00-05:00,61281,2021-01-21,short,21,recross,1.699464187800325,0.9620318111843483,0.9620318111843483,False,midday,6.440431099745909,-1.1718540081832982,0.7069386119967832,-2.313318039887484,1.0,0.14084507042253927,115.0,4.070382359540065,5.556690232705968,0.4364432384361817,-7.697982487090134,3,12.212233019800456,8.888071594947977,0.7117371497142961,11.139187398075393,0.35803551904358955,0.0,6.0,False
2021-01-21 13:15:00-05:00,61302,2021-01-21,long,32,eod,13.78779619713364,13.78779619713364,13.78779619713364,False,midday,5.672066209047717,0.2663219960146348,1.1687164199407956,3.3896892904415594,21.0,0.0967585873246194,220.0,-6.410050959904767,-1.9650241538195103,0.4918211683765904,7.697982487090134,3,8.049509303060809,13.215723637705068,0.8258917873963965,11.139187398075393,0.35803551904358955,0.0,6.0,False
2021-01-22 11:50:00-05:00,61363,2021-01-22,long,16,recross,-1.9319938176198568,-1.9319938176198568,-1.9319938176198568,False,midday,6.721585803994858,-1.0904184741364125,0.8700146156955089,2.418754075871277,28.0,0.11013215859030649,135.0,22.268839761174686,22.76063161040132,0.5056131780229286,-64.1333974667308,4,15.412748171368396,6.455083708702958,0.879527195167545,10.97706016740689,-0.16212723066850288,0.0,5.0,False
2021-01-22 13:10:00-05:00,61379,2021-01-22,short,2,recross,-7.30733309716275,-7.629629629629354,-7.629629629629354,False,midday,4.927913105299249,0.28472928522510976,1.2414951911155685,-4.016660466348483,16.0,0.10526315789470661,215.0,-22.914313377440035,-18.761444864574276,0.6729885748856724,64.1333974667308,4,12.174170160428321,13.202333435676783,0.9136880655829465,10.97706016740689,-0.16212723066850288,0.0,5.0,False
2021-01-22 13:20:00-05:00,61381,2021-01-22,long,8,recross,-3.8585324897115822,-3.8585324897115822,-3.8585324897115822,False,midday,5.095961003406326,0.6291531657379297,1.0730995379016677,2.0450544651110434,2.0,0.11771630370807454,225.0,27.109891883168462,22.58989213021219,0.6729885748856724,-64.1333974667308,4,-8.946586376789023,-7.399447344181853,0.8983360887549259,10.97706016740689,-0.16212723066850288,0.0,5.0,True
2021-01-22 14:00:00-05:00,61389,2021-01-22,short,5,recross,-4.18558227888842,-4.18558227888842,-4.18558227888842,False,midday,4.786128128388874,0.49848868564945104,1.6480346173934954,-4.461418455120771,8.0,0.08163265306122297,265.0,-24.52799741810524,-18.53100055153123,0.6729885748856724,64.1333974667308,4,7.014542790013678,6.446463654223855,0.9082432442882399,10.97706016740689,-0.16212723066850288,0.0,5.0,True
2021-01-22 14:30:00-05:00,61395,2021-01-22,short,6,recross,-3.2203007760913884,-3.2203007760913884,-3.2203007760913884,False,close,4.587575330086384,0.2632270500852547,1.1932575176920748,-3.737319001365094,1.0,0.1176470588235184,295.0,-22.59157656930736,-15.559478241910425,0.6729885748856724,64.1333974667308,4,-0.3913690087942179,-6.142506142505777,0.9249028224070129,10.97706016740689,-0.16212723066850288,0.0,5.0,True
2021-01-22 15:25:00-05:00,61406,2021-01-22,long,6,recross,-6.357074458240166,-6.357074458240166,-6.357074458240166,False,close,5.864298139978049,2.1796110971644027,1.2487730465727052,5.641017138924596,2.0,0.08791208791208001,350.0,26.060997256737277,17.625643754529627,0.6729885748856724,-64.1333974667308,4,-2.215099158263678,-3.374401319602427,0.9267740407096707,10.97706016740689,-0.16212723066850288,0.0,5.0,True
2021-01-25 14:55:00-05:00,61478,2021-01-25,short,1,recross,-0.32383419689089715,-0.32383419689089715,-0.32383419689089715,False,close,6.4708279259963835,-1.648170454214469,0.7506301239241403,-0.9086207300190026,26.0,0.13333333333330302,320.0,3.560677176059743,-29.650750579946067,1.3655619933712504,32.26535024037686,0,0.5215939912373013,-1.8328445747806121,0.870187862566239,11.068142304237854,0.09108213683096444,0.0,2.0,True
2021-01-26 12:45:00-05:00,61530,2021-01-26,short,2,recross,-3.5536602700767848,-3.876845540012424,-3.876845540012424,False,midday,5.655333266609894,-0.8276239945102386,1.1480613566251214,-3.5858323008793676,3.0,0.09950248756217825,190.0,30.91711212726255,20.868182333451596,0.6265288593390741,-28.418265194083684,1,0.9116720064605843,11.778305043499415,0.9212330720312686,11.077399140817219,0.009256836579364602,0.0,1.0,False
2021-01-26 13:05:00-05:00,61534,2021-01-26,long,17,recross,1.6143613586468866,1.6143613586468866,-7.103189978043732,True,midday,6.209745445206848,-0.05030983844398307,0.9359906823985147,2.426426752866398,1.0,0.1111111111111069,210.0,-27.371675146519696,-15.5614922125511,0.6290403325860217,28.418265194083684,1,1.562377939223758,-2.435682752320867,0.8220125082603856,11.077399140817219,0.009256836579364602,0.0,1.0,False
2021-01-26 14:35:00-05:00,61552,2021-01-26,long,2,recross,-8.065817067268915,-8.065817067268915,-6.452653653814765,True,close,6.068463848790873,1.4807678716710795,0.8508807317925595,1.6297921553364318,1.0,0.12499999999998046,300.0,-21.736330263412487,-8.840340390708194,0.6290403325860217,28.418265194083684,1,-2.9607571012035816,0.2735304576173547,0.8610613158497832,11.077399140817219,0.009256836579364602,0.0,1.0,True
2021-01-26 15:00:00-05:00,61557,2021-01-26,long,3,recross,-7.581547590254231,-7.581547590254231,-9.513213692576763,True,close,6.775067203449621,1.4431786118013896,1.213835460454803,7.908464020224578,2.0,0.07843137254902101,325.0,-14.97391640368493,-1.868493872193761,0.6290403325860217,28.418265194083684,1,1.6901335205488088,-4.254801847800582,0.9147636280951097,11.077399140817219,0.009256836579364602,0.0,1.0,True
2021-02-03 12:25:00-05:00,61994,2021-02-03,short,4,recross,-5.871990604815254,-5.871990604815254,-4.893325504011785,True,midday,6.054925538024013,-0.7328781986797939,0.5925705429198919,-1.764066510992592,1.0,0.18181818181815929,170.0,-16.335598536330373,-7.828300027591147,0.6054148302416805,24.443502916924682,2,4.703545951031396,-3.6915204678367175,0.8540014339475814,17.041656416059237,-0.13278234721809667,0.0,42.0,False
2021-02-03 12:45:00-05:00,61998,2021-02-03,long,38,eod,25.10146533878769,25.10146533878769,25.10146533878769,False,midday,6.493702680374968,0.9978770707004934,0.8785820265128225,2.6566653623900933,4.0,0.11428571428570686,190.0,21.399634082593753,12.6305159032123,0.6054148302416805,-24.443502916924682,2,6.796141882530193,7.003014340956071,0.8643645748976928,17.041656416059237,-0.13278234721809667,0.0,42.0,False
2021-02-05 13:55:00-05:00,62168,2021-02-05,short,6,recross,-5.1387461459393675,-5.1387461459393675,-5.1387461459393675,False,midday,4.978064060193224,-0.19775678226534055,1.1609771946371679,-2.0666559253012977,56.0,0.1111111111111069,260.0,29.13305160712079,9.146513114280248,0.5519443718922341,-55.049108337070486,4,9.792552506120433,18.07827894784286,0.8256625660251844,17.233756853627774,0.29115182619165836,0.0,40.0,False
2021-02-05 14:30:00-05:00,62175,2021-02-05,long,4,recross,-4.493660728612728,-4.493660728612728,-4.493660728612728,False,close,4.588567328466003,0.13824957059309728,1.1193268973429464,3.4238984896969598,7.0,0.12500000000002487,295.0,-26.892047637342547,-6.234118183831634,0.5519443718922341,55.049108337070486,4,6.191790717473555,12.6803936960318,0.8107646707856443,17.233756853627774,0.29115182619165836,0.0,40.0,True
2021-02-08 11:40:00-05:00,62219,2021-02-08,short,2,recross,-5.758710048949254,-5.758710048949254,-5.758710048949254,False,midday,6.763963417131271,0.09333682031112289,0.8986224627944772,-3.8726150452457304,26.0,0.1052631578947381,125.0,3.367495450043532,20.36508802118901,0.36891273033989286,-38.37239165328972,0,11.439000565522939,29.757431843457915,0.7250037029461924,16.55742242243561,-0.6763344311921635,0.0,37.0,False
2021-02-08 14:05:00-05:00,62248,2021-02-08,long,22,eod,20.58463693642901,20.58463693642901,20.58463693642901,False,close,4.895661412249272,1.6291624099267104,1.1500295683624286,4.454358614663398,3.0,0.1135718341851462,270.0,2.708707166369242,-9.732637667071412,0.4292802680318573,38.37239165328972,0,-7.064959087463851,-11.59948444063974,0.8455193301418851,16.55742242243561,-0.6763344311921635,0.0,37.0,True
2021-02-09 11:25:00-05:00,62294,2021-02-09,long,48,recross,23.615765118876947,23.615765118876947,23.615765118876947,False,midday,6.490316053572091,1.0926257014736098,1.08181997207782,4.69873372277258,1.0,0.09090909090910312,110.0,2.2313733001346576,6.36121138220395,0.3261923806318054,-17.84462430692761,1,-5.768565165558126,-17.20629600813872,0.8206414132513631,16.625666075594452,0.06824365315884151,0.0,36.0,False
2021-02-16 15:15:00-05:00,62652,2021-02-16,short,2,recross,-3.484541307653752,-3.484541307653752,-8.236188545362104,True,close,6.581224094457987,0.6871178957598145,1.0586658119497807,-2.8971403766365853,1.0,0.09090909090907964,340.0,18.019157209243296,2.8446187175056528,0.577856060239059,-42.22222222222172,1,6.156156156156278,7.291992202033137,0.9100776848829449,16.33056238841446,-0.06204291838755438,0.0,29.0,True
2021-02-18 13:20:00-05:00,62785,2021-02-18,long,31,eod,28.763030765320032,28.763030765320032,28.763030765320032,False,midday,6.6875637046932495,0.3427317479941081,1.5141867085753777,4.187288079873412,45.0,0.06279434850862857,225.0,-6.989674344718897,9.174239786740287,0.5781734274996705,-58.74735478980492,3,12.98250575215043,22.10883323743973,0.8012302618272771,15.877926828322575,-0.127542721781154,0.0,27.0,False
2021-02-19 15:25:00-05:00,62888,2021-02-19,short,1,recross,-5.0645307475997905,-5.0645307475997905,-5.0645307475997905,False,close,6.334716443131513,1.1492133995295513,0.398955571854576,-2.390279824135348,1.0,0.2509410288582103,350.0,7.92116853078166,7.029759120089495,0.5340519182237252,-2.2184192178485507,4,-2.8176229508192208,-2.4147298520982297,0.9635713162682884,15.35872689574728,-0.5191999325752956,0.0,26.0,True
2021-02-22 15:25:00-05:00,62966,2021-02-22,short,6,eod,13.45575431375689,13.45575431375689,13.45575431375689,False,close,5.652475635871146,0.6642192130971063,1.0640579380737312,-1.1772373129945635,50.0,0.1052631578947381,350.0,-95.87727708533079,-25.025057358499932,1.2928338082991646,62.249888839485365,0,23.013036435165503,43.07692307692235,0.9094158308975295,15.390965160875517,0.03223826512823713,0.0,23.0,True
2021-03-09 13:45:00-05:00,63804,2021-03-09,long,2,recross,-2.803301666406323,-2.803301666406323,-2.803301666406323,False,midday,6.415151945941556,-1.8735144248730347,0.48558019176378237,0.8056668499610495,5.0,0.2000000000000682,250.0,50.0907895560693,10.930685611297964,0.6973527319556803,36.44818701690521,1,10.39994864222793,19.021435079360494,0.853048454601063,17.080679861366015,-0.002400350115479455,0.0,8.0,False
2021-03-09 14:20:00-05:00,63811,2021-03-09,short,4,recross,-9.665450690612111,-9.665450690612111,-8.10650703083562,True,close,5.888578781253552,1.0456909462994242,1.1646754149200607,-4.599919168149498,1.0,0.09090909090907964,285.0,-42.57717112265846,-3.0077402858433664,0.6973527319556803,-36.44818701690521,1,16.558287480600285,28.428685823301826,0.8782965723391876,17.080679861366015,-0.002400350115479455,0.0,8.0,True
2021-03-09 14:45:00-05:00,63816,2021-03-09,short,14,eod,45.81437387022462,45.81437387022462,45.81437387022462,False,close,6.4832413058038245,0.7170772236944094,1.057485232449582,-2.9132836245528466,1.0,0.09090909090907964,310.0,-46.020912904638735,-6.214925979378472,0.6973527319556803,-36.44818701690521,1,-10.41908890142329,-22.718845251741282,0.8152132443515453,17.080679861366015,-0.002400350115479455,0.0,8.0,True
2021-03-11 14:45:00-05:00,63972,2021-03-11,short,14,eod,18.708213212292634,18.708213212292634,18.708213212292634,False,close,6.241110062014614,-0.1299245219264087,0.9925291195942169,-3.0747784505998936,62.0,0.0990099009900999,310.0,-42.70271934957482,-9.99851685746413,0.7622941168616392,-42.370260407002064,3,9.747205590086017,2.5073653858198597,0.8754139584199215,17.811779522376533,0.1537657569091344,0.0,6.0,True
2021-03-15 15:15:00-04:00,64134,2021-03-15,short,2,recross,-7.001735212640208,-7.001735212640208,-7.001735212640208,False,close,5.538159443986962,1.1574209277510885,1.4289585792026946,-4.031546065668259,36.0,0.07692307692307962,340.0,20.048602673146057,0.5200852448392261,0.7335174046668228,-26.80311890838193,0,7.4662752144971645,5.97771342231268,0.7049690241369246,18.177041148923966,-0.000897375170541892,0.0,2.0,True
2021-03-16 12:00:00-04:00,64173,2021-03-16,long,1,recross,-6.078288353999169,-6.078288353999169,-5.470459518598043,True,midday,5.9155916132072015,-0.5615757526608212,0.719361438739961,0.9507772602367837,13.0,0.14285714285715678,145.0,-26.07245717750534,-6.6486467221726855,0.34933343404207423,-5.454049631850134,1,-4.682366860927489,-19.14998764516951,0.40964891633591166,18.214411951480454,0.03737080255648806,0.0,1.0,False
2021-03-16 12:05:00-04:00,64174,2021-03-16,short,6,recross,-4.258425599220901,-4.258425599220901,-4.258425599220901,False,midday,6.316522478668768,0.22237092258982827,1.2518438288209974,-3.3319854667976188,1.0,0.0769230769230628,150.0,31.526451417312277,11.968588738601852,0.34933343404207423,5.454049631850134,1,2.7575612581520748,9.737850871769371,0.4211785141103066,18.214411951480454,0.03737080255648806,0.0,1.0,False
2021-03-16 13:25:00-04:00,64190,2021-03-16,short,7,recross,-1.5205425295731692,-1.5205425295731692,-1.5205425295731692,False,midday,6.359715358824751,-1.0024536607121446,1.1470129237157864,-3.7774147088262637,9.0,0.0833680700291867,230.0,29.71047445808756,7.363388778174446,0.3870992106952635,5.454049631850134,1,-2.6458026231224174,-13.3391239607894,0.8077974050389737,18.214411951480454,0.03737080255648806,0.0,1.0,False
2021-03-16 14:05:00-04:00,64198,2021-03-16,long,3,recross,-3.040345383234499,-3.040345383234499,-3.040345383234499,False,close,6.68275847514627,0.19338075096602036,1.364985461097271,4.294269521803059,8.0,0.06666666666666414,270.0,-29.40730635137266,-6.007421233680505,0.3870992106952635,-5.454049631850134,1,6.056018168054678,2.7968550918289203,0.9049931299983969,18.214411951480454,0.03737080255648806,0.0,1.0,True
2021-03-16 14:20:00-04:00,64201,2021-03-16,short,7,recross,-2.4333120418524827,-2.4333120418524827,-2.4333120418524827,False,close,6.451601918919425,-0.2311565562268445,0.989965189132085,-1.4931417562795488,3.0,0.09523809523810452,285.0,31.832651205093565,8.239090837718184,0.3870992106952635,5.454049631850134,1,1.766516933326967,6.657686049659217,0.8662838525852429,18.214411951480454,0.03737080255648806,0.0,1.0,False
2021-03-17 13:05:00-04:00,64264,2021-03-17,short,2,recross,-3.644314868803076,-3.644314868803076,-3.644314868803076,False,midday,5.3549889189320306,-0.6940127414539212,0.6804630740999336,-1.3396803998942346,23.0,0.16666666666666036,210.0,-3.3413322803078174,0.6441590852374639,0.42009419078177035,-11.251672545919128,2,3.55230773134374,7.258039067182809,0.694203757930105,18.219745951961848,0.005334000481393986,1.0,0.0,False
2021-03-17 13:25:00-04:00,64268,2021-03-17,short,3,recross,-34.634665046331044,-34.634665046331044,-8.20294698465517,True,midday,5.982156042270303,0.726784813066156,1.1674868350610348,-1.7493713805818416,1.0,0.08695652173914505,230.0,-3.3413322803078174,0.768035611976269,0.42009419078177035,-11.251672545919128,2,-7.361900893581019,-31.921618204806546,0.8416732779099271,18.219745951961848,0.005334000481393986,1.0,0.0,False
2021-03-19 14:45:00-04:00,64440,2021-03-19,long,2,recross,-5.804185122955274,-5.804185122955274,-5.507866198256653,True,close,6.002305109458399,-1.7563553170167774,0.7141478905864882,1.9559888017411993,2.0,0.14255167498221366,310.0,-23.64971958058945,26.799848321401225,0.7457217129693776,-38.560801578868634,4,13.829841725145897,14.672110232203384,0.8260813569166405,18.971993195321176,0.7274114646173366,0.0,40.0,False
2021-03-22 12:25:00-04:00,64490,2021-03-22,long,38,recross,17.137436117146688,17.137436117146688,17.137436117146688,False,midday,5.4501582565004645,-1.266647443439652,0.7862183976708823,0.4874769550732694,3.0,0.14285714285715678,170.0,35.939179849485974,13.902650883406066,0.4833669291302562,-13.803680981594743,0,8.28299819048306,34.50547382289226,0.7986090702817195,19.04450900690656,0.072515811585383,0.0,37.0,False
2021-03-30 13:30:00-04:00,64971,2021-03-30,short,2,recross,-3.9335532088715377,-3.9335532088715377,-4.541741051165002,True,midday,5.95291313173609,-0.9832076843310089,0.5595772243889046,-1.7951214922056309,1.0,0.18165304268848395,235.0,15.708071532142297,6.360110771339402,0.4467359434658229,18.392884064524555,1,-11.683429848623472,-28.113219602581285,0.8662263930841074,15.434677547374184,-2.066860740283337,0.0,29.0,False
2021-03-30 14:00:00-04:00,64977,2021-03-30,short,2,recross,-6.051620321340695,-6.051620321340695,-5.143877273138645,True,midday,5.573817501561231,-0.8062318278505352,0.7056770657577333,-1.3916679984253904,1.0,0.15384615384615924,265.0,16.010149830837044,6.3379374814406715,0.4467359434658229,18.392884064524555,1,0.5050506332293647,13.066896134109607,0.8819255200046153,15.434677547374184,-2.066860740283337,0.0,29.0,False
2021-03-30 14:10:00-04:00,64979,2021-03-30,long,6,recross,-6.651549508693191,-6.651549508693191,-6.651549508693191,False,close,6.637665337210899,0.6550110663350477,1.5489682035502623,5.562669241597511,2.0,0.0588235294117592,275.0,-10.572740454326448,-0.7622401261811343,0.4467359434658229,-18.392884064524555,1,-0.5073952862988396,-8.607498087221943,0.9138054504992015,15.434677547374184,-2.066860740283337,0.0,29.0,True
2021-03-30 14:40:00-04:00,64985,2021-03-30,short,2,recross,-4.23574972770139,-4.23574972770139,-4.23574972770139,False,close,6.236777949930951,-0.3784234267374096,1.18845236606608,-4.9418916437557385,6.0,0.08163265306122297,305.0,15.103914934751087,5.325883566639478,0.4467359434658229,18.392884064524555,1,-1.1415380322432611,-12.124306043008737,0.852576259571696,15.434677547374184,-2.066860740283337,0.0,29.0,True
2021-03-30 14:50:00-04:00,64987,2021-03-30,long,11,recross,-0.60483261257392,-0.60483261257392,-0.60483261257392,False,close,6.434560045622821,0.4957483956463733,0.7520482974907334,3.547435399892798,2.0,0.12500000000002487,315.0,-12.083131947801899,-2.1685462737162693,0.4467359434658229,-18.392884064524555,1,5.583460172500221,15.957616570390076,0.8829444649904199,15.434677547374184,-2.066860740283337,0.0,29.0,True
2021-03-31 11:50:00-04:00,65029,2021-03-31,long,5,recross,-5.969319210477921,-5.969319210477921,-5.969319210477921,False,midday,6.351428839348634,-0.09585349392944753,1.0399863342469624,4.070543564865112,8.0,0.09153318077802956,135.0,5.7471264367815404,0.8680699245383342,0.3585563285810156,-5.441683294030775,2,9.202531326424346,5.636272545090915,0.8410180942182572,15.166782305555934,-0.2678952418182501,0.0,28.0,False
2021-03-31 14:20:00-04:00,65059,2021-03-31,short,3,recross,-5.766963880911816,-5.766963880911816,-5.742783738852679,True,close,5.09512316176918,0.698264639003761,0.8896653595750263,-3.3657177711074056,21.0,0.13333333333335354,285.0,-9.37689050211743,-1.9596824924304317,0.3585563285810156,5.441683294030775,2,10.305468258956507,20.925075736282217,0.802662971073468,15.166782305555934,-0.2678952418182501,0.0,28.0,False
2021-03-31 14:35:00-04:00,65062,2021-03-31,long,3,recross,-10.117941980397758,-10.117941980397758,-7.399688911036039,True,close,5.132501447459643,0.037378285690462754,1.206474285280578,5.39350906554624,3.0,0.09756097560976368,300.0,13.914095583786434,6.359344140850758,0.3585563285810156,-5.441683294030775,2,6.543020358860119,11.268663724290917,0.8238877705412829,15.166782305555934,-0.2678952418182501,0.0,28.0,True
2021-04-05 14:55:00-04:00,65222,2021-04-05,short,5,recross,-8.355216042013986,-8.355216042013986,-8.056815469085159,True,close,5.12330208677227,0.7290603099705848,1.339387538207272,-3.860838902893107,66.0,0.08695652173912356,320.0,-36.98269150146774,-9.039805571824074,0.6214254731505966,-75.73243218779201,0,4.552277369029856,-0.9053050878149449,0.8458872561798362,13.478583548505013,-0.7327182244890693,0.0,23.0,True
2021-04-06 11:50:00-04:00,65263,2021-04-06,long,2,recross,-0.987794323912691,-0.987794323912691,-0.987794323912691,False,midday,4.835549554710002,-0.7004902685584113,0.8640989984274275,3.50172896451366,13.0,0.14285714285715678,135.0,10.965370940273646,2.73134643732777,0.31365090865182677,-15.214797136037916,1,8.849122462022407,4.513993379475778,0.5953951133802968,12.969162876426084,-0.509420672078928,0.0,22.0,False
2021-04-07 10:30:00-04:00,65325,2021-04-07,long,7,recross,-2.6867910002364046,-2.689778840407407,-2.689778840407407,False,open,6.7254233420372325,-1.2818583049586065,0.4439806649671862,0.6879264304397097,4.0,0.20020020020021825,55.0,12.7491470641045,-2.607596157758534,0.33230094205704813,-4.786120251272061,2,7.871304176709781,17.5052062898029,0.7725561996279229,12.718853634448365,-0.2503092419777193,0.0,21.0,False
2021-04-07 11:05:00-04:00,65332,2021-04-07,short,23,recross,8.96887799336337,8.96887799336337,8.96887799336337,False,midday,5.003646136506012,-0.18094208035500436,0.7766899018318346,-3.680974748399514,7.0,0.15384615384615924,90.0,-11.073202849105302,4.34019929236562,0.33230094205704813,4.786120251272061,2,0.9833325138886018,-6.682178004056016,0.7296553315042592,12.718853634448365,-0.2503092419777193,0.0,21.0,False
2021-04-07 13:00:00-04:00,65355,2021-04-07,long,2,recross,-3.889653521632322,-3.889653521632322,-4.188857638679,True,midday,6.09525013601127,-0.9727522241482882,0.49091016129582915,1.5898057206085525,23.0,0.2000000000000682,205.0,1.795654516071176,-2.06941516598782,0.558136533746294,-4.786120251272061,2,7.393350913078578,-3.5256797583071986,0.9535505465867505,12.718853634448365,-0.2503092419777193,0.0,21.0,False
2021-04-07 13:20:00-04:00,65359,2021-04-07,short,6,recross,-4.490883506482863,-4.490883506482863,-5.0896679740132305,True,midday,5.6247898425241285,-0.2682361466566485,0.6919131396942935,-2.9635613722844454,1.0,0.15384615384609196,225.0,3.292033279464106,6.979874600835435,0.558136533746294,4.786120251272061,2,0.2462508310963063,1.2084592145022999,0.9335422213777733,12.718853634448365,-0.2503092419777193,0.0,21.0,False
2021-04-07 13:50:00-04:00,65365,2021-04-07,long,10,recross,-2.6929176266411834,-2.6929176266411834,-2.6929176266411834,False,midday,4.511957224537512,-1.214534807797091,0.7959298764308622,1.6565406915463896,6.0,0.16666666666666036,255.0,0.2992757526782458,-3.133631355730057,0.558136533746294,-4.786120251272061,2,8.869179600887733,17.23408115135827,0.9234755755630042,12.718853634448365,-0.2503092419777193,0.0,21.0,True
2021-04-07 15:10:00-04:00,65381,2021-04-07,short,7,recross,-4.191616766466657,-4.191616766466657,-4.191616766466657,False,close,4.6775687219724125,0.9154132395273695,1.2396468119180222,-3.9389365836109036,1.0,0.10325245224572203,335.0,2.6934817741059134,5.806422185349323,0.558136533746294,4.786120251272061,2,4.227638277464196,6.019635635882148,0.7888983684867846,12.718853634448365,-0.2503092419777193,0.0,21.0,True
2021-04-08 10:40:00-04:00,65405,2021-04-08,long,13,recross,-5.6841979297552125,-5.6841979297552125,-5.6841979297552125,False,open,6.754944241260974,0.5319168663262452,1.3289022620489968,4.886133235039274,1.0,0.06666666666666414,65.0,-2.991325157045251,9.50727540312294,0.3377930851768373,-2.0934892484371557,3,13.63217684986262,12.723979462001545,0.03870045271292368,12.051979536089062,-0.6668740983593029,0.0,20.0,False
2021-04-08 11:50:00-04:00,65419,2021-04-08,long,23,recross,2.991772625281159,2.991772625281159,2.991772625281159,False,midday,5.427623994546006,0.6924281216354649,0.9922725246588832,3.107216866320691,1.0,0.1111111111111069,135.0,-2.40801675142175,5.9345264356219865,0.3576632666578289,-2.0934892484371557,3,1.7164435290073499,2.988107332815293,0.5222427506897415,12.051979536089062,-0.6668740983593029,0.0,20.0,False
2021-04-13 11:30:00-04:00,65649,2021-04-13,long,1,recross,-1.7827960184206044,-1.7827960184206044,-1.7827960184206044,False,midday,5.2624036834203185,-0.5742243151155231,0.9034664650672934,2.726360966836083,23.0,0.12500000000002487,115.0,-2.97062056263621,12.873753955303563,0.4636895420174088,-26.664296506976488,1,4.613106077160367,-3.243115749750336,0.38147713992642995,11.802852793363828,0.015077786384296132,0.0,15.0,False
2021-04-13 11:35:00-04:00,65650,2021-04-13,short,26,recross,12.527063956382054,12.527063956382054,12.527063956382054,False,midday,4.855294618928711,-0.7709893513883186,0.6641100493447514,-0.7059469619818728,1.0,0.18433179723493961,120.0,4.114309479250863,-11.425281272821582,0.4636895420174088,26.664296506976488,1,-3.633918514778234,4.662677945120874,0.4433799126404799,11.802852793363828,0.015077786384296132,0.0,15.0,False
2021-04-15 14:15:00-04:00,65838,2021-04-15,long,12,recross,0.5883391186674651,0.5883391186674651,0.5883391186674651,False,close,4.818671591100005,0.6237867712849434,0.8548711363934026,2.8000562302108634,1.0,0.14285714285709877,280.0,30.398725024349364,1.7984067438646143,0.5573440024899583,39.407407407406936,3,-5.535765861173214,-10.97855522213309,0.7799826865412591,11.812655286334087,0.09237399827035553,0.0,13.0,True
2021-04-15 15:25:00-04:00,65852,2021-04-15,short,3,recross,-5.8388730033347604,-5.8388730033347604,-5.8388730033347604,False,close,6.522200841824991,1.7056304736050327,1.3912979593871875,-6.030721389574758,1.0,0.06485084306095854,350.0,-30.398725024349364,-0.30173697809334826,0.5573440024899583,-39.407407407406936,3,8.185670261942057,11.107561641106045,0.8749522848884423,11.812655286334087,0.09237399827035553,0.0,13.0,True
2021-04-19 13:45:00-04:00,65988,2021-04-19,short,1,recross,-2.0568271971303242,-2.0568271971303242,-2.0568271971303242,False,midday,6.418599600576144,-0.2623297755777898,0.7323449041231626,-1.6873915398285106,1.0,0.12500000000002487,250.0,19.35256861365309,0.544503717099872,0.6401838793214899,26.028719328517134,0,0.24107422675445633,-2.955432084170706,0.9281345956752957,10.425004821465086,-1.771727404310555,0.0,9.0,False
2021-04-19 13:55:00-04:00,65990,2021-04-19,short,2,recross,-5.878549174063506,-5.878549174063506,-5.878549174063506,False,midday,6.02852606737038,-0.8173538852132918,1.0235473020169796,-1.2753795676679545,1.0,0.09523809523810452,260.0,20.818672296505873,1.986687810939292,0.6401838793214899,26.028719328517134,0,-0.24117888237640273,-3.7416625996433694,0.8974886960043037,10.425004821465086,-1.771727404310555,0.0,9.0,False
2021-04-19 14:15:00-04:00,65994,2021-04-19,long,5,recross,-4.993831149754982,-4.993831149756651,-6.168850243815861,True,close,5.765133719323249,-0.05569127908023219,0.866263438539461,3.0245064075695183,4.0,0.11764705882355773,280.0,-18.766127140512644,0.12798708413623353,0.6401838793214899,-26.028719328517134,0,-1.6876416413513784,-10.637040538943321,0.9332049211034953,10.425004821465086,-1.771727404310555,0.0,9.0,True
2021-04-19 15:15:00-04:00,66006,2021-04-19,short,5,recross,-2.3504524620984864,-2.3504524620984864,-2.3504524620984864,False,close,6.789127621512602,0.5938923198866881,1.7307873372384377,-5.838980235739989,6.0,0.05000000000000284,340.0,18.47290640394075,0.17679519521076298,0.6401838793214899,26.028719328517134,0,10.1204819277112,7.399414668755044,0.9436850151022458,10.425004821465086,-1.771727404310555,0.0,9.0,True
2021-04-20 15:25:00-04:00,66086,2021-04-20,long,6,eod,6.808964149324083,6.808964149324083,6.808964149324083,False,close,6.499471410670001,-1.266760071497104,0.6832696769414872,2.6506560770441183,70.0,0.13333333333335354,350.0,-48.025928108426506,-13.139870714169248,1.235808354911857,-40.203069519030564,1,27.109716708573206,31.494417577169198,0.9438422876165836,10.428400861885025,0.0033960404199397942,0.0,8.0,True
2021-04-26 11:05:00-04:00,66346,2021-04-26,long,5,recross,-5.571847507331311,-5.571847507331311,-5.571847507331311,False,midday,6.482817103463462,-0.39004029057814726,1.266675456705626,5.082673499534501,4.0,0.07142857142856389,90.0,-4.983145244026354,-1.9690210640882577,0.36452521603183197,21.1497224098925,0,5.025606662518722,11.167274009640238,0.9093663530380883,11.259315835884625,0.29506708366246137,0.0,2.0,False
2021-04-26 11:30:00-04:00,66351,2021-04-26,short,15,recross,0.5870611717735649,0.5870611717735649,0.5870611717735649,False,midday,5.120697887574095,-0.3902200221408698,0.8595455390929758,-1.717969252678266,5.0,0.13333333333330302,115.0,10.405979774291701,6.620296488390666,0.36452521603183197,-21.1497224098925,0,3.587915899250227,-3.2231550519568053,0.8861539582316876,11.259315835884625,0.29506708366246137,0.0,2.0,False
2021-04-30 13:25:00-04:00,66686,2021-04-30,long,6,recross,-12.39779201227851,-12.39779201227851,-9.445936771258859,True,midday,5.893530276478581,0.19421051525679456,1.4026253111530609,4.775280608251968,46.0,0.07142857142857839,230.0,-5.901097604154037,1.1696353656003209,0.7684212997846069,-50.78526346690038,4,2.6564776734905315,2.953162837400214,0.8730354519143522,10.15627598671266,0.0746262478378199,0.0,47.0,True
2021-04-30 15:00:00-04:00,66705,2021-04-30,short,5,recross,-7.6813991964072,-7.6813991964072,-7.6813991964072,False,close,6.776990299415201,0.852471001461212,1.525531538188321,-3.8361230625413967,6.0,0.05714285714285343,325.0,11.212085447893173,3.930469013520391,0.7684212997846069,50.78526346690038,4,4.43389895503743,4.1426246486164775,0.9315916028266369,10.15627598671266,0.0746262478378199,0.0,47.0,True
2021-05-06 14:10:00-04:00,67007,2021-05-06,long,4,recross,-10.47120418848042,-10.47120418848042,-6.10820244327873,True,close,5.300992578574753,0.0993058592606042,0.9329570536273056,1.5123801000414616,1.0,0.11764705882355773,275.0,23.619980754089823,12.325932870591435,1.0691152768504157,16.649141254819288,3,-5.7592628143599,-3.459378100921784,0.8306030889841359,9.497273127342313,0.006719391924505658,0.0,41.0,True
2021-05-10 13:25:00-04:00,67154,2021-05-10,long,3,recross,-7.419879569646726,-7.419879569646726,-7.1344995861974025,True,midday,5.0675390629491375,0.4155551398637938,1.1829588963385087,3.347471448752941,1.0,0.09523809523810452,230.0,30.063562961690756,1.4635660791597997,0.7788902962534151,40.82336706531785,0,3.1104707882456673,7.292616226068915,0.734900051829161,9.735705712552814,-0.0031623541776113484,0.0,37.0,True
2021-05-10 14:00:00-04:00,67161,2021-05-10,short,23,eod,59.12089795218899,59.12089795218899,59.12089795218899,False,midday,4.873045147003255,0.4355873070773706,1.2893419561385024,-4.760817109866608,7.0,0.09090909090907964,265.0,-25.482448605622928,3.2093903767576935,0.7788902962534151,-40.82336706531785,0,4.368819436834093,9.58043765872385,0.7860722562236055,9.735705712552814,-0.0031623541776113484,0.0,37.0,True
2021-05-17 13:10:00-04:00,67541,2021-05-17,short,1,recross,-3.498746282582207,-3.498746282582207,-3.498746282582207,False,midday,6.745576452965857,-0.7042275225788606,0.8643536777286218,-2.5248447498386497,9.0,0.10000000000000568,215.0,7.282896845049087,-1.797143559636521,0.9255578473654515,28.178015338136976,0,17.108021493457137,24.424176843406144,0.9114608145289516,14.610032700244293,1.0906406538820068,0.0,30.0,False
2021-05-18 12:45:00-04:00,67614,2021-05-18,long,6,recross,-3.7883203170531377,-3.7883203170531377,-4.98892644830231,True,midday,4.774907096076027,-0.9289684297854199,0.8009145186508473,0.942774029733684,33.0,0.15243902439026896,190.0,-23.26460581033563,-5.193734624739983,0.6256655039471242,5.23727777939442,1,10.843373493976127,16.56168382240031,0.8488242523773898,14.526677370626087,-0.08335532961820569,0.0,29.0,False
2021-05-18 13:15:00-04:00,67620,2021-05-18,short,1,recross,-3.7898664800868342,-3.7898664800868342,-3.7898664800868342,False,midday,5.0847353988876325,0.3058575031320432,0.6306371684608405,-1.343821671051444,6.0,0.18181818181825324,220.0,24.13702852822241,5.888084175791971,0.6256655039471242,-5.23727777939442,1,8.221416018573402,13.190588668364756,0.8663475279341663,14.526677370626087,-0.08335532961820569,0.0,29.0,False
2021-05-18 13:20:00-04:00,67621,2021-05-18,long,6,recross,-2.0399242313854926,-2.0399242313854926,-2.0399242313854926,False,midday,5.115886413276439,0.36188555725441773,1.0253990752870477,1.8515888804924856,1.0,0.1111111111111069,225.0,-21.519760374560416,-3.2451436840504915,0.6256655039471242,5.23727777939442,1,-7.221259387637513,-15.593348065499057,0.839127479576082,14.526677370626087,-0.08335532961820569,0.0,29.0,True
2021-05-18 14:00:00-04:00,67629,2021-05-18,short,19,recross,2.3324975217225763,2.3324975217225763,2.3324975217225763,False,midday,4.610996161190373,-0.07925708526088115,1.2013366324627315,-3.238961508671693,1.0,0.1052631578947381,265.0,25.30025881873977,6.941835813051792,0.6256655039471242,-5.23727777939442,1,11.79358813901965,24.548913710568108,0.7990916782601479,14.526677370626087,-0.08335532961820569,0.0,29.0,True
2021-05-21 14:10:00-04:00,67865,2021-05-21,long,3,recross,-3.795509620156943,-3.795509620156943,-3.795509620156943,False,close,5.753144198920614,0.44404448994957324,1.624277507836096,3.878833797625127,24.0,0.06250000000000133,275.0,6.136224176722658,-11.74469454892288,0.8164362193891215,22.550225502256154,4,7.095866357174074,4.573449600584478,0.9145954061543587,14.378949668736258,0.1594573386708351,0.0,26.0,True
2021-05-21 14:25:00-04:00,67868,2021-05-21,short,6,recross,-5.843852267414348,-5.843852267414348,-5.25946704067175,True,close,5.369948967759144,-0.38319523116147014,0.7615754172651766,-1.8123427137909829,3.0,0.14285714285715678,290.0,-2.9220115127243633,14.68532862170303,0.8164362193891215,-22.550225502256154,4,-1.4432791301821624,2.135253027483186,0.9177290594873079,14.378949668736258,0.1594573386708351,0.0,26.0,True
2021-05-24 12:35:00-04:00,67924,2021-05-24,long,38,recross,10.176489401912189,10.176489401912189,10.176489401912189,False,midday,5.162310063052102,0.635800563473027,1.182854053035185,4.21730751326556,1.0,0.09523809523807875,180.0,15.709001951247942,2.852751222131307,0.4221348346563609,39.18372024893684,0,-0.5796834546645258,-4.057282822665931,0.8374772622855803,13.858105597011521,-0.5208440717247367,0.0,23.0,False
2021-05-25 13:05:00-04:00,68008,2021-05-25,short,4,recross,-9.309632560439681,-9.309632560439681,-9.309632560439681,False,midday,6.526523506605907,0.7039295456209116,1.8273483394978687,-7.75095048624334,11.0,0.048780487804875074,210.0,26.11117558315058,11.372323166025925,0.5874010787707623,-21.515380589637992,1,16.098369649480972,19.385378315426305,0.9177213170351722,14.311447006809667,0.45334140979814563,0.0,22.0,False
2021-05-25 13:35:00-04:00,68014,2021-05-25,short,28,eod,30.237832180031994,30.237832180031994,30.237832180031994,False,midday,4.830921285201994,-0.840237984850317,0.5415851288278745,-1.0694051921848597,2.0,0.22222222222214363,240.0,20.018567947081284,5.0094806375311105,0.5874010787707623,-21.515380589637992,1,-11.344685663341458,-21.671733437678142,0.8864376562093597,14.311447006809667,0.45334140979814563,0.0,22.0,False
2021-05-26 11:40:00-04:00,68069,2021-05-26,long,17,recross,2.616947573719911,2.616947573719911,2.616947573719911,False,midday,6.109665732149335,-1.17166322515265,0.7147591290942633,1.323036695346083,1.0,0.13333333333335354,125.0,-2.0374898125507386,1.9676455248728462,0.4328938388639646,11.656370206317089,2,-5.249531717909095,-13.762565820968353,0.77381087438639,14.33402546663776,0.022578459828093145,0.0,21.0,False
2021-05-27 11:55:00-04:00,68150,2021-05-27,long,11,recross,-2.321936495036399,-2.321936495036399,-2.321936495036399,False,midday,5.805357289737565,-2.298512072171323,0.7000393657540182,1.624086371149751,5.0,0.14285714285715678,140.0,-24.613424451264432,-23.473076155526083,0.6837586421568608,60.88856518572396,3,6.908874329958348,0.5991432251883921,0.8706460049445834,14.346579875301565,0.01255440866380475,0.0,20.0,False
2021-05-27 14:40:00-04:00,68183,2021-05-27,short,4,recross,-10.171461784364018,-10.171461784364018,-8.137169427491214,True,close,4.744496501750515,1.3088837484874785,1.4698083758260572,-5.223804808295469,2.0,0.08333333333333018,305.0,34.16922453234349,27.226842458252037,0.6837586421568608,-60.88856518572396,3,-1.1925062904705186,-2.1015341199093207,0.8345715334470702,14.346579875301565,0.01255440866380475,0.0,20.0,True
2021-05-27 15:05:00-04:00,68188,2021-05-27,short,3,recross,-4.0671663471032,-4.0671663471032,-7.8438208122706925,True,close,5.014003785561717,0.40944096189203094,1.3323126633780296,-4.477644469883863,1.0,0.08695652173912356,330.0,30.115248740370756,22.165107264456445,0.6837586421568608,-60.88856518572396,3,-0.2384728200621744,6.2732620962902,0.8558378604825015,14.346579875301565,0.01255440866380475,0.0,20.0,True
2021-06-01 12:15:00-04:00,68310,2021-06-01,short,26,recross,8.082207597274355,8.082207597274355,8.082207597274355,False,midday,6.3742393967264395,0.3247790745700758,0.8149451179339068,-1.6000015093552165,15.0,0.1111111111111069,160.0,58.24580873190787,12.750195363362112,0.7556743922460538,-83.90521930332164,1,7.496162678628515,3.3045933848052655,0.918355861174792,13.974113503841451,-0.19085554444347963,0.0,15.0,False
2021-06-02 12:05:00-04:00,68386,2021-06-02,short,36,recross,6.925007934905188,6.925007934905188,6.925007934905188,False,midday,4.9249658728846395,0.16400309613800967,0.9956073551505097,-0.613828686837735,27.0,0.1176470588235184,150.0,1.3554434030288527,-1.248364443175592,0.48094120193218765,-23.124729007082276,2,4.394194912235028,2.9939223376540536,0.7605934399220053,13.965671600655211,-0.00844190318623994,0.0,14.0,False
2021-06-03 14:15:00-04:00,68490,2021-06-03,short,12,recross,1.1548344256148184,1.1548344256148184,1.1548344256148184,False,close,4.85764616398672,-0.26486460163906056,0.891430261759651,-1.8779042522580056,41.0,0.13333333333330302,280.0,-52.006933097007845,-16.61131427649867,1.0579343520618747,49.436936936937535,3,3.122839638609598,-0.907166616268551,0.8771941434248789,13.776442346501296,-0.1892292541539149,0.0,13.0,True
2021-06-03 15:20:00-04:00,68503,2021-06-03,short,2,recross,-6.066033103208629,-6.066033103208629,-6.066033103208629,False,close,5.086725039214821,0.13732381569147378,0.9653194365960018,-3.8679347867416567,1.0,0.1176470588235184,345.0,-46.490518644523455,-10.064153748993256,1.0579343520618747,49.436936936937535,3,3.5796105383745225,9.99484820362051,0.8037809016473516,13.776442346501296,-0.1892292541539149,0.0,13.0,True
2021-06-09 11:35:00-04:00,68770,2021-06-09,short,52,eod,44.16094210009898,44.16094210009898,44.16094210009898,False,midday,4.849960324226424,0.07804639964591864,1.368631121505981,-6.473474049864556,13.0,0.08695652173914505,120.0,1.0821339681859174,-4.7328303897172,0.3390523486854177,-6.858215420156262,2,4.967019322674737,8.882903149419752,0.8350724335925389,13.207760536273753,-0.4937359286193921,0.0,7.0,False
2021-06-10 12:00:00-04:00,68853,2021-06-10,long,2,recross,-5.250357079182667,-5.4900601017105215,-4.912159038371448,True,midday,5.955974173187185,-1.6511137965820604,0.5905397310112995,1.1908614155750357,1.0,0.16433853738705004,145.0,-15.582167075458678,-11.529701551932883,1.0098625311704599,50.171103764283345,3,5.197996408656813,5.011201509257379,0.9680918451999513,12.76070918242658,-0.4470513538471721,0.0,6.0,False
2021-06-10 12:10:00-04:00,68855,2021-06-10,short,5,recross,-9.255242227042464,-9.255242227042464,-9.255242227042464,False,midday,6.61344430059385,0.046287036339755616,1.4867098811561419,-4.0556258751479035,2.0,0.0588235294117592,155.0,21.64189871591401,17.216193673426435,1.0098625311704599,-50.171103764283345,3,-4.0173929482922865,-12.682121158498205,0.9584623932125996,12.76070918242658,-0.4470513538471721,0.0,6.0,False
2021-06-10 12:35:00-04:00,68860,2021-06-10,long,12,recross,-2.6003293750534513,-2.6003293750534513,-5.778509722340638,True,midday,5.807411313994031,-1.0372436108506475,0.7960876639755579,3.2345090288257694,5.0,0.12500000000002487,180.0,-13.562256528640233,-8.443732994626552,1.0098625311704599,50.171103764283345,3,4.72444664918692,1.0309582020084918,0.8956441283591884,12.76070918242658,-0.4470513538471721,0.0,6.0,False
2021-06-16 11:15:00-04:00,69156,2021-06-16,long,4,recross,-3.787327021121499,-3.787327021121499,-3.787327021121499,False,midday,5.364252768031805,0.30778580388001675,1.1373518971958494,4.54525751162317,20.0,0.09551098376312525,100.0,-5.532745115168391,7.395670105117635,0.3874358933392864,-0.8735150244576262,2,5.4229295608609895,-0.1458342447968608,0.6073332056339181,7.444033140070353,-0.03231065670293809,1.0,0.0,False
2021-06-22 13:25:00-04:00,69494,2021-06-22,long,30,eod,22.71185440816561,22.71185440816561,22.71185440816561,False,midday,4.712657106120391,0.5317722595804364,1.126696552222888,3.821320765995509,1.0,0.1111111111111069,230.0,7.380073800738008,12.461687543473543,0.9198476454025988,0.0,1,1.420790906938585,-5.7696745903523805,0.9037926509503887,9.908437639909534,1.3428514443821964,0.0,36.0,True
2021-06-23 12:20:00-04:00,69559,2021-06-23,short,9,recross,-3.83232120747584,-3.83232120747584,-3.83232120747584,False,midday,4.505789127829302,-0.26899370449394233,0.9812682308896775,-2.520815670195013,1.0,0.13333333333335354,165.0,7.952169175035544,4.288904004501384,0.4409461876056503,-1.7674610422112536,2,-0.23621675249385632,7.207463831309102,0.80264113062064,9.440188547195547,-0.46824909271398774,0.0,35.0,False
2021-06-23 13:10:00-04:00,69569,2021-06-23,long,6,recross,-3.5001007604753984,-3.5001007604753984,-3.5001007604753984,False,midday,4.710079409512325,-0.18768901548745553,1.2437662319824512,3.7945060226701557,10.0,0.10060362173037944,215.0,-5.266103142578476,-0.3950217958407954,0.505015291787673,1.7674610422112536,2,3.544758483788879,7.1627960516851275,0.8427714436386646,9.440188547195547,-0.46824909271398774,0.0,35.0,True
2021-06-29 11:50:00-04:00,69865,2021-06-29,short,3,recross,-4.075572763529049,-4.075572763529049,-4.075572763529049,False,midday,5.611625021585603,-0.008441077875533054,1.193093620711581,-2.4884847749013588,32.0,0.08695652173912356,135.0,13.082155939300117,15.068715173958434,0.4463098543356383,-33.83699900822663,1,5.955856592315678,-11.317338162064594,0.8342634035735919,9.641636729471355,0.0035637223666675766,0.0,29.0,False
2021-06-29 12:05:00-04:00,69868,2021-06-29,long,1,recross,-3.49151851959628,-3.49151851959628,-3.49151851959628,False,midday,5.00719871488276,-0.6044263067028428,0.7554740295490332,1.9795589135735412,3.0,0.15384615384615924,150.0,-9.30286644572339,-10.733694700062824,0.4611868494801455,33.83699900822663,1,-1.635399387893699,3.3922261484109484,0.8308952890926077,9.641636729471355,0.0035637223666675766,0.0,29.0,False
2021-06-29 12:10:00-04:00,69869,2021-06-29,short,24,recross,4.948765719609219,4.948765719609219,4.948765719609219,False,midday,4.996853723831884,-0.30813109357827173,0.990318686299263,-2.644196254879567,1.0,0.11764705882355773,155.0,12.791441362869868,14.088626388177984,0.4611868494801455,-33.83699900822663,1,0.9229834563972972,-2.9678203479410747,0.8243805327311858,9.641636729471355,0.0035637223666675766,0.0,29.0,False
2021-07-07 13:25:00-04:00,70274,2021-07-07,short,3,recross,-3.7568996907781247,-3.7568996907781247,-3.7568996907781247,False,midday,5.265256900211228,0.01953501376047484,1.2623198643335858,-3.3396167601759927,27.0,0.08695652173914505,230.0,-11.57239982641499,0.25546622088868054,0.9392145944465621,4.626818194963275,2,8.754751756709922,8.593446803791815,0.9390430904816631,9.504374447851728,0.04255158920086721,0.0,21.0,False
2021-07-13 11:25:00-04:00,70562,2021-07-13,long,4,recross,-3.1455533314273274,-3.1455533314273274,-3.1455533314273274,False,midday,6.620695003648341,-0.7126140741649163,0.9503543492850609,2.5508673588277446,17.0,0.09090909090907964,110.0,3.433181701141663,2.3818184540806,0.48950278754354476,-14.855020711328057,1,16.664686862499778,23.874862788144657,0.7377109907054805,10.56612856223448,0.029848763617799534,0.0,15.0,False
2021-07-13 11:50:00-04:00,70567,2021-07-13,long,7,recross,-9.003601440574542,-9.003601440574542,-8.574858514833206,True,midday,5.602421925507302,0.029163767892347536,1.3265825423270483,5.650697273435746,1.0,0.07692307692307962,135.0,8.726003490401592,7.3424327181072,0.48950278754354476,-14.855020711328057,1,0.468421533681429,-2.436553782133588,0.8534666314153467,10.56612856223448,0.029848763617799534,0.0,15.0,False
2021-07-13 12:25:00-04:00,70574,2021-07-13,short,5,recross,-6.822119807756236,-6.822119807756236,-6.535957064140948,True,midday,4.612596044677446,0.08312580725550678,1.168526576616183,-3.4373549877871525,7.0,0.10615711252653846,170.0,-0.28609847509649383,1.5971503943627763,0.48950278754354476,14.855020711328057,1,5.82557541835671,5.310340108123368,0.7571849670408125,10.56612856223448,0.029848763617799534,0.0,15.0,False
2021-07-14 13:10:00-04:00,70661,2021-07-14,short,5,recross,-7.4494298320994226,-7.4494298320994226,-7.4494298320994226,False,midday,5.686228130306342,0.21159003461107595,1.4611625022777042,-5.917560315475512,8.0,0.06896551724138797,215.0,32.83931579999364,12.971707383575735,0.8291682161673511,-32.66007735281439,2,11.907215314510555,9.610632105003791,0.7807177259869017,10.700081758048434,0.13395319581395349,0.0,14.0,False
2021-07-14 13:35:00-04:00,70666,2021-07-14,long,26,recross,1.0020183512510918,1.0020183512510918,1.0020183512510918,False,midday,5.82371632005093,-0.02909508230874991,1.2044938540229382,4.6907789491469245,5.0,0.08163265306122297,240.0,-26.27145263999589,-5.924805959625893,0.8291682161673511,32.66007735281439,2,1.3755473532173212,-12.918121100513602,0.8493169536922285,10.700081758048434,0.13395319581395349,0.0,14.0,True
2021-07-15 12:05:00-04:00,70726,2021-07-15,short,2,recross,-0.8587868204841471,-1.1450818733545307,-1.1450818733545307,False,midday,5.815134427884618,-0.584429679948502,0.9352615810587496,-2.1642549985900814,11.0,0.1052631578947381,150.0,-41.678643288302545,-9.266465106799815,0.7787692253108845,45.4948639446059,3,20.563066426216857,39.60670267275979,0.881138805950164,10.638068231645184,-0.062013526403250196,0.0,13.0,False
2021-07-15 13:15:00-04:00,70740,2021-07-15,short,14,recross,-2.5777625021474186,-2.5777625021474186,-2.5777625021474186,False,midday,6.306487578700089,1.7324643221237297,2.043446026002131,-7.429118064589616,10.0,0.04444444444444557,220.0,-37.07962058062721,-1.8830991282685043,0.7911869578329349,45.4948639446059,3,23.91684297672669,28.29560585885571,0.8866129609515311,10.638068231645184,-0.062013526403250196,0.0,13.0,False
2021-07-15 14:40:00-04:00,70757,2021-07-15,short,2,recross,-5.4430343484114285,-5.4430343484114285,-6.015985332454222,True,close,6.088594053776548,-0.8192456920214006,0.7997553854801283,-1.7036517400156441,3.0,0.1176470588235184,305.0,-35.06754814601976,-1.4699319607793626,0.7911869578329349,45.4948639446059,3,-4.19714345047284,-5.011973046722407,0.9124240416689564,10.638068231645184,-0.062013526403250196,0.0,13.0,False
2021-07-15 14:50:00-04:00,70759,2021-07-15,long,12,eod,12.023359670216877,12.023359670216877,12.023359670216877,False,close,6.631974266705379,0.24040710495988282,1.5109548727413613,1.9503922656035044,2.0,0.05714285714285343,315.0,39.666570853693464,5.927977742996817,0.7911869578329349,-45.4948639446059,3,0.9219882676991809,4.450625869263369,0.9027267324850394,10.638068231645184,-0.062013526403250196,0.0,13.0,True
2021-07-16 12:25:00-04:00,70808,2021-07-16,short,42,eod,68.2026593305838,68.20265933058218,68.20265933058218,False,midday,5.512144138954781,-1.309408145801572,1.0397020296758561,-2.5790728279422908,4.0,0.10000000000000568,170.0,49.61222627737252,4.069782046129361,0.9563767611439925,-22.003143306187702,4,-7.335376600448029,-23.68347729172493,0.9278731319872043,10.474283239444798,-0.16378499220038556,0.0,12.0,False
2021-07-22 12:40:00-04:00,71123,2021-07-22,long,35,recross,15.528843388737666,15.528843388737666,15.528843388737666,False,midday,6.568019491733709,0.4416640145971584,1.0508957308254647,4.9709942150343664,13.0,0.08333333333333018,185.0,-1.7252782011099945,7.989992906426725,0.4375214716743408,-6.322020747723419,3,14.866281816401372,13.243936760203301,0.9257478920361718,10.85248830286784,0.19787190837074853,0.0,6.0,False
2021-08-04 14:05:00-04:00,71842,2021-08-04,long,2,recross,-4.30169199885223,-4.30169199885223,-4.30169199885223,False,close,4.6162915137238585,0.3523986839570581,1.5533063329402768,5.3821311700904175,54.0,0.08,270.0,-27.74440821463381,-9.192820703671009,0.6710928289155561,-42.72043745727956,2,4.774789113479727,1.360359134812139,0.7420837612667838,11.555810058585859,0.2743463423175818,0.0,49.0,True
2021-08-04 14:50:00-04:00,71851,2021-08-04,short,8,recross,-7.466329724607038,-7.466329724607038,-7.466329724607038,False,close,5.1485257336673085,0.9765928865668023,2.2862438867967367,-7.98048371098681,1.0,0.048780487804875074,315.0,37.18322750414768,17.560977480520894,0.6710928289155561,42.72043745727956,2,6.895478406475641,8.150180662336304,0.7626566742451172,11.555810058585859,0.2743463423175818,0.0,49.0,True
2021-08-09 11:35:00-04:00,72046,2021-08-09,long,6,recross,-3.414620265771407,-3.414620265771407,-3.414620265771407,False,midday,4.921406007912699,-1.0599674200484168,0.5204170986842452,1.6685929765835752,24.0,0.22222222222214363,120.0,-5.688282138795377,8.04309485556647,0.492108342051144,-13.349617973697573,0,3.8473724709175983,4.1079525399800865,0.628514839351211,10.861143832226245,-0.5338648539669819,0.0,44.0,False
2021-08-09 12:10:00-04:00,72053,2021-08-09,long,14,recross,-2.845031153091773,-2.845031153091773,-2.845031153091773,False,midday,4.692536673119293,0.41224061681951163,0.9703100957478985,2.0435549760122953,1.0,0.12499999999998046,155.0,-5.688282138795377,6.496250816367057,0.492108342051144,-13.349617973697573,0,2.940710747165731,6.37910909633943,0.7289556365505381,10.861143832226245,-0.5338648539669819,0.0,44.0,False
2021-08-12 12:10:00-04:00,72287,2021-08-12,long,45,eod,16.923337282112676,16.923337282112676,16.923337282112676,False,midday,4.778913034361782,0.3637015817693179,1.4757715857333948,5.294423594772631,27.0,0.08,155.0,-19.989301500604732,2.498455435100354,0.5018580497024115,6.479603335587621,3,5.73513971462658,-6.263957731903469,0.5333184565926099,10.736665995372617,0.013739935488155552,0.0,41.0,False
2021-08-18 12:25:00-04:00,72602,2021-08-18,short,7,recross,-1.6983214922585488,-1.6983214922585488,-1.6983214922585488,False,midday,5.279520791791282,-0.48082705453990116,1.5010505052459446,-3.83731297770165,32.0,0.07142857142857839,170.0,-19.851398105609114,1.6400777120903163,0.7628427082286594,33.63387128684881,2,3.6471350592526264,-1.64850165712771,0.822330273868872,7.328189435243853,-0.6548513276418992,0.0,35.0,False
2021-08-18 13:05:00-04:00,72610,2021-08-18,short,1,recross,-6.23017671046586,-6.23017671046586,-6.23017671046586,False,midday,5.25355588511346,0.06373323409141651,1.1318644772797415,-3.544898276762197,1.0,0.09523809523807875,210.0,-15.313935681470719,5.228084864366469,0.7628427082286594,33.63387128684881,2,-1.6902298396659354,6.020076037307476,0.8361161081278907,7.328189435243853,-0.6548513276418992,0.0,35.0,False
2021-08-18 13:10:00-04:00,72611,2021-08-18,long,2,recross,-2.2640441488604526,-2.2640441488604526,-2.2640441488604526,False,midday,5.389513024960505,0.3328236002554563,1.1027809505595834,3.13518256830514,1.0,0.09523809523810452,215.0,20.134989507117563,-0.4146176571140411,0.7628427082286594,-33.63387128684881,2,3.2720667050289975,-5.403593731830858,0.8334388341422165,7.328189435243853,-0.6548513276418992,0.0,35.0,True
2021-08-18 13:20:00-04:00,72613,2021-08-18,short,2,recross,-3.680717570046758,-3.680717570046758,-3.680717570046758,False,midday,4.8428924585313675,-0.41066342658209276,0.9234921540592098,-1.8450142876119315,2.0,0.1265822784810003,225.0,-18.71703249957371,1.8182791090981334,0.7628427082286594,33.63387128684881,2,0.47382671480189487,-0.2737476047087739,0.8665908205642432,7.328189435243853,-0.6548513276418992,0.0,35.0,False
2021-08-18 13:35:00-04:00,72616,2021-08-18,long,8,recross,-19.10179132354222,-19.10179132354222,-5.235305770155992,True,midday,4.58524648604113,-0.2576459724902378,0.8950289722973195,1.8376222560175108,3.0,0.13793103448272184,240.0,19.851398105609114,-0.6583625154044438,0.7628427082286594,-33.63387128684881,2,-3.6093753524790717,-5.748699698878701,0.8683255964655618,7.328189435243853,-0.6548513276418992,0.0,35.0,True
2021-08-20 14:00:00-04:00,72777,2021-08-20,short,1,recross,-6.554573952691973,-6.554573952691973,-6.554573952691973,False,midday,5.310537438270092,0.603339352097958,1.175161403611139,-3.3826856712909503,50.0,0.09132420091324447,265.0,-55.590578256633556,-9.893918785458498,1.3645918090588651,13.4497066819279,4,8.574781117430819,5.582484614128358,0.9372944514332904,8.097902583346626,-0.014552208734800232,0.0,33.0,True
2021-08-20 14:05:00-04:00,72778,2021-08-20,long,4,recross,-10.536507574893147,-10.536507574893147,-7.973573299919488,True,close,5.613623590498628,0.7642799863127401,1.217743102574464,3.0412278095353074,1.0,0.08333333333333018,270.0,60.318642902170936,14.289182159879116,1.3645918090588651,-13.4497066819279,4,1.8060729201940795,7.223728490264314,0.9396275043728171,8.097902583346626,-0.014552208734800232,0.0,33.0,True
2021-08-20 14:25:00-04:00,72782,2021-08-20,short,7,recross,-5.988194701872866,-5.988194701872866,-5.988194701872866,False,close,6.575699475669804,1.146635607172624,2.1069755151269174,-7.884993477718311,4.0,0.041152263374481635,290.0,-51.57888704223607,-5.176030148911483,1.3645918090588651,13.4497066819279,4,3.6135326798858447,-1.4985763524655304,0.9340032349033778,8.097902583346626,-0.014552208734800232,0.0,33.0,True
2021-08-20 15:15:00-04:00,72792,2021-08-20,long,8,eod,1.3497828387351767,1.3497828387351767,1.3497828387351767,False,close,5.627702869520431,0.5546032926316302,1.2530013655266725,3.7871193358416306,1.0,0.08077544426493236,340.0,61.60811507822733,14.643514644266173,1.3645918090588651,-13.4497066819279,4,13.444656596355298,13.074156813599469,0.918285822003519,8.097902583346626,-0.014552208734800232,0.0,33.0,True
2021-08-25 10:30:00-04:00,72969,2021-08-25,long,42,recross,16.948716782395255,16.948716782395255,16.948716782395255,False,open,6.231292728091459,-1.925586067989551,0.589937914795265,2.1759330319908514,1.0,0.15372790161417801,55.0,3.6746000339208633,16.43346005051009,0.44705962498084434,1.41350747745327,2,-0.892299455697021,-8.27074690180507,0.2557375482749384,8.089262806007277,-0.23228195640240124,0.0,28.0,False
2021-08-31 11:15:00-04:00,73290,2021-08-31,long,19,recross,1.975726785211686,1.9757267852100813,1.9757267852100813,False,midday,6.1393773799014895,-0.7162496946369572,0.6436789823492416,0.43717898174536174,2.0,0.14285714285715678,100.0,13.567370474008912,9.46468818554851,0.6018723942659575,-9.318874957641027,1,-1.955968580594769,1.5827376084831535,0.7591205725093539,8.514054395607301,-0.025065201572072482,0.0,22.0,False
2021-09-01 11:55:00-04:00,73376,2021-09-01,long,1,recross,-4.17997343356959,-4.17997343356959,-4.17997343356959,False,midday,4.688449307928247,-0.8476353545565907,1.0248884491233776,3.5571048030515016,21.0,0.1176470588235184,140.0,-14.169183437297399,-2.611310484637243,0.4922608239331631,11.302947243494705,2,2.210873073777986,-0.7849909726043158,0.7539820645617162,8.222940657379187,-0.29111373822811437,0.0,21.0,False
2021-09-01 12:00:00-04:00,73377,2021-09-01,short,1,recross,-3.675742924194742,-3.675742924194742,-3.675742924194742,False,midday,4.571596502693295,-0.5919183148019735,0.8967369198657947,-1.8941809488678842,1.0,0.13793103448277594,145.0,16.653024358577206,4.985387742426688,0.4922608239331631,-11.302947243494705,2,2.8729281767958526,5.776962186133661,0.7591009955599637,8.222940657379187,-0.29111373822811437,0.0,21.0,False
2021-09-01 12:05:00-04:00,73378,2021-09-01,long,28,recross,3.1085740123232495,3.1085740123232495,3.1085740123232495,False,midday,4.673503324860084,0.11812296518064258,1.0885479667699574,2.556422638528275,1.0,0.111111111111142,150.0,-13.265968556832743,-1.5748724479567617,0.4922608239331631,11.302947243494705,2,1.4300545299472667,3.1393888656339186,0.7659168911504068,8.222940657379187,-0.29111373822811437,0.0,21.0,False
2021-09-02 15:10:00-04:00,73493,2021-09-02,short,9,recross,-3.668792684991687,-3.668792684991687,-3.668792684991687,False,close,5.0652677482543575,1.035475235828791,1.3371007787421365,-5.389053875075845,1.0,0.08333333333333018,335.0,11.838322340604293,8.584428397151719,0.6010504071400903,-33.93857118615274,3,-4.643449419567958,-5.266345419596696,0.8986111578726794,7.922974422947647,-0.29996623443154036,0.0,20.0,True
2021-09-03 11:35:00-04:00,73528,2021-09-03,short,18,recross,-0.0028240609990086963,-0.0028240609990086963,-0.0028240609990086963,False,midday,5.93363005989677,-1.1815814850598718,0.7138316665576258,-1.6464780393837444,7.0,0.13333333333335354,120.0,-14.705050619308349,-5.607148032735427,0.7579853712754863,35.78573642537073,4,-3.0918727915185684,-13.769195113639832,0.5254378545987943,7.744261451758342,-0.17871297118930496,0.0,19.0,False
2021-09-07 12:55:00-04:00,73622,2021-09-07,long,15,recross,3.1244674203264684,3.1244674203264684,3.1244674203264684,False,midday,4.943857130927108,-0.06579733651587105,0.5171413430049974,2.078426044744205,44.0,0.22222222222214363,200.0,-45.809297590770406,4.7450187642496875,1.2937757407464967,-14.682629320082409,1,7.857546010912042,1.5659717220528613,0.7775776825264029,7.762588229114269,0.01832677735592725,0.0,15.0,False
2021-09-08 12:35:00-04:00,73696,2021-09-08,short,18,recross,-0.14256386861300901,-0.14256386861300901,-0.14256386861300901,False,midday,6.747930761604684,-2.007925401795837,0.5069769163537755,-0.7903557570520761,2.0,0.16666666666666036,180.0,1.4252323128673214,0.35447225522714326,1.1787096158012393,17.925736235595263,2,-13.219725163025053,-20.422414588190385,0.9042746954202113,7.901803679145794,0.13921545003152502,0.0,14.0,False
2021-09-08 14:30:00-04:00,73719,2021-09-08,long,12,recross,-0.998046680069721,-0.998046680069721,-0.998046680069721,False,close,6.039698569969309,-0.742906891421053,0.7791473684200595,2.334999636587767,2.0,0.12121212121210619,295.0,-5.415882788894525,-3.0855107706310485,1.1787096158012393,-17.925736235595263,2,-1.7746228926351915,-4.728380792267117,0.9689821146502168,7.901803679145794,0.13921545003152502,0.0,14.0,True
2021-09-10 13:35:00-04:00,73864,2021-09-10,long,2,recross,-6.014951450748419,-6.014951450748419,-4.009967633832279,True,midday,5.141276834832149,-0.21372768602887948,0.557190936491209,1.0432817958318878,1.0,0.19999999999995452,240.0,-61.77935943060544,1.7958233869162128,1.76826919710074,54.67452911204057,4,-1.5612819884636142,2.1053185610142577,0.9115973773885016,8.142766382207595,0.19833943693918243,0.0,12.0,True
2021-09-10 13:45:00-04:00,73866,2021-09-10,short,26,eod,60.18571592342148,60.18571592342148,60.18571592342148,False,midday,5.45720416951377,-0.254368985636372,1.2600946529158459,-2.8139392992000083,2.0,0.08333333333333018,250.0,63.77224199288282,0.22581841783061726,1.76826919710074,-54.67452911204057,4,8.90412483583125,7.36241487207856,0.9366403784480443,8.142766382207595,0.19833943693918243,0.0,12.0,False
2021-09-16 13:20:00-04:00,74173,2021-09-16,long,2,recross,-4.891523277894892,-6.041774555497426,-6.041774555497426,False,midday,6.4241843130533995,-0.8489334563914719,1.2093888714848091,3.7097326547548093,3.0,0.07407407407407907,225.0,-39.83835373018954,-0.40778190739348197,1.574851778656114,1.1465588901315809,3,6.056391736388722,8.505661580988644,0.9345868101464206,8.94024697349383,0.17037994896807263,0.0,6.0,True
2021-09-16 13:30:00-04:00,74175,2021-09-16,short,5,recross,-14.108839619925398,-14.108839619925398,-5.758710048948708,True,midday,5.863717240851979,-0.22891246567197054,0.7855379244334755,-0.5636718521078947,2.0,0.12499999999998046,235.0,44.4240635120808,4.965320416000291,1.574851778656114,-1.1465588901315809,3,-6.8074985696187085,-10.235414534287557,0.9343484376315074,8.94024697349383,0.17037994896807263,0.0,6.0,False
2021-09-22 13:50:00-04:00,74491,2021-09-22,short,3,recross,-34.72120911504676,-35.30681917656434,-6.711213562487766,True,midday,5.024932930684848,0.014301377414084548,0.9870546264560959,-2.553465798872246,51.0,0.1176470588235184,255.0,-46.605698206119555,-6.196158252105163,1.2949903579522255,-60.155697098372855,2,3.424110302006067,4.066363044892274,0.8710572610316579,9.92886816451295,-0.660944948242113,1.0,0.0,False
2021-09-23 15:20:00-04:00,74587,2021-09-23,long,2,recross,-2.5858353684808217,-2.5858353684808217,-2.5858353684808217,False,close,5.8498288589873715,1.0208297742287327,1.1791694093841478,3.1789215131500725,1.0,0.08333333333334991,345.0,90.4846147153506,13.149412991755005,1.3833800586098814,67.44525547445262,3,-7.994145133141117,-2.396383201754837,0.9340974021452729,10.63985928167894,0.7109911171659888,0.0,41.0,True
2021-09-24 12:40:00-04:00,74633,2021-09-24,long,4,recross,-5.177770107007445,-5.177770107007445,-5.177770107007445,False,midday,6.685354043741654,-0.09169686775824193,1.0327187802697682,3.7313583923139433,2.0,0.08333333333333018,185.0,32.32323232323245,4.14554196372043,0.6852702453720011,-29.924612994188305,4,2.1517988045549608,5.374321491911083,0.946897971043988,11.575841581057901,0.9359822993789617,0.0,40.0,False
2021-09-24 13:00:00-04:00,74637,2021-09-24,short,3,recross,-2.014794347062521,-2.014794347062521,-4.317416457990883,True,midday,4.958722236682985,-1.1939762738682855,0.6383268310093501,-0.3263484431291914,4.0,0.18181818181815929,205.0,-29.43722943722891,-1.1809591996806834,0.6852702453720011,29.924612994188305,4,-4.062986441673022,-8.864771933594362,0.9294621812191384,11.575841581057901,0.9359822993789617,0.0,40.0,False
2021-09-24 13:35:00-04:00,74644,2021-09-24,short,2,recross,-5.182839044054328,-5.182839044054328,-5.182839044054328,False,midday,4.968537107123024,-0.050846753736852435,1.274792040593214,-4.279133385950274,1.0,0.09090909090907964,240.0,-24.242424242423517,3.9641641170944273,0.6852702453720011,29.924612994188305,4,4.511820970943825,5.637281219800228,0.9028135082092091,11.575841581057901,0.9359822993789617,0.0,40.0,False
2021-09-24 13:45:00-04:00,74646,2021-09-24,long,2,recross,-5.746266509364667,-5.746266509364667,-5.4671539147682475,True,midday,4.778262134684742,0.36989950705537566,0.9033456991943638,1.1547131064673835,2.0,0.13333333333335354,250.0,29.148629148628885,0.9324705271713847,0.6852702453720011,-29.924612994188305,4,-1.5698657945195649,-1.9057333047034497,0.9038195192209052,11.575841581057901,0.9359822993789617,0.0,40.0,True
2021-09-24 13:55:00-04:00,74648,2021-09-24,short,8,recross,-5.182988280687806,-5.182988280687806,-5.182988280687806,False,midday,4.902159496837428,0.007592384935211527,1.4095127359809037,-3.485276938528834,2.0,0.08333333333333018,260.0,-24.242424242423517,3.85616514124728,0.6852702453720011,29.924612994188305,4,11.499695596293158,17.166465631262007,0.9147938854632234,11.575841581057901,0.9359822993789617,0.0,40.0,True
2021-09-27 11:45:00-04:00,74700,2021-09-27,short,3,recross,-5.730002292000591,-5.730002292000591,-5.730002292000591,False,midday,6.457886684551446,-0.06479345220111377,1.2418467455340458,-3.735450615987993,44.0,0.07142857142857839,130.0,-24.404949898072463,18.184827041265713,0.7762423972461402,-11.785673220651518,0,13.42130491174598,28.532854500534775,0.7270838952670711,11.440118542964681,-0.13572303809321973,0.0,37.0,False
2021-09-27 12:00:00-04:00,74703,2021-09-27,long,7,recross,-1.717868697569281,-1.717868697569281,-1.717868697569281,False,midday,6.625798182357951,0.1679114978065046,1.0803832085605298,2.837354793028659,3.0,0.08,145.0,27.276120474317054,-14.013793096506975,0.7762423972461402,11.785673220651518,0,-6.7713976164685,-12.439156300704246,0.8158377677861822,11.440118542964681,-0.13572303809321973,0.0,37.0,False
2021-09-27 12:35:00-04:00,74710,2021-09-27,short,9,recross,0.28639344731766486,0.28639344731766486,0.28639344731766486,False,midday,5.34296065400404,-0.9076468211833779,0.9646980953699407,-3.2409423337558465,7.0,0.1111111111111069,180.0,-26.70188635906879,13.76600445881742,0.7762423972461402,-11.785673220651518,0,1.0252009755207236,0.27071658680544175,0.8626255088192541,11.440118542964681,-0.13572303809321973,0.0,37.0,False
2021-09-27 13:35:00-04:00,74722,2021-09-27,short,3,recross,-4.010886692450547,-4.010886692450547,-3.7243947858471693,True,midday,4.765645949935612,-1.3983960668154323,0.5409516450828329,-1.445726924544978,3.0,0.22222222222214363,240.0,-23.543598725200063,14.493767339983453,0.7762423972461402,-11.785673220651518,0,-4.291360813100109,-4.460544456759141,0.9347490103256887,11.440118542964681,-0.13572303809321973,0.0,37.0,False
2021-09-27 13:50:00-04:00,74725,2021-09-27,long,9,recross,-3.690883232079455,-3.690883232079455,-3.690883232079455,False,midday,4.836150581833418,0.07050463189780576,1.0000993913566596,3.3903646640582394,3.0,0.11841326228537048,255.0,26.414769301443023,-11.338129101410281,0.7762423972461402,11.785673220651518,0,0.9027307605502521,-3.1053384818946483,0.9609898911676434,11.440118542964681,-0.13572303809321973,0.0,37.0,True
2021-09-27 14:35:00-04:00,74734,2021-09-27,short,8,recross,-2.0053284441514077,-2.0053284441514077,-2.0053284441514077,False,close,5.256919790890669,1.2982658305715318,1.5800588369864712,-5.868615195968864,9.0,0.06896551724137445,300.0,-24.2613913692604,12.81483837664808,0.7762423972461402,-11.785673220651518,0,0.7891858983755107,2.697380843201813,0.9264893628750093,11.440118542964681,-0.13572303809321973,0.0,37.0,True
2021-09-27 15:15:00-04:00,74742,2021-09-27,long,1,recross,-1.1455737892706597,-1.1455737892706597,-1.1455737892706597,False,close,5.275862432623639,0.0057650386488559136,0.8191882804758669,3.935631330175646,8.0,0.13253810470512142,340.0,24.692066955696593,-11.271161161672257,0.7762423972461402,11.785673220651518,0,8.572459844795599,19.162775633587703,0.9246425088649274,11.440118542964681,-0.13572303809321973,0.0,37.0,True
2021-09-27 15:20:00-04:00,74743,2021-09-27,short,7,eod,13.752793536187557,13.752793536187557,-5.157297576068705,True,close,5.02321301217498,-0.12028993512546027,0.7983331284734522,-0.9905980017812936,1.0,0.14285714285715678,345.0,-23.543598725200063,12.328105481983798,0.7762423972461402,-11.785673220651518,0,-6.541845251522016,-13.491999244448216,0.926793042662801,11.440118542964681,-0.13572303809321973,0.0,37.0,True
2021-10-08 12:50:00-04:00,75415,2021-10-08,short,14,recross,-4.027386226338713,-4.027386226338713,-5.957654910533586,True,midday,6.518753965715401,-0.5201298040946334,0.6618117432744031,-1.6483133610685101,1.0,0.13333333333330302,195.0,6.323474461786878,-2.4018538166155174,0.40048607567127215,-8.054540747347167,4,-4.5641259698769865,-9.955476894998316,0.9393038929283849,15.787777021652605,0.38906277486209007,0.0,26.0,False
2021-10-18 15:20:00-04:00,75913,2021-10-18,long,2,recross,-4.5402951191818435,-4.5402951191818435,-6.526674233824102,True,close,5.030828587376903,0.2082581037758775,1.0718034592669863,4.4724231318598555,29.0,0.1052631578947381,345.0,27.603870233353085,10.559667203018583,0.7012648289557942,-41.37618318880112,0,4.250654377055962,7.5195443677289475,0.769452424667687,16.22565468156081,-0.43573939559928476,0.0,16.0,True
2021-10-19 15:05:00-04:00,75988,2021-10-19,long,8,recross,-2.7683615819212766,-2.7683615819212766,-2.7683615819212766,False,close,4.723909141618305,0.3504198418324762,1.3755364833424122,5.144742247618396,8.0,0.08695652173912356,330.0,8.199734215510606,4.822725985745295,0.4177484875605841,34.33013675310777,1,7.336594041795763,7.412700640565539,0.8148781876573897,14.907128986535184,-1.318525695025624,0.0,15.0,True
2021-10-20 13:20:00-04:00,76045,2021-10-20,short,1,recross,-3.6540461534119966,-3.6540461534119966,-3.6540461534119966,False,midday,5.824068249387811,1.4485929395365345,2.02682798006458,-9.374596419674027,48.0,0.04761904761905226,225.0,-36.38825421003696,-4.057733053245548,0.5766854676566824,-0.0,2,21.99186632481642,34.56661529694593,0.8655858373608007,15.034908999536167,0.12778001300098296,0.0,14.0,True
2021-10-22 14:05:00-04:00,76210,2021-10-22,long,12,recross,-0.8409957389541578,-1.681850035038606,-1.681850035038606,False,close,6.612659753234236,0.8970435683323599,0.8479118585388709,3.680181163123521,1.0,0.10000000000000568,270.0,19.66292134831429,3.3536782547392643,0.6334700802441389,1.1237217664911918,4,-6.620324395893995,-11.357411044748966,0.8854510737833271,14.285338009598833,-0.5003796603762414,0.0,12.0,False
2021-10-26 14:05:00-04:00,76366,2021-10-26,long,3,recross,-5.025546528183544,-5.025546528183544,-5.025546528183544,False,close,5.827252338860566,0.052705068804065114,1.1501198415633975,4.197879331893631,24.0,0.08333333333334991,270.0,-12.829094154394788,-2.6317809119521023,0.43316788726528277,28.24779751083739,1,1.6418384212069093,-6.05629723253398,0.8883156364921871,14.30075630106063,-0.004341329040443043,0.0,8.0,True
2021-10-26 14:40:00-04:00,76373,2021-10-26,short,1,recross,-2.374732842554641,-2.374732842554641,-2.374732842554641,False,close,5.555400563338027,0.33123076882602565,1.030884594070133,-3.001438514455778,1.0,0.09756097560973662,305.0,16.87304774654223,6.484573327498904,0.43316788726528277,-28.24779751083739,1,4.2677522077405605,-3.427185489823792,0.9086070993916869,14.30075630106063,-0.004341329040443043,0.0,8.0,True
2021-10-26 14:45:00-04:00,76374,2021-10-26,long,11,recross,1.1170376162422986,1.1170376162422986,1.1170376162422986,False,close,5.392428092048378,0.038674876742928355,0.8804336292604223,2.345209774029165,1.0,0.1176470588235184,310.0,-13.665774207943135,-3.2407542754278125,0.43316788726528277,28.24779751083739,1,-11.492635896098724,-15.015806111697838,0.8366751967934283,14.30075630106063,-0.004341329040443043,0.0,8.0,True
2021-10-27 14:30:00-04:00,76449,2021-10-27,short,17,eod,38.13583085637411,38.13583085637411,38.13583085637411,False,close,4.90294769690056,1.0300934911702058,1.6584352083213594,-5.10015237440448,7.0,0.06896551724137445,295.0,39.93521000893674,11.71235362728733,0.6453742070331109,-15.943609968951726,2,3.9395066862180084,4.701334656672662,0.8497346111076408,11.808290275454967,-2.4924660256056637,0.0,7.0,True
2021-10-28 12:30:00-04:00,76503,2021-10-28,short,4,recross,-6.174571989895325,-6.174571989895325,-6.174571989895325,False,midday,6.772036271266494,-0.14113809869445681,1.5747511465721558,-5.372378148753164,3.0,0.05263157894736905,175.0,-16.585146455275623,8.502931457478832,0.4219562765996124,-21.409656882077606,3,-0.7654121197542274,-9.389426462531603,0.8426999127226954,12.071941507284748,0.26365123182978145,0.0,6.0,False
2021-10-28 12:55:00-04:00,76508,2021-10-28,short,8,recross,-7.016165244723844,-7.016165244723844,-7.577458464301241,True,midday,6.34055541815478,-0.20534842430223765,1.0178009171897378,-2.9981392020380255,1.0,0.08695652173912356,200.0,-18.55287569573194,6.26863686798033,0.4219562765996124,-21.409656882077606,3,4.482785012190904,12.246918727362166,0.844300212048936,12.071941507284748,0.26365123182978145,0.0,6.0,False
2021-10-28 13:35:00-04:00,76516,2021-10-28,long,14,recross,-3.3620288147452815,-3.3620288147452815,-3.3620288147452815,False,midday,5.276270434947368,-0.5858534165081659,1.0094612615893013,1.8517851400609615,8.0,0.10531858873092988,240.0,22.488334176646184,-1.7115352606029224,0.4219562765996124,21.409656882077606,3,7.549234135668659,13.299566602267276,0.8656389126022918,12.071941507284748,0.26365123182978145,0.0,6.0,False
2021-11-01 13:25:00-04:00,76670,2021-11-01,short,3,recross,-3.6251080561053914,-3.6251080561053914,-3.6251080561053914,False,midday,4.755269830209633,1.2921267376549959,1.9935765502324105,-6.383069545856124,25.0,0.0588235294117592,230.0,21.978633429780228,11.159530965221785,0.712975639998967,-34.057283233766135,0,15.381521520542174,12.15632516876508,0.8540860042244386,10.61597850685989,-0.4523071243829566,0.0,2.0,True
2021-11-01 13:45:00-04:00,76674,2021-11-01,short,10,recross,-4.322605834122726,-4.322605834122726,-4.322605834122726,False,midday,4.981471260674847,-0.24488949017207062,0.783718541057024,-3.1728996366369415,1.0,0.14285714285715678,250.0,23.36968617849919,12.168144550815649,0.712975639998967,-34.057283233766135,0,20.663853482403294,27.548921970588225,0.8755887951071795,10.61597850685989,-0.4523071243829566,0.0,2.0,False
2021-11-01 14:35:00-04:00,76684,2021-11-01,long,9,recross,-4.122327490070956,-4.122327490070956,-4.122327490070956,False,close,5.714775562321456,0.1453634410629796,1.3066884775747776,5.477254514863667,10.0,0.07465472191116161,300.0,-18.976741598041155,-6.003156306519636,0.712975639998967,34.057283233766135,0,5.231265530318829,-1.3069183694625064,0.9114535751845815,10.61597850685989,-0.4523071243829566,0.0,2.0,True
2021-11-03 10:55:00-04:00,76796,2021-11-03,long,1,recross,-4.999722237653653,-4.999722237653653,-4.444197544579973,True,open,6.151042153674394,-1.3219891413095057,0.5419135896089178,1.8694523803251286,16.0,0.16666666666666036,80.0,2.5006251562883772,9.244675862166574,0.40099100575517893,-18.304351443546835,2,5.961930364652979,3.395905222109974,0.49909090174616644,8.573514538342225,-0.34617384795880746,1.0,0.0,False
2021-11-03 11:00:00-04:00,76797,2021-11-03,short,37,recross,-0.833703868385191,-0.8337038683867708,-0.8337038683867708,False,open,6.256600178564564,-1.2742076898298995,1.0659559629096067,-2.516476575105756,1.0,0.08333333333333018,85.0,1.3892361979386894,-5.220351001036933,0.40099100575517893,18.304351443546835,2,-4.3360433604333615,-2.5736617473137713,0.49660648615174496,8.573514538342225,-0.34617384795880746,1.0,0.0,False
2021-11-04 10:55:00-04:00,76874,2021-11-04,short,12,recross,-3.0493721065604964,-3.0493721065604964,-3.0493721065604964,False,open,6.010880743310738,-0.4687416610213653,1.1528145331592174,-3.694824274560432,40.0,0.08,80.0,15.49786904300665,10.443528487299282,0.3879403633571916,6.0875079965959245,3,1.392877041100915,-11.327594019030496,0.3526639544519846,8.631674658050246,0.058160119708020375,0.0,41.0,False
2021-11-04 12:25:00-04:00,76892,2021-11-04,short,3,recross,-6.379496851855916,-6.379496851855916,-6.379496851855916,False,midday,6.095066664240745,0.5658692381262904,1.365140322725553,-4.451376470272386,5.0,0.06666666666666414,170.0,21.86306525709757,9.982413086994615,0.6656239918655033,6.0875079965959245,3,7.292538017716899,-4.53092355325202,0.8028743789669048,8.631674658050246,0.058160119708020375,0.0,41.0,False
2021-11-05 13:00:00-04:00,76977,2021-11-05,short,1,recross,-6.056434962148033,-6.056434962148033,-6.056434962148033,False,midday,5.933244770827969,0.3155813148744855,1.438189074246269,-4.641155699589824,48.0,0.06451612903225759,205.0,-9.091910954376266,20.87395106814772,0.9129609039150596,-44.27717511622664,4,14.905668412759088,21.613922864531787,0.728986768021839,8.424531294163156,-0.20714336388708965,0.0,40.0,False
2021-11-09 13:30:00-05:00,77139,2021-11-09,short,14,recross,1.568007802626283e-12,1.568007802626283e-12,1.568007802626283e-12,False,midday,5.298870184647611,0.06057438235656587,1.1449965424585324,-2.648514517198585,2.0,0.09090909090910312,235.0,42.39461760263562,5.680006292817631,1.065825466782143,5.214909150793153,1,5.141167901975274,13.91418741145456,0.8900569634797862,7.265951631166952,-0.950152528502108,0.0,36.0,False
2021-11-09 14:45:00-05:00,77154,2021-11-09,long,2,recross,-1.6549441456335798,-1.6549441456335798,-1.6549441456335798,False,close,5.792747512755095,-0.594501926622331,1.0476545177841037,4.392693345479508,15.0,0.09090909090910312,310.0,-45.036386104626835,-6.451028341896784,1.065825466782143,-5.214909150793153,1,4.216389930369324,-1.2652782346844749,0.801851379789314,7.265951631166952,-0.950152528502108,0.0,36.0,True
2021-11-09 15:00:00-05:00,77157,2021-11-09,long,11,eod,8.822718500137666,8.822718500137666,8.822718500137666,False,close,5.440005507485847,-0.35274200526924737,1.1151868389522877,2.888670247291131,1.0,0.09090909090907964,325.0,-41.466428669504076,-2.6750620058043557,1.065825466782143,-5.214909150793153,1,10.071356633165607,5.570600592239572,0.7907493591690231,7.265951631166952,-0.950152528502108,0.0,36.0,True
2021-11-10 12:00:00-05:00,77199,2021-11-10,long,3,recross,-6.058936931973849,-6.058936931973849,-6.058936931973849,True,midday,5.800446496389314,-0.7371262343793017,0.8548315200746688,2.2497423165035784,3.0,0.1111111111111069,145.0,13.792342491448748,-1.4358124873794251,0.5335438590403246,-21.744515702843866,2,0.42630676949428903,4.064730838604369,0.7764562203420928,7.383718314634391,0.11776668346743957,0.0,35.0,False
2021-11-10 12:15:00-05:00,77202,2021-11-10,short,43,eod,37.822644023618295,37.822644023618295,37.822644023618295,False,midday,5.547453778791646,-0.2529927175976674,1.231429714167082,-2.003168538889092,3.0,0.08067769261798606,160.0,-10.164956416198832,4.963671321717899,0.5335438590403246,21.744515702843866,2,4.285500010713372,-0.1270551165100109,0.7718115974370552,7.383718314634391,0.11776668346743957,0.0,35.0,False
2021-11-11 11:45:00-05:00,77274,2021-11-11,short,49,eod,22.692092166511788,22.692092166511788,22.692092166511788,False,midday,6.006947841764977,0.5621843820732,0.7018759550561666,-2.0482581873368133,1.0,0.13157894736843248,130.0,18.549793737368585,-4.002024540944941,0.5984816780038466,-3.6005096105909113,3,-8.504408297720367,-10.466659859083016,0.8163357330452412,8.48543108373468,1.1017127691002884,0.0,34.0,False
2021-11-15 13:30:00-05:00,77451,2021-11-15,short,29,eod,16.044260027662077,16.044260027662077,16.044260027662077,False,midday,4.768034364808384,0.6114866040802474,0.9279576661434745,-1.6807154924848575,1.0,0.12499999999998046,235.0,27.027027027027525,10.914620889448749,0.7272647133365092,-36.536758193092616,0,4.2786239945236115,3.6823058853396873,0.6165178258276319,6.800718859235517,-0.015594658002540562,0.0,30.0,False
2021-11-17 15:25:00-05:00,77630,2021-11-17,long,6,recross,-4.162388656102818,-4.162388656102818,-4.162388656102818,False,close,5.375261280409994,0.37122039395342643,0.7744032258463743,3.191338600375552,91.0,0.13333333333330302,350.0,-30.15714918105287,-1.2058444449278851,0.9131500318930927,-12.434717731907172,2,0.42690345578355604,-10.792901784594244,0.7568374567920398,6.553367086241154,-0.2790416087243024,0.0,28.0,True
2021-11-18 12:00:00-05:00,77667,2021-11-18,long,29,recross,6.406685236769309,6.406685236769309,6.406685236769309,False,midday,5.959171654173827,-1.619159288825701,0.794703033633559,2.1602579631654777,2.0,0.1176470588235184,145.0,-28.334120392232613,12.434306638469554,1.3120499657384306,3.8905099346946326,3,2.5592902235116455,14.10613304704933,0.863517460747803,6.6989182098494275,0.14555112360827316,0.0,27.0,False
2021-11-19 12:55:00-05:00,77756,2021-11-19,long,1,recross,-3.079593493659219,-3.079593493659219,-3.079593493659219,False,midday,5.051493864316554,-0.21272571022856912,0.8036615647753774,2.4639661148993355,40.0,0.13793103448272184,200.0,-18.44451275745377,18.727751255108377,0.9289994631960674,-42.85277012549796,4,2.3383359551032434,-3.2114624505930056,0.7669534939328915,6.7188917783141555,0.019973568464727975,0.0,26.0,False
2021-11-19 13:00:00-05:00,77757,2021-11-19,short,35,eod,36.69159454387592,36.69159454387592,36.69159454387592,False,midday,4.938786306719763,-0.3933048561886121,0.9073413637736767,-2.1535388462214726,1.0,0.12500000000002487,205.0,21.79806053153656,-15.281255497665718,0.9289994631960674,42.85277012549796,4,5.312818769126482,13.828526274199948,0.7687282700463756,6.7188917783141555,0.019973568464727975,0.0,26.0,False
2021-11-22 13:20:00-05:00,77839,2021-11-22,long,2,recross,-1.5552577204445648,-1.5552577204445648,-1.5552577204445648,False,midday,6.531172869374074,-1.2532175591145265,0.8123325322041606,1.4080827526204658,5.0,0.1052631578947381,225.0,17.90309947409607,-5.185397859789272,1.025070609917024,44.95897493537211,0,8.181480104128003,13.907169642635164,0.7982186063107023,6.758491655409399,0.039599877095243485,0.0,23.0,False
2021-11-22 13:40:00-05:00,77843,2021-11-22,short,3,recross,-2.653594223545126,-2.79329608938611,-2.79329608938611,False,midday,5.127885790156674,-1.0455068318415837,0.7489468540747997,-1.1208396985574893,1.0,0.14545454545449735,245.0,-15.245608145909115,7.756207696255006,1.025070609917024,-44.95897493537211,0,-4.512620039092141,-9.811348874178005,0.7074257093246754,6.758491655409399,0.039599877095243485,0.0,23.0,False
2021-11-24 12:35:00-05:00,77986,2021-11-24,long,19,recross,-5.598947397888879,-5.598947397888879,-5.598947397888879,True,midday,6.005531204395647,-0.8148984911691226,0.7459222828775585,3.236753321991003,7.0,0.12499999999998046,180.0,31.174521148121485,8.02840712964903,0.7796369470153699,-55.57882977237841,2,0.21582584691870466,-12.079118224369578,0.532652852354439,6.823403712159669,-0.00014997194649879475,0.0,21.0,False
2021-12-07 15:25:00-05:00,78632,2021-12-07,short,6,eod,9.51341671563367,9.51341671563367,9.51341671563367,False,close,6.771190295337306,1.5198760445379715,1.7354718420688722,-9.342331131505148,70.0,0.04761904761905226,350.0,-41.58120978844206,3.1784696463162705,0.7659068255334844,-88.14693044612022,1,16.44666581229415,17.618040873854657,0.9041376129389576,16.651053493055112,0.5978324007716758,0.0,8.0,True
2021-12-08 12:45:00-05:00,78678,2021-12-08,long,4,recross,-1.9600705625400605,-1.9600705625400605,-1.9600705625400605,False,midday,6.088759119768135,-0.8741338003300632,0.9198122535705953,2.7876217240512347,27.0,0.10000000000000568,190.0,-29.594885110422485,-9.518334386839262,0.6608386987141933,12.019902722647924,2,10.688866565498056,12.317747611865215,0.8463626592038805,18.334055828941757,1.6830023358866448,0.0,7.0,False
2021-12-08 13:05:00-05:00,78682,2021-12-08,short,7,recross,-2.521290900940581,-2.521290900940581,-2.521290900940581,False,midday,5.28584460382852,-0.36891813077346125,0.8477196062917397,-0.8210066740163242,4.0,0.12500000000002487,210.0,30.71167322779749,10.270800616697796,0.6608386987141933,-12.019902722647924,2,-3.845250048066795,-1.1309374214629742,0.8201358325468643,18.334055828941757,1.6830023358866448,0.0,7.0,False
2021-12-08 13:40:00-05:00,78689,2021-12-08,long,7,recross,-2.5198790458051015,-2.5198790458051015,-2.5198790458051015,False,midday,5.059933504077745,-0.18177898149821559,0.8301965483807514,2.702340812548208,7.0,0.13333333333335354,245.0,-30.432476198454136,-9.439729528190908,0.6608386987141933,12.019902722647924,2,6.619264194052121,12.300660488711035,0.7909075189285452,18.334055828941757,1.6830023358866448,0.0,7.0,True
2021-12-08 14:15:00-05:00,78696,2021-12-08,short,1,recross,-3.0811461863817162,-3.0811461863817162,-3.0811461863817162,False,close,5.643450143526031,0.624701473885712,0.9677990885864394,-3.3203312004955023,7.0,0.10256410256407626,280.0,31.828461345172496,10.394989632142686,0.6608386987141933,-12.019902722647924,2,9.599264305217847,24.387555733681452,0.8997677602874755,18.334055828941757,1.6830023358866448,0.0,7.0,False
2021-12-08 14:20:00-05:00,78697,2021-12-08,long,19,eod,31.636709782182525,31.636709782182525,31.636709782182525,False,close,5.40922526611936,-0.08728761514371453,0.8281981580343027,2.193350631192267,1.0,0.12499999999998046,285.0,-28.478096993049068,-6.970286997281135,0.6608386987141933,12.019902722647924,2,-9.170007677216097,-24.874736947589902,0.8869878115749164,18.334055828941757,1.6830023358866448,0.0,7.0,True
2021-12-09 15:10:00-05:00,78785,2021-12-09,short,5,recross,-4.187487786493321,-4.187487786493321,-4.187487786493321,False,close,6.7847525783832054,0.9216616376191151,1.0285941283912876,-4.879393813402402,1.0,0.08,335.0,-41.48563419761789,-13.850486076323378,0.7636450966159415,34.63783904578366,3,17.955623957931486,38.41002703863894,0.8943405164432953,18.315197051557043,-0.018858777384714642,0.0,6.0,True
2021-12-10 12:50:00-05:00,78835,2021-12-10,long,26,recross,11.990073334634772,11.990073334634772,11.990073334634772,False,midday,6.633555571198158,-0.16784370210692678,1.2191056414200274,3.267941672648888,3.0,0.06896551724137445,195.0,-27.254018577227917,-11.832112818451046,0.6694032378980141,41.32923764311537,4,-3.4133333333341564,-6.310103738105255,0.8941771967254581,18.24975973325212,-0.06543731830492305,0.0,5.0,False
2021-12-10 15:00:00-05:00,78861,2021-12-10,short,2,recross,-8.081455274813921,-8.081455274813921,-8.635819149231006,True,close,6.267798066139527,0.36306858078282644,1.1997250903921297,-2.0642243545574743,26.0,0.07407407407407907,325.0,14.461315979753653,0.2980515807142733,0.6694032378980141,-41.32923764311537,4,8.101827175234222,6.0589230264318505,0.883946720821928,18.24975973325212,-0.06543731830492305,0.0,5.0,False
2021-12-13 13:55:00-05:00,78926,2021-12-13,long,24,recross,-5.316172355903686,-5.316172355903686,-5.316172355903686,False,midday,5.377133689735938,0.18192929712873163,1.0407559845613148,4.443809425227272,51.0,0.10000000000000568,260.0,-57.03474946443011,-14.211166749071598,0.9093562806790033,-22.485009993337837,0,6.417249566836869,14.859595869793907,0.8306123468770498,18.529784396852023,0.2800246635999031,0.0,2.0,True
2021-12-15 13:40:00-05:00,79079,2021-12-15,short,1,recross,-10.406998002979993,-10.406998002979993,-7.031755407418309,True,midday,6.237678546423491,-0.7430318424090894,0.9468591089490932,-1.8611754768948785,1.0,0.09523809523810452,245.0,9.59820174206157,-8.193869046961197,0.480878834078734,7.580649689755977,2,-1.731002250302538,-11.939058890704235,0.9560076025630486,18.808048694032976,0.15892741512888264,1.0,0.0,False
2021-12-22 14:05:00-05:00,79474,2021-12-22,short,1,recross,-2.8054425585626563,-2.8054425585626563,-2.8054425585626563,False,close,5.1591785626281474,0.6667384453795169,1.3048817229987384,-4.9356143908777454,56.0,0.08333333333334991,270.0,-44.80009016370276,-16.509727482284006,0.7188463633550733,-1.6908552909680785,2,1.2879682301170092,-7.158745174240533,0.7344745094717493,21.74569080953247,1.0736400196366134,0.0,35.0,True
2021-12-22 14:10:00-05:00,79475,2021-12-22,long,4,recross,-6.8695761892078835,-6.8695761892078835,-6.869576189206289,True,close,5.276968911624593,1.235127316505423,1.0896154341013657,0.6365875236246978,1.0,0.09756097560976368,275.0,45.64537488377187,17.161523235912384,0.7188463633550733,1.6908552909680785,2,-6.117126882089208,-0.5112343753987947,0.6415659380522984,21.74569080953247,1.0736400196366134,0.0,35.0,True
2021-12-22 14:35:00-05:00,79480,2021-12-22,long,2,recross,-4.486065160095558,-4.486065160095558,-4.486065160095558,False,close,6.604062624469493,1.8589853819584823,1.189222043140728,2.7082735462986705,1.0,0.07142857142857839,300.0,45.3636133104155,15.958654937186857,0.7188463633550733,1.6908552909680785,2,1.2886044413895625,9.202689230296546,0.7149179569917851,21.74569080953247,1.0736400196366134,0.0,35.0,True
2021-12-22 14:50:00-05:00,79483,2021-12-22,long,13,eod,21.311021759896832,21.027251317707748,21.027251317707748,False,close,6.013216406355931,-0.5908462181135619,0.7456304487777721,3.1035253259768183,1.0,0.12507817385866693,315.0,48.46580823307323,18.494906580278254,0.7188463633550733,1.6908552909680785,2,3.6489300049380446,15.047219559392033,0.7514423457476901,21.74569080953247,1.0736400196366134,0.0,35.0,True
2021-12-28 13:30:00-05:00,79701,2021-12-28,long,1,recross,-1.3740793668245401,-1.3740793668245401,-1.3740793668245401,False,midday,5.954440215377377,-0.44618012430580656,1.015424005978098,1.7761930205973542,12.0,0.09090909090907964,235.0,20.654897964804054,-9.778225532983143,0.5303380726848592,4.132686797444184,1,-2.410926739274677,-6.963961499241167,0.9726423031560495,20.266278989727464,-1.8802354386288371,0.0,29.0,True
2021-12-28 13:35:00-05:00,79702,2021-12-28,short,3,recross,-4.398504508467809,-4.398504508467809,-4.398504508467809,False,midday,5.753576200906448,-0.35700588260655497,0.8599002323037463,-0.7118021080530426,1.0,0.1111111111111069,240.0,-19.553303406680605,10.784977641330252,0.5303380726848592,-4.132686797444184,1,3.9860770375965693,11.03398517191545,0.9649369665956448,20.266278989727464,-1.8802354386288371,0.0,29.0,False
2021-12-28 13:50:00-05:00,79705,2021-12-28,long,3,recross,-6.0422064192450105,-6.0422064192450105,-5.767435777169467,True,midday,5.449234221779448,-0.3043419791269999,0.856751441464047,2.8167991578193394,3.0,0.11771630370807454,255.0,22.24119412850044,-7.958296035900361,0.5303380726848592,4.132686797444184,1,3.1471612605415977,1.4374688589935403,0.9736706811795313,20.266278989727464,-1.8802354386288371,0.0,29.0,True
2021-12-28 14:25:00-05:00,79712,2021-12-28,short,2,recross,-0.2748536404346552,-0.2748536404346552,-0.2748536404346552,False,close,5.514066762099027,-1.4865968058575936,0.49843163715616906,-0.34228933292592956,1.0,0.2000000000000682,290.0,-20.37949932527358,9.147730644707748,0.5303380726848592,-4.132686797444184,1,10.05930800343724,5.431938704230088,0.9362343458390259,20.266278989727464,-1.8802354386288371,0.0,29.0,False
2021-12-28 14:35:00-05:00,79714,2021-12-28,long,15,recross,-2.4699844684958863,-2.4699844684958863,-7.140700371100994,True,close,5.352939547349119,-0.852206491723213,1.1289499912782583,1.8144862302107256,2.0,0.09095043201455391,300.0,21.205695243864994,-8.21358225070331,0.5303380726848592,4.132686797444184,1,9.553805774278334,19.712546162291567,0.9275953079346996,20.266278989727464,-1.8802354386288371,0.0,29.0,True
2021-12-29 11:30:00-05:00,79755,2021-12-29,short,4,recross,-7.139130673549271,-7.139130673549271,-7.139130673549271,False,midday,5.9857071409978655,-0.6079942254284729,1.2842658355777123,-3.80626428159583,1.0,0.07142857142856389,115.0,-9.343226161034126,8.460638182285058,0.3031026802763813,1.648532805802898,2,14.035234723589474,18.941064436992505,0.8333571862542838,19.535697198141094,-0.7305817915863706,0.0,28.0,False
2021-12-29 11:50:00-05:00,79759,2021-12-29,long,1,recross,-3.8410886742753063,-3.8410886742753063,-3.8410886742753063,False,midday,5.598329104327272,-0.5188307014354576,0.9312177871429955,3.3093386123961395,4.0,0.1052631578947381,135.0,15.251442704039759,-2.2748155209829823,0.3031026802763813,-1.648532805802898,2,-2.725481152249243,-7.4827895839568725,0.850602326045205,19.535697198141094,-0.7305817915863706,0.0,28.0,False
2021-12-29 11:55:00-05:00,79760,2021-12-29,short,1,recross,-3.845204842927584,-4.117033540100843,-4.117033540100843,False,midday,5.413375877025441,-0.5249350088598463,0.8623699939136044,-1.457494058341247,1.0,0.1175778953556402,140.0,-12.912888156086716,4.569022748974829,0.3031026802763813,1.648532805802898,2,1.468428781203901,7.988217379365503,0.800139914436228,19.535697198141094,-0.7305817915863706,0.0,28.0,False
2021-12-29 12:00:00-05:00,79761,2021-12-29,long,3,recross,-7.617867781575997,-7.617867781575997,-5.97194748307183,True,midday,5.3047713921400685,-0.32424028124439097,0.9191171804210331,1.5312876559765058,1.0,0.11254924029261806,145.0,15.388843088760712,-2.0840525646332817,0.3031026802763813,-1.648532805802898,2,-3.1547924947816774,-9.337930493946711,0.7971101145617373,19.535697198141094,-0.7305817915863706,0.0,28.0,False
2021-12-29 12:15:00-05:00,79764,2021-12-29,short,4,recross,-6.314517900286026,-6.314517900286026,-6.314517900286026,False,midday,4.855214578660507,-0.44955681347956133,1.0177489683546939,-2.328280604041602,3.0,0.1111111111111069,160.0,-10.16762846935984,7.194734490658471,0.3031026802763813,1.648532805802898,2,9.85634895669607,8.486845389646946,0.7239862032288312,19.535697198141094,-0.7305817915863706,0.0,28.0,False
2021-12-31 12:55:00-05:00,79928,2021-12-31,long,36,recross,-8.249010118786058,-8.249010118786058,-5.224373075230909,True,midday,4.636023893922185,-1.3288881486850608,0.8897377176397133,2.814976219024878,52.0,0.13333333333330302,200.0,3.8513383400728003,3.587446887279424,0.40143121378581675,-12.912797406451652,4,10.838226319000999,3.2618241124082736,0.839074690899127,17.351700702919402,-0.6577134769517521,0.0,26.0,False
