date,irx_annual_pct
2006-01-03 00:00:00,4.02
2006-01-04 00:00:00,4.082
2006-01-05 00:00:00,4.09
2006-01-06 00:00:00,4.107
2006-01-09 00:00:00,4.117
2006-01-10 00:00:00,4.177
2006-01-11 00:00:00,4.192
2006-01-12 00:00:00,4.205
2006-01-13 00:00:00,4.22
2006-01-17 00:00:00,4.232
2006-01-18 00:00:00,4.247
2006-01-19 00:00:00,4.242
2006-01-20 00:00:00,4.252
2006-01-23 00:00:00,4.247
2006-01-24 00:00:00,4.295
2006-01-25 00:00:00,4.307
2006-01-26 00:00:00,4.332
2006-01-27 00:00:00,4.337
2006-01-30 00:00:00,4.342
2006-01-31 00:00:00,4.37
2006-02-01 00:00:00,4.362
2006-02-02 00:00:00,4.362
2006-02-03 00:00:00,4.362
2006-02-06 00:00:00,4.347
2006-02-07 00:00:00,4.382
2006-02-08 00:00:00,4.392
2006-02-09 00:00:00,4.397
2006-02-10 00:00:00,4.425
2006-02-13 00:00:00,4.422
2006-02-14 00:00:00,4.447
2006-02-15 00:00:00,4.432
2006-02-16 00:00:00,4.43
2006-02-17 00:00:00,4.427
2006-02-21 00:00:00,4.445
2006-02-22 00:00:00,4.452
2006-02-23 00:00:00,4.477
2006-02-24 00:00:00,4.482
2006-02-27 00:00:00,4.49
2006-02-28 00:00:00,4.507
2006-03-01 00:00:00,4.487
2006-03-02 00:00:00,4.487
2006-03-03 00:00:00,4.492
2006-03-06 00:00:00,4.465
2006-03-07 00:00:00,4.482
2006-03-08 00:00:00,4.485
2006-03-09 00:00:00,4.475
2006-03-10 00:00:00,4.49
2006-03-13 00:00:00,4.492
2006-03-14 00:00:00,4.477
2006-03-15 00:00:00,4.5
2006-03-16 00:00:00,4.492
2006-03-17 00:00:00,4.517
2006-03-20 00:00:00,4.53
2006-03-21 00:00:00,4.567
2006-03-22 00:00:00,4.567
2006-03-23 00:00:00,4.547
2006-03-24 00:00:00,4.535
2006-03-27 00:00:00,4.517
2006-03-28 00:00:00,4.527
2006-03-29 00:00:00,4.502
2006-03-30 00:00:00,4.485
2006-03-31 00:00:00,4.515
2006-04-03 00:00:00,4.527
2006-04-04 00:00:00,4.552
2006-04-05 00:00:00,4.547
2006-04-06 00:00:00,4.552
2006-04-07 00:00:00,4.562
2006-04-10 00:00:00,4.567
2006-04-11 00:00:00,4.572
2006-04-12 00:00:00,4.582
2006-04-13 00:00:00,4.577
2006-04-17 00:00:00,4.577
2006-04-18 00:00:00,4.597
2006-04-19 00:00:00,4.602
2006-04-20 00:00:00,4.602
2006-04-21 00:00:00,4.625
2006-04-24 00:00:00,4.622
2006-04-25 00:00:00,4.655
2006-04-26 00:00:00,4.657
2006-04-27 00:00:00,4.657
2006-04-28 00:00:00,4.65
2006-05-01 00:00:00,4.647
2006-05-02 00:00:00,4.682
2006-05-03 00:00:00,4.697
2006-05-04 00:00:00,4.672
2006-05-05 00:00:00,4.695
2006-05-08 00:00:00,4.7
2006-05-09 00:00:00,4.755
2006-05-10 00:00:00,4.752
2006-05-11 00:00:00,4.695
2006-05-12 00:00:00,4.707
2006-05-15 00:00:00,4.697
2006-05-16 00:00:00,4.707
2006-05-17 00:00:00,4.707
2006-05-18 00:00:00,4.707
2006-05-19 00:00:00,4.697
2006-05-22 00:00:00,4.682
2006-05-23 00:00:00,4.712
2006-05-24 00:00:00,4.702
2006-05-25 00:00:00,4.697
2006-05-26 00:00:00,4.712
2006-05-30 00:00:00,4.697
2006-05-31 00:00:00,4.715
2006-06-01 00:00:00,4.707
2006-06-02 00:00:00,4.682
2006-06-05 00:00:00,4.702
2006-06-06 00:00:00,4.737
2006-06-07 00:00:00,4.732
2006-06-08 00:00:00,4.735
2006-06-09 00:00:00,4.747
2006-06-12 00:00:00,4.782
2006-06-13 00:00:00,4.772
2006-06-14 00:00:00,4.76
2006-06-15 00:00:00,4.72
2006-06-16 00:00:00,4.745
2006-06-19 00:00:00,4.755
2006-06-20 00:00:00,4.8
2006-06-21 00:00:00,4.785
2006-06-22 00:00:00,4.775
2006-06-23 00:00:00,4.835
2006-06-26 00:00:00,4.85
2006-06-27 00:00:00,4.91
2006-06-28 00:00:00,4.87
2006-06-29 00:00:00,4.865
2006-06-30 00:00:00,4.86
2006-07-03 00:00:00,4.885
2006-07-05 00:00:00,4.87
2006-07-06 00:00:00,4.87
2006-07-07 00:00:00,4.875
2006-07-10 00:00:00,4.875
2006-07-11 00:00:00,4.915
2006-07-12 00:00:00,4.925
2006-07-13 00:00:00,4.915
2006-07-14 00:00:00,4.915
2006-07-17 00:00:00,4.94
2006-07-18 00:00:00,5.0
2006-07-19 00:00:00,4.97
2006-07-20 00:00:00,4.945
2006-07-21 00:00:00,4.945
2006-07-24 00:00:00,4.945
2006-07-25 00:00:00,5.0
2006-07-26 00:00:00,4.97
2006-07-27 00:00:00,4.955
2006-07-28 00:00:00,4.92
2006-07-31 00:00:00,4.935
2006-08-01 00:00:00,4.985
2006-08-02 00:00:00,4.965
2006-08-03 00:00:00,4.97
2006-08-04 00:00:00,4.945
2006-08-07 00:00:00,4.97
2006-08-08 00:00:00,4.975
2006-08-09 00:00:00,4.935
2006-08-10 00:00:00,4.915
2006-08-11 00:00:00,4.935
2006-08-14 00:00:00,4.955
2006-08-15 00:00:00,4.96
2006-08-16 00:00:00,4.93
2006-08-17 00:00:00,4.955
2006-08-18 00:00:00,4.96
2006-08-21 00:00:00,4.955
2006-08-22 00:00:00,4.965
2006-08-23 00:00:00,4.96
2006-08-24 00:00:00,4.955
2006-08-25 00:00:00,4.965
2006-08-28 00:00:00,4.96
2006-08-29 00:00:00,4.935
2006-08-30 00:00:00,4.92
2006-08-31 00:00:00,4.905
2006-09-01 00:00:00,4.885
2006-09-05 00:00:00,4.85
2006-09-06 00:00:00,4.83
2006-09-07 00:00:00,4.83
2006-09-08 00:00:00,4.8
2006-09-11 00:00:00,4.81
2006-09-12 00:00:00,4.78
2006-09-13 00:00:00,4.78
2006-09-14 00:00:00,4.81
2006-09-15 00:00:00,4.815
2006-09-18 00:00:00,4.805
2006-09-19 00:00:00,4.82
2006-09-20 00:00:00,4.81
2006-09-21 00:00:00,4.785
2006-09-22 00:00:00,4.79
2006-09-25 00:00:00,4.77
2006-09-26 00:00:00,4.755
2006-09-27 00:00:00,4.75
2006-09-28 00:00:00,4.74
2006-09-29 00:00:00,4.76
2006-10-02 00:00:00,4.76
2006-10-03 00:00:00,4.775
2006-10-04 00:00:00,4.795
2006-10-05 00:00:00,4.8
2006-10-06 00:00:00,4.81
2006-10-10 00:00:00,4.855
2006-10-11 00:00:00,4.885
2006-10-12 00:00:00,4.92
2006-10-13 00:00:00,4.92
2006-10-16 00:00:00,4.93
2006-10-17 00:00:00,4.95
2006-10-18 00:00:00,4.95
2006-10-19 00:00:00,4.96
2006-10-20 00:00:00,4.95
2006-10-23 00:00:00,4.97
2006-10-24 00:00:00,4.99
2006-10-25 00:00:00,4.985
2006-10-26 00:00:00,4.975
2006-10-27 00:00:00,4.965
2006-10-30 00:00:00,4.945
2006-10-31 00:00:00,4.94
2006-11-01 00:00:00,4.935
2006-11-02 00:00:00,4.935
2006-11-03 00:00:00,4.955
2006-11-06 00:00:00,4.94
2006-11-07 00:00:00,4.945
2006-11-08 00:00:00,4.96
2006-11-09 00:00:00,4.96
2006-11-10 00:00:00,4.955
2006-11-13 00:00:00,4.945
2006-11-14 00:00:00,4.955
2006-11-15 00:00:00,4.95
2006-11-16 00:00:00,4.955
2006-11-17 00:00:00,4.945
2006-11-20 00:00:00,4.925
2006-11-21 00:00:00,4.93
2006-11-22 00:00:00,4.92
2006-11-24 00:00:00,4.905
2006-11-27 00:00:00,4.905
2006-11-28 00:00:00,4.905
2006-11-29 00:00:00,4.905
2006-11-30 00:00:00,4.89
2006-12-01 00:00:00,4.89
2006-12-04 00:00:00,4.87
2006-12-05 00:00:00,4.85
2006-12-06 00:00:00,4.855
2006-12-07 00:00:00,4.84
2006-12-08 00:00:00,4.83
2006-12-11 00:00:00,4.815
2006-12-12 00:00:00,4.805
2006-12-13 00:00:00,4.815
2006-12-14 00:00:00,4.815
2006-12-15 00:00:00,4.775
2006-12-18 00:00:00,4.805
2006-12-19 00:00:00,4.83
2006-12-20 00:00:00,4.835
2006-12-21 00:00:00,4.835
2006-12-22 00:00:00,4.85
2006-12-26 00:00:00,4.85
2006-12-27 00:00:00,4.845
2006-12-28 00:00:00,4.865
2006-12-29 00:00:00,4.885
2007-01-03 00:00:00,4.915
2007-01-04 00:00:00,4.9
2007-01-05 00:00:00,4.91
2007-01-08 00:00:00,4.91
2007-01-09 00:00:00,4.945
2007-01-10 00:00:00,4.95
2007-01-11 00:00:00,4.965
2007-01-12 00:00:00,4.955
2007-01-16 00:00:00,4.955
2007-01-17 00:00:00,4.98
2007-01-18 00:00:00,4.98
2007-01-19 00:00:00,5.0
2007-01-22 00:00:00,4.99
2007-01-23 00:00:00,5.005
2007-01-24 00:00:00,4.99
2007-01-25 00:00:00,5.0
2007-01-26 00:00:00,4.995
2007-01-29 00:00:00,4.995
2007-01-30 00:00:00,4.995
2007-01-31 00:00:00,4.975
2007-02-01 00:00:00,4.99
2007-02-02 00:00:00,5.0
2007-02-05 00:00:00,4.995
2007-02-06 00:00:00,5.01
2007-02-07 00:00:00,5.01
2007-02-08 00:00:00,5.015
2007-02-09 00:00:00,5.015
2007-02-12 00:00:00,5.02
2007-02-13 00:00:00,5.025
2007-02-14 00:00:00,5.01
2007-02-15 00:00:00,5.02
2007-02-16 00:00:00,5.03
2007-02-20 00:00:00,5.035
2007-02-21 00:00:00,5.035
2007-02-22 00:00:00,5.045
2007-02-23 00:00:00,5.04
2007-02-26 00:00:00,5.045
2007-02-27 00:00:00,4.99
2007-02-28 00:00:00,4.995
2007-03-01 00:00:00,4.99
2007-03-02 00:00:00,4.97
2007-03-05 00:00:00,4.96
2007-03-06 00:00:00,4.975
2007-03-07 00:00:00,4.955
2007-03-08 00:00:00,4.945
2007-03-09 00:00:00,4.95
2007-03-12 00:00:00,4.95
2007-03-13 00:00:00,4.935
2007-03-14 00:00:00,4.915
2007-03-15 00:00:00,4.895
2007-03-16 00:00:00,4.885
2007-03-19 00:00:00,4.895
2007-03-20 00:00:00,4.91
2007-03-21 00:00:00,4.91
2007-03-22 00:00:00,4.92
2007-03-23 00:00:00,4.925
2007-03-26 00:00:00,4.93
2007-03-27 00:00:00,4.92
2007-03-28 00:00:00,4.91
2007-03-29 00:00:00,4.905
2007-03-30 00:00:00,4.895
2007-04-02 00:00:00,4.905
2007-04-03 00:00:00,4.905
2007-04-04 00:00:00,4.905
2007-04-05 00:00:00,4.895
2007-04-09 00:00:00,4.885
2007-04-10 00:00:00,4.88
2007-04-11 00:00:00,4.885
2007-04-12 00:00:00,4.885
2007-04-13 00:00:00,4.87
2007-04-16 00:00:00,4.865
2007-04-17 00:00:00,4.86
2007-04-18 00:00:00,4.85
2007-04-19 00:00:00,4.845
2007-04-20 00:00:00,4.835
2007-04-23 00:00:00,4.84
2007-04-24 00:00:00,4.835
2007-04-25 00:00:00,4.82
2007-04-26 00:00:00,4.8
2007-04-27 00:00:00,4.795
2007-04-30 00:00:00,4.725
2007-05-01 00:00:00,4.755
2007-05-02 00:00:00,4.755
2007-05-03 00:00:00,4.75
2007-05-04 00:00:00,4.75
2007-05-07 00:00:00,4.73
2007-05-08 00:00:00,4.755
2007-05-09 00:00:00,4.73
2007-05-10 00:00:00,4.72
2007-05-11 00:00:00,4.715
2007-05-14 00:00:00,4.7
2007-05-15 00:00:00,4.69
2007-05-16 00:00:00,4.61
2007-05-17 00:00:00,4.66
2007-05-18 00:00:00,4.685
2007-05-21 00:00:00,4.71
2007-05-22 00:00:00,4.775
2007-05-23 00:00:00,4.765
2007-05-24 00:00:00,4.765
2007-05-25 00:00:00,4.74
2007-05-29 00:00:00,4.685
2007-05-30 00:00:00,4.705
2007-05-31 00:00:00,4.59
2007-06-01 00:00:00,4.655
2007-06-04 00:00:00,4.625
2007-06-05 00:00:00,4.69
2007-06-06 00:00:00,4.655
2007-06-07 00:00:00,4.66
2007-06-08 00:00:00,4.63
2007-06-11 00:00:00,4.59
2007-06-12 00:00:00,4.59
2007-06-13 00:00:00,4.515
2007-06-14 00:00:00,4.51
2007-06-15 00:00:00,4.43
2007-06-18 00:00:00,4.41
2007-06-19 00:00:00,4.515
2007-06-20 00:00:00,4.6
2007-06-21 00:00:00,4.56
2007-06-22 00:00:00,4.585
2007-06-25 00:00:00,4.64
2007-06-26 00:00:00,4.675
2007-06-27 00:00:00,4.635
2007-06-28 00:00:00,4.64
2007-06-29 00:00:00,4.67
2007-07-02 00:00:00,4.73
2007-07-03 00:00:00,4.815
2007-07-05 00:00:00,4.81
2007-07-06 00:00:00,4.79
2007-07-09 00:00:00,4.785
2007-07-10 00:00:00,4.805
2007-07-11 00:00:00,4.805
2007-07-12 00:00:00,4.815
2007-07-13 00:00:00,4.82
2007-07-16 00:00:00,4.79
2007-07-17 00:00:00,4.81
2007-07-18 00:00:00,4.815
2007-07-19 00:00:00,4.83
2007-07-20 00:00:00,4.825
2007-07-23 00:00:00,4.855
2007-07-24 00:00:00,4.875
2007-07-25 00:00:00,4.835
2007-07-26 00:00:00,4.77
2007-07-27 00:00:00,4.705
2007-07-30 00:00:00,4.72
2007-07-31 00:00:00,4.81
2007-08-01 00:00:00,4.74
2007-08-02 00:00:00,4.745
2007-08-03 00:00:00,4.7
2007-08-06 00:00:00,4.715
2007-08-07 00:00:00,4.785
2007-08-08 00:00:00,4.805
2007-08-09 00:00:00,4.72
2007-08-10 00:00:00,4.415
2007-08-13 00:00:00,4.53
2007-08-14 00:00:00,4.5
2007-08-15 00:00:00,4.13
2007-08-16 00:00:00,3.7
2007-08-17 00:00:00,3.62
2007-08-20 00:00:00,2.95
2007-08-21 00:00:00,3.42
2007-08-22 00:00:00,3.565
2007-08-23 00:00:00,3.71
2007-08-24 00:00:00,4.08
2007-08-27 00:00:00,4.38
2007-08-28 00:00:00,4.27
2007-08-29 00:00:00,3.85
2007-08-30 00:00:00,3.73
2007-08-31 00:00:00,3.99
2007-09-04 00:00:00,4.28
2007-09-05 00:00:00,4.22
2007-09-06 00:00:00,4.16
2007-09-07 00:00:00,3.94
2007-09-10 00:00:00,3.87
2007-09-11 00:00:00,3.99
2007-09-12 00:00:00,3.9
2007-09-13 00:00:00,3.95
2007-09-14 00:00:00,3.88
2007-09-17 00:00:00,3.99
2007-09-18 00:00:00,3.86
2007-09-19 00:00:00,3.81
2007-09-20 00:00:00,3.67
2007-09-21 00:00:00,3.62
2007-09-24 00:00:00,3.67
2007-09-25 00:00:00,3.69
2007-09-26 00:00:00,3.625
2007-09-27 00:00:00,3.6
2007-09-28 00:00:00,3.7
2007-10-01 00:00:00,3.795
2007-10-02 00:00:00,3.85
2007-10-03 00:00:00,3.84
2007-10-04 00:00:00,3.835
2007-10-05 00:00:00,3.87
2007-10-08 00:00:00,3.865
2007-10-09 00:00:00,3.91
2007-10-10 00:00:00,3.935
2007-10-11 00:00:00,4.005
2007-10-12 00:00:00,4.08
2007-10-15 00:00:00,4.16
2007-10-16 00:00:00,4.125
2007-10-17 00:00:00,3.89
2007-10-18 00:00:00,3.64
2007-10-19 00:00:00,3.74
2007-10-22 00:00:00,3.86
2007-10-23 00:00:00,3.86
2007-10-24 00:00:00,3.71
2007-10-25 00:00:00,3.82
2007-10-26 00:00:00,3.84
2007-10-29 00:00:00,3.86
2007-10-30 00:00:00,3.85
2007-10-31 00:00:00,3.82
2007-11-01 00:00:00,3.705
2007-11-02 00:00:00,3.5
2007-11-05 00:00:00,3.58
2007-11-06 00:00:00,3.63
2007-11-07 00:00:00,3.36
2007-11-08 00:00:00,3.28
2007-11-09 00:00:00,3.17
2007-11-12 00:00:00,3.18
2007-11-13 00:00:00,3.36
2007-11-14 00:00:00,3.315
2007-11-15 00:00:00,3.19
2007-11-16 00:00:00,3.29
2007-11-19 00:00:00,3.275
2007-11-20 00:00:00,3.16
2007-11-21 00:00:00,3.04
2007-11-23 00:00:00,3.14
2007-11-26 00:00:00,3.055
2007-11-27 00:00:00,3.075
2007-11-28 00:00:00,2.96
2007-11-29 00:00:00,2.885
2007-11-30 00:00:00,3.07
2007-12-03 00:00:00,2.96
2007-12-04 00:00:00,2.98
2007-12-05 00:00:00,2.98
2007-12-06 00:00:00,2.96
2007-12-07 00:00:00,3.02
2007-12-10 00:00:00,2.97
2007-12-11 00:00:00,2.87
2007-12-12 00:00:00,2.81
2007-12-13 00:00:00,2.78
2007-12-14 00:00:00,2.795
2007-12-17 00:00:00,2.93
2007-12-18 00:00:00,2.97
2007-12-19 00:00:00,2.835
2007-12-20 00:00:00,2.805
2007-12-21 00:00:00,2.9
2007-12-24 00:00:00,3.2
2007-12-26 00:00:00,3.225
2007-12-27 00:00:00,3.075
2007-12-28 00:00:00,3.08
2007-12-31 00:00:00,3.14
2008-01-02 00:00:00,3.17
2008-01-03 00:00:00,3.15
2008-01-04 00:00:00,3.115
2008-01-07 00:00:00,3.165
2008-01-08 00:00:00,3.16
2008-01-09 00:00:00,3.11
2008-01-10 00:00:00,3.13
2008-01-11 00:00:00,3.01
2008-01-14 00:00:00,3.085
2008-01-15 00:00:00,3.085
2008-01-16 00:00:00,3.04
2008-01-17 00:00:00,2.98
2008-01-18 00:00:00,2.79
2008-01-22 00:00:00,2.23
2008-01-23 00:00:00,2.11
2008-01-24 00:00:00,2.3
2008-01-25 00:00:00,2.22
2008-01-28 00:00:00,2.215
2008-01-29 00:00:00,2.205
2008-01-30 00:00:00,2.14
2008-01-31 00:00:00,1.87
2008-02-01 00:00:00,2.05
2008-02-04 00:00:00,2.17
2008-02-05 00:00:00,2.145
2008-02-06 00:00:00,2.04
2008-02-07 00:00:00,2.1
2008-02-08 00:00:00,2.16
2008-02-11 00:00:00,2.19
2008-02-12 00:00:00,2.25
2008-02-13 00:00:00,2.21
2008-02-14 00:00:00,2.22
2008-02-15 00:00:00,2.13
2008-02-19 00:00:00,2.17
2008-02-20 00:00:00,2.175
2008-02-21 00:00:00,2.14
2008-02-22 00:00:00,2.14
2008-02-25 00:00:00,2.11
2008-02-26 00:00:00,2.075
2008-02-27 00:00:00,1.93
2008-02-28 00:00:00,1.855
2008-02-29 00:00:00,1.785
2008-03-03 00:00:00,1.635
2008-03-04 00:00:00,1.595
2008-03-05 00:00:00,1.48
2008-03-06 00:00:00,1.365
2008-03-07 00:00:00,1.4
2008-03-10 00:00:00,1.3
2008-03-11 00:00:00,1.44
2008-03-12 00:00:00,1.44
2008-03-13 00:00:00,1.3
2008-03-14 00:00:00,1.12
2008-03-17 00:00:00,0.99
2008-03-18 00:00:00,0.9
2008-03-19 00:00:00,0.65
2008-03-20 00:00:00,0.5
2008-03-24 00:00:00,1.015
2008-03-25 00:00:00,1.255
2008-03-26 00:00:00,1.27
2008-03-27 00:00:00,1.25
2008-03-28 00:00:00,1.35
2008-03-31 00:00:00,1.275
2008-04-01 00:00:00,1.355
2008-04-02 00:00:00,1.365
2008-04-03 00:00:00,1.36
2008-04-04 00:00:00,1.32
2008-04-07 00:00:00,1.36
2008-04-08 00:00:00,1.35
2008-04-09 00:00:00,1.275
2008-04-10 00:00:00,1.235
2008-04-11 00:00:00,1.16
2008-04-14 00:00:00,1.075
2008-04-15 00:00:00,1.1
2008-04-16 00:00:00,1.115
2008-04-17 00:00:00,1.21
2008-04-18 00:00:00,1.32
2008-04-21 00:00:00,1.27
2008-04-22 00:00:00,1.255
2008-04-23 00:00:00,1.2
2008-04-24 00:00:00,1.22
2008-04-25 00:00:00,1.285
2008-04-28 00:00:00,1.33
2008-04-29 00:00:00,1.44
2008-04-30 00:00:00,1.34
2008-05-01 00:00:00,1.37
2008-05-02 00:00:00,1.465
2008-05-05 00:00:00,1.55
2008-05-06 00:00:00,1.595
2008-05-07 00:00:00,1.63
2008-05-08 00:00:00,1.62
2008-05-09 00:00:00,1.65
2008-05-12 00:00:00,1.75
2008-05-13 00:00:00,1.785
2008-05-14 00:00:00,1.785
2008-05-15 00:00:00,1.79
2008-05-16 00:00:00,1.8
2008-05-19 00:00:00,1.805
2008-05-20 00:00:00,1.825
2008-05-21 00:00:00,1.81
2008-05-22 00:00:00,1.825
2008-05-23 00:00:00,1.8
2008-05-27 00:00:00,1.85
2008-05-28 00:00:00,1.855
2008-05-29 00:00:00,1.865
2008-05-30 00:00:00,1.85
2008-06-02 00:00:00,1.79
2008-06-03 00:00:00,1.81
2008-06-04 00:00:00,1.805
2008-06-05 00:00:00,1.81
2008-06-06 00:00:00,1.8
2008-06-09 00:00:00,1.85
2008-06-10 00:00:00,1.97
2008-06-11 00:00:00,1.905
2008-06-12 00:00:00,1.95
2008-06-13 00:00:00,1.93
2008-06-16 00:00:00,1.94
2008-06-17 00:00:00,1.955
2008-06-18 00:00:00,1.88
2008-06-19 00:00:00,1.86
2008-06-20 00:00:00,1.8
2008-06-23 00:00:00,1.85
2008-06-24 00:00:00,1.795
2008-06-25 00:00:00,1.76
2008-06-26 00:00:00,1.68
2008-06-27 00:00:00,1.63
2008-06-30 00:00:00,1.705
2008-07-01 00:00:00,1.825
2008-07-02 00:00:00,1.79
2008-07-03 00:00:00,1.81
2008-07-07 00:00:00,1.775
2008-07-08 00:00:00,1.82
2008-07-09 00:00:00,1.79
2008-07-10 00:00:00,1.63
2008-07-11 00:00:00,1.57
2008-07-14 00:00:00,1.425
2008-07-15 00:00:00,1.375
2008-07-16 00:00:00,1.345
2008-07-17 00:00:00,1.39
2008-07-18 00:00:00,1.42
2008-07-21 00:00:00,1.38
2008-07-22 00:00:00,1.5
2008-07-23 00:00:00,1.545
2008-07-24 00:00:00,1.61
2008-07-25 00:00:00,1.69
2008-07-28 00:00:00,1.665
2008-07-29 00:00:00,1.68
2008-07-30 00:00:00,1.67
2008-07-31 00:00:00,1.635
2008-08-01 00:00:00,1.63
2008-08-04 00:00:00,1.66
2008-08-05 00:00:00,1.71
2008-08-06 00:00:00,1.6
2008-08-07 00:00:00,1.63
2008-08-08 00:00:00,1.665
2008-08-11 00:00:00,1.77
2008-08-12 00:00:00,1.825
2008-08-13 00:00:00,1.815
2008-08-14 00:00:00,1.83
2008-08-15 00:00:00,1.8
2008-08-18 00:00:00,1.74
2008-08-19 00:00:00,1.765
2008-08-20 00:00:00,1.67
2008-08-21 00:00:00,1.685
2008-08-22 00:00:00,1.665
2008-08-25 00:00:00,1.645
2008-08-26 00:00:00,1.675
2008-08-27 00:00:00,1.64
2008-08-28 00:00:00,1.7
2008-08-29 00:00:00,1.69
2008-09-02 00:00:00,1.65
2008-09-03 00:00:00,1.665
2008-09-04 00:00:00,1.65
2008-09-05 00:00:00,1.64
2008-09-08 00:00:00,1.67
2008-09-09 00:00:00,1.64
2008-09-10 00:00:00,1.62
2008-09-11 00:00:00,1.58
2008-09-12 00:00:00,1.46
2008-09-15 00:00:00,0.81
2008-09-16 00:00:00,0.86
2008-09-17 00:00:00,0.02
2008-09-18 00:00:00,0.07
2008-09-19 00:00:00,0.92
2008-09-22 00:00:00,0.875
2008-09-23 00:00:00,0.8
2008-09-24 00:00:00,0.44
2008-09-25 00:00:00,0.71
2008-09-26 00:00:00,0.83
2008-09-29 00:00:00,0.45
2008-09-30 00:00:00,0.9
2008-10-01 00:00:00,0.8
2008-10-02 00:00:00,0.59
2008-10-03 00:00:00,0.47
2008-10-06 00:00:00,0.41
2008-10-07 00:00:00,0.785
2008-10-08 00:00:00,0.64
2008-10-09 00:00:00,0.58
2008-10-10 00:00:00,0.21
2008-10-13 00:00:00,0.21
2008-10-14 00:00:00,0.235
2008-10-15 00:00:00,0.2
2008-10-16 00:00:00,0.435
2008-10-17 00:00:00,0.78
2008-10-20 00:00:00,1.02
2008-10-21 00:00:00,1.095
2008-10-22 00:00:00,1.01
2008-10-23 00:00:00,0.91
2008-10-24 00:00:00,0.82
2008-10-27 00:00:00,0.73
2008-10-28 00:00:00,0.75
2008-10-29 00:00:00,0.565
2008-10-30 00:00:00,0.375
2008-10-31 00:00:00,0.435
2008-11-03 00:00:00,0.42
2008-11-04 00:00:00,0.465
2008-11-05 00:00:00,0.38
2008-11-06 00:00:00,0.315
2008-11-07 00:00:00,0.29
2008-11-10 00:00:00,0.2
2008-11-11 00:00:00,0.195
2008-11-12 00:00:00,0.14
2008-11-13 00:00:00,0.19
2008-11-14 00:00:00,0.13
2008-11-17 00:00:00,0.09
2008-11-18 00:00:00,0.11
2008-11-19 00:00:00,0.065
2008-11-20 00:00:00,0.005
2008-11-21 00:00:00,0.01
2008-11-24 00:00:00,0.01
2008-11-25 00:00:00,0.1
2008-11-26 00:00:00,0.03
2008-11-28 00:00:00,0.02
2008-12-01 00:00:00,0.01
2008-12-02 00:00:00,0.05
2008-12-03 00:00:00,0.015
2008-12-04 00:00:00,0.005
2008-12-05 00:00:00,0.01
2008-12-08 00:00:00,0.005
2008-12-09 00:00:00,0.01
2008-12-10 00:00:00,0.005
2008-12-11 00:00:00,0.01
2008-12-12 00:00:00,0.01
2008-12-15 00:00:00,0.005
2008-12-16 00:00:00,0.025
2008-12-17 00:00:00,0.005
2008-12-18 00:00:00,0.005
2008-12-19 00:00:00,0.005
2008-12-22 00:00:00,0.005
2008-12-23 00:00:00,0.005
2008-12-24 00:00:00,0.005
2008-12-26 00:00:00,0.005
2008-12-29 00:00:00,0.01
2008-12-30 00:00:00,0.09
2008-12-31 00:00:00,0.115
2009-01-02 00:00:00,0.085
2009-01-05 00:00:00,0.085
2009-01-06 00:00:00,0.13
2009-01-07 00:00:00,0.1
2009-01-08 00:00:00,0.08
2009-01-09 00:00:00,0.065
2009-01-12 00:00:00,0.065
2009-01-13 00:00:00,0.105
2009-01-14 00:00:00,0.11
2009-01-15 00:00:00,0.1
2009-01-16 00:00:00,0.115
2009-01-20 00:00:00,0.1
2009-01-21 00:00:00,0.11
2009-01-22 00:00:00,0.1
2009-01-23 00:00:00,0.09
2009-01-26 00:00:00,0.1
2009-01-27 00:00:00,0.13
2009-01-28 00:00:00,0.18
2009-01-29 00:00:00,0.22
2009-01-30 00:00:00,0.22
2009-02-02 00:00:00,0.245
2009-02-03 00:00:00,0.31
2009-02-04 00:00:00,0.29
2009-02-05 00:00:00,0.27
2009-02-06 00:00:00,0.27
2009-02-09 00:00:00,0.275
2009-02-10 00:00:00,0.305
2009-02-11 00:00:00,0.3
2009-02-12 00:00:00,0.285
2009-02-13 00:00:00,0.29
2009-02-17 00:00:00,0.285
2009-02-18 00:00:00,0.3
2009-02-19 00:00:00,0.3
2009-02-20 00:00:00,0.265
2009-02-23 00:00:00,0.27
2009-02-24 00:00:00,0.295
2009-02-25 00:00:00,0.295
2009-02-26 00:00:00,0.265
2009-02-27 00:00:00,0.25
2009-03-02 00:00:00,0.23
2009-03-03 00:00:00,0.265
2009-03-04 00:00:00,0.25
2009-03-05 00:00:00,0.2
2009-03-06 00:00:00,0.185
2009-03-09 00:00:00,0.2
2009-03-10 00:00:00,0.235
2009-03-11 00:00:00,0.22
2009-03-12 00:00:00,0.2
2009-03-13 00:00:00,0.19
2009-03-16 00:00:00,0.22
2009-03-17 00:00:00,0.225
2009-03-18 00:00:00,0.205
2009-03-19 00:00:00,0.19
2009-03-20 00:00:00,0.2
2009-03-23 00:00:00,0.19
2009-03-24 00:00:00,0.205
2009-03-25 00:00:00,0.185
2009-03-26 00:00:00,0.14
2009-03-27 00:00:00,0.125
2009-03-30 00:00:00,0.12
2009-03-31 00:00:00,0.2
2009-04-01 00:00:00,0.21
2009-04-02 00:00:00,0.19
2009-04-03 00:00:00,0.2
2009-04-06 00:00:00,0.185
2009-04-07 00:00:00,0.19
2009-04-08 00:00:00,0.18
2009-04-09 00:00:00,0.175
2009-04-13 00:00:00,0.17
2009-04-14 00:00:00,0.165
2009-04-15 00:00:00,0.14
2009-04-16 00:00:00,0.125
2009-04-17 00:00:00,0.13
2009-04-20 00:00:00,0.12
2009-04-21 00:00:00,0.14
2009-04-22 00:00:00,0.135
2009-04-23 00:00:00,0.095
2009-04-24 00:00:00,0.095
2009-04-27 00:00:00,0.09
2009-04-28 00:00:00,0.12
2009-04-29 00:00:00,0.095
2009-04-30 00:00:00,0.125
2009-05-01 00:00:00,0.145
2009-05-04 00:00:00,0.175
2009-05-05 00:00:00,0.175
2009-05-06 00:00:00,0.18
2009-05-07 00:00:00,0.18
2009-05-08 00:00:00,0.165
2009-05-11 00:00:00,0.155
2009-05-12 00:00:00,0.18
2009-05-13 00:00:00,0.17
2009-05-14 00:00:00,0.155
2009-05-15 00:00:00,0.155
2009-05-18 00:00:00,0.16
2009-05-19 00:00:00,0.175
2009-05-20 00:00:00,0.17
2009-05-21 00:00:00,0.175
2009-05-22 00:00:00,0.175
2009-05-26 00:00:00,0.165
2009-05-27 00:00:00,0.16
2009-05-28 00:00:00,0.135
2009-05-29 00:00:00,0.13
2009-06-01 00:00:00,0.085
2009-06-02 00:00:00,0.13
2009-06-03 00:00:00,0.13
2009-06-04 00:00:00,0.135
2009-06-05 00:00:00,0.18
2009-06-08 00:00:00,0.17
2009-06-09 00:00:00,0.175
2009-06-10 00:00:00,0.175
2009-06-11 00:00:00,0.17
2009-06-12 00:00:00,0.165
2009-06-15 00:00:00,0.155
2009-06-16 00:00:00,0.165
2009-06-17 00:00:00,0.165
2009-06-18 00:00:00,0.17
2009-06-19 00:00:00,0.17
2009-06-22 00:00:00,0.185
2009-06-23 00:00:00,0.195
2009-06-24 00:00:00,0.18
2009-06-25 00:00:00,0.165
2009-06-26 00:00:00,0.175
2009-06-29 00:00:00,0.16
2009-06-30 00:00:00,0.18
2009-07-01 00:00:00,0.165
2009-07-02 00:00:00,0.155
2009-07-06 00:00:00,0.155
2009-07-07 00:00:00,0.18
2009-07-08 00:00:00,0.175
2009-07-09 00:00:00,0.175
2009-07-10 00:00:00,0.165
2009-07-13 00:00:00,0.17
2009-07-14 00:00:00,0.175
2009-07-15 00:00:00,0.175
2009-07-16 00:00:00,0.165
2009-07-17 00:00:00,0.165
2009-07-20 00:00:00,0.16
2009-07-21 00:00:00,0.18
2009-07-22 00:00:00,0.18
2009-07-23 00:00:00,0.18
2009-07-24 00:00:00,0.18
2009-07-27 00:00:00,0.18
2009-07-28 00:00:00,0.185
2009-07-29 00:00:00,0.175
2009-07-30 00:00:00,0.175
2009-07-31 00:00:00,0.175
2009-08-03 00:00:00,0.175
2009-08-04 00:00:00,0.175
2009-08-05 00:00:00,0.175
2009-08-06 00:00:00,0.17
2009-08-07 00:00:00,0.17
2009-08-10 00:00:00,0.16
2009-08-11 00:00:00,0.18
2009-08-12 00:00:00,0.17
2009-08-13 00:00:00,0.165
2009-08-14 00:00:00,0.17
2009-08-17 00:00:00,0.17
2009-08-18 00:00:00,0.175
2009-08-19 00:00:00,0.165
2009-08-20 00:00:00,0.16
2009-08-21 00:00:00,0.16
2009-08-24 00:00:00,0.155
2009-08-25 00:00:00,0.155
2009-08-26 00:00:00,0.145
2009-08-27 00:00:00,0.14
2009-08-28 00:00:00,0.13
2009-08-31 00:00:00,0.13
2009-09-01 00:00:00,0.13
2009-09-02 00:00:00,0.13
2009-09-03 00:00:00,0.125
2009-09-04 00:00:00,0.125
2009-09-08 00:00:00,0.125
2009-09-09 00:00:00,0.135
2009-09-10 00:00:00,0.135
2009-09-11 00:00:00,0.135
2009-09-14 00:00:00,0.13
2009-09-15 00:00:00,0.125
2009-09-16 00:00:00,0.095
2009-09-17 00:00:00,0.095
2009-09-18 00:00:00,0.08
2009-09-21 00:00:00,0.09
2009-09-22 00:00:00,0.095
2009-09-23 00:00:00,0.095
2009-09-24 00:00:00,0.09
2009-09-25 00:00:00,0.09
2009-09-28 00:00:00,0.09
2009-09-29 00:00:00,0.12
2009-09-30 00:00:00,0.115
2009-10-01 00:00:00,0.095
2009-10-02 00:00:00,0.09
2009-10-05 00:00:00,0.09
2009-10-06 00:00:00,0.07
2009-10-07 00:00:00,0.06
2009-10-08 00:00:00,0.06
2009-10-09 00:00:00,0.065
2009-10-12 00:00:00,0.06
2009-10-13 00:00:00,0.06
2009-10-14 00:00:00,0.065
2009-10-15 00:00:00,0.055
2009-10-16 00:00:00,0.06
2009-10-19 00:00:00,0.06
2009-10-20 00:00:00,0.075
2009-10-21 00:00:00,0.065
2009-10-22 00:00:00,0.05
2009-10-23 00:00:00,0.05
2009-10-26 00:00:00,0.05
2009-10-27 00:00:00,0.07
2009-10-28 00:00:00,0.06
2009-10-29 00:00:00,0.05
2009-10-30 00:00:00,0.045
2009-11-02 00:00:00,0.04
2009-11-03 00:00:00,0.05
2009-11-04 00:00:00,0.045
2009-11-05 00:00:00,0.035
2009-11-06 00:00:00,0.045
2009-11-09 00:00:00,0.045
2009-11-10 00:00:00,0.06
2009-11-11 00:00:00,0.06
2009-11-12 00:00:00,0.055
2009-11-13 00:00:00,0.055
2009-11-16 00:00:00,0.055
2009-11-17 00:00:00,0.055
2009-11-18 00:00:00,0.03
2009-11-19 00:00:00,0.005
2009-11-20 00:00:00,0.01
2009-11-23 00:00:00,0.02
2009-11-24 00:00:00,0.04
2009-11-25 00:00:00,0.04
2009-11-27 00:00:00,0.025
2009-11-30 00:00:00,0.05
2009-12-01 00:00:00,0.05
2009-12-02 00:00:00,0.04
2009-12-03 00:00:00,0.04
2009-12-04 00:00:00,0.04
2009-12-07 00:00:00,0.015
2009-12-08 00:00:00,0.025
2009-12-09 00:00:00,0.025
2009-12-10 00:00:00,0.025
2009-12-11 00:00:00,0.02
2009-12-14 00:00:00,0.02
2009-12-15 00:00:00,0.04
2009-12-16 00:00:00,0.035
2009-12-17 00:00:00,0.04
2009-12-18 00:00:00,0.04
2009-12-21 00:00:00,0.045
2009-12-22 00:00:00,0.07
2009-12-23 00:00:00,0.055
2009-12-24 00:00:00,0.04
2009-12-28 00:00:00,0.055
2009-12-29 00:00:00,0.095
2009-12-30 00:00:00,0.04
2009-12-31 00:00:00,0.05
2010-01-04 00:00:00,0.055
2010-01-05 00:00:00,0.06
2010-01-06 00:00:00,0.045
2010-01-07 00:00:00,0.045
2010-01-08 00:00:00,0.04
2010-01-11 00:00:00,0.025
2010-01-12 00:00:00,0.04
2010-01-13 00:00:00,0.05
2010-01-14 00:00:00,0.045
2010-01-15 00:00:00,0.055
2010-01-19 00:00:00,0.05
2010-01-20 00:00:00,0.05
2010-01-21 00:00:00,0.04
2010-01-22 00:00:00,0.045
2010-01-25 00:00:00,0.045
2010-01-26 00:00:00,0.065
2010-01-27 00:00:00,0.07
2010-01-28 00:00:00,0.07
2010-01-29 00:00:00,0.07
2010-02-01 00:00:00,0.085
2010-02-02 00:00:00,0.09
2010-02-03 00:00:00,0.09
2010-02-04 00:00:00,0.085
2010-02-05 00:00:00,0.085
2010-02-08 00:00:00,0.09
2010-02-09 00:00:00,0.1
2010-02-10 00:00:00,0.1
2010-02-11 00:00:00,0.095
2010-02-12 00:00:00,0.09
2010-02-16 00:00:00,0.085
2010-02-17 00:00:00,0.09
2010-02-18 00:00:00,0.085
2010-02-19 00:00:00,0.095
2010-02-22 00:00:00,0.085
2010-02-23 00:00:00,0.115
2010-02-24 00:00:00,0.11
2010-02-25 00:00:00,0.115
2010-02-26 00:00:00,0.115
2010-03-01 00:00:00,0.12
2010-03-02 00:00:00,0.125
2010-03-03 00:00:00,0.135
2010-03-04 00:00:00,0.135
2010-03-05 00:00:00,0.145
2010-03-08 00:00:00,0.145
2010-03-09 00:00:00,0.15
2010-03-10 00:00:00,0.145
2010-03-11 00:00:00,0.145
2010-03-12 00:00:00,0.14
2010-03-15 00:00:00,0.145
2010-03-16 00:00:00,0.155
2010-03-17 00:00:00,0.15
2010-03-18 00:00:00,0.145
2010-03-19 00:00:00,0.145
2010-03-22 00:00:00,0.14
2010-03-23 00:00:00,0.13
2010-03-24 00:00:00,0.135
2010-03-25 00:00:00,0.13
2010-03-26 00:00:00,0.13
2010-03-29 00:00:00,0.125
2010-03-30 00:00:00,0.15
2010-03-31 00:00:00,0.15
2010-04-01 00:00:00,0.15
2010-04-05 00:00:00,0.16
2010-04-06 00:00:00,0.165
2010-04-07 00:00:00,0.16
2010-04-08 00:00:00,0.155
2010-04-09 00:00:00,0.15
2010-04-12 00:00:00,0.135
2010-04-13 00:00:00,0.15
2010-04-14 00:00:00,0.155
2010-04-15 00:00:00,0.15
2010-04-16 00:00:00,0.15
2010-04-19 00:00:00,0.15
2010-04-20 00:00:00,0.145
2010-04-21 00:00:00,0.145
2010-04-22 00:00:00,0.15
2010-04-23 00:00:00,0.155
2010-04-26 00:00:00,0.15
2010-04-27 00:00:00,0.145
2010-04-28 00:00:00,0.155
2010-04-29 00:00:00,0.16
2010-04-30 00:00:00,0.155
2010-05-03 00:00:00,0.16
2010-05-04 00:00:00,0.155
2010-05-05 00:00:00,0.145
2010-05-06 00:00:00,0.1
2010-05-07 00:00:00,0.12
2010-05-10 00:00:00,0.145
2010-05-11 00:00:00,0.15
2010-05-12 00:00:00,0.15
2010-05-13 00:00:00,0.155
2010-05-14 00:00:00,0.145
2010-05-17 00:00:00,0.15
2010-05-18 00:00:00,0.165
2010-05-19 00:00:00,0.165
2010-05-20 00:00:00,0.155
2010-05-21 00:00:00,0.15
2010-05-24 00:00:00,0.15
2010-05-25 00:00:00,0.16
2010-05-26 00:00:00,0.16
2010-05-27 00:00:00,0.16
2010-05-28 00:00:00,0.15
2010-06-01 00:00:00,0.145
2010-06-02 00:00:00,0.145
2010-06-03 00:00:00,0.13
2010-06-04 00:00:00,0.12
2010-06-07 00:00:00,0.105
2010-06-08 00:00:00,0.11
2010-06-09 00:00:00,0.095
2010-06-10 00:00:00,0.085
2010-06-11 00:00:00,0.07
2010-06-14 00:00:00,0.055
2010-06-15 00:00:00,0.08
2010-06-16 00:00:00,0.09
2010-06-17 00:00:00,0.09
2010-06-18 00:00:00,0.095
2010-06-21 00:00:00,0.105
2010-06-22 00:00:00,0.125
2010-06-23 00:00:00,0.12
2010-06-24 00:00:00,0.125
2010-06-25 00:00:00,0.125
2010-06-28 00:00:00,0.135
2010-06-29 00:00:00,0.16
2010-06-30 00:00:00,0.17
2010-07-01 00:00:00,0.165
2010-07-02 00:00:00,0.16
2010-07-06 00:00:00,0.16
2010-07-07 00:00:00,0.155
2010-07-08 00:00:00,0.145
2010-07-09 00:00:00,0.145
2010-07-12 00:00:00,0.14
2010-07-13 00:00:00,0.145
2010-07-14 00:00:00,0.145
2010-07-15 00:00:00,0.145
2010-07-16 00:00:00,0.145
2010-07-19 00:00:00,0.145
2010-07-20 00:00:00,0.15
2010-07-21 00:00:00,0.15
2010-07-22 00:00:00,0.145
2010-07-23 00:00:00,0.145
2010-07-26 00:00:00,0.145
2010-07-27 00:00:00,0.15
2010-07-28 00:00:00,0.145
2010-07-29 00:00:00,0.145
2010-07-30 00:00:00,0.14
2010-08-02 00:00:00,0.14
2010-08-03 00:00:00,0.15
2010-08-04 00:00:00,0.145
2010-08-05 00:00:00,0.14
2010-08-06 00:00:00,0.14
2010-08-09 00:00:00,0.14
2010-08-10 00:00:00,0.145
2010-08-11 00:00:00,0.145
2010-08-12 00:00:00,0.15
2010-08-13 00:00:00,0.145
2010-08-16 00:00:00,0.15
2010-08-17 00:00:00,0.155
2010-08-18 00:00:00,0.15
2010-08-19 00:00:00,0.145
2010-08-20 00:00:00,0.145
2010-08-23 00:00:00,0.15
2010-08-24 00:00:00,0.155
2010-08-25 00:00:00,0.15
2010-08-26 00:00:00,0.145
2010-08-27 00:00:00,0.14
2010-08-30 00:00:00,0.13
2010-08-31 00:00:00,0.135
2010-09-01 00:00:00,0.13
2010-09-02 00:00:00,0.125
2010-09-03 00:00:00,0.125
2010-09-07 00:00:00,0.12
2010-09-08 00:00:00,0.13
2010-09-09 00:00:00,0.135
2010-09-10 00:00:00,0.135
2010-09-13 00:00:00,0.135
2010-09-14 00:00:00,0.145
2010-09-15 00:00:00,0.15
2010-09-16 00:00:00,0.15
2010-09-17 00:00:00,0.145
2010-09-20 00:00:00,0.15
2010-09-21 00:00:00,0.155
2010-09-22 00:00:00,0.155
2010-09-23 00:00:00,0.15
2010-09-24 00:00:00,0.14
2010-09-27 00:00:00,0.13
2010-09-28 00:00:00,0.15
2010-09-29 00:00:00,0.155
2010-09-30 00:00:00,0.155
2010-10-01 00:00:00,0.15
2010-10-04 00:00:00,0.145
2010-10-05 00:00:00,0.115
2010-10-06 00:00:00,0.115
2010-10-07 00:00:00,0.115
2010-10-08 00:00:00,0.115
2010-10-12 00:00:00,0.115
2010-10-13 00:00:00,0.13
2010-10-14 00:00:00,0.135
2010-10-15 00:00:00,0.135
2010-10-18 00:00:00,0.135
2010-10-19 00:00:00,0.135
2010-10-20 00:00:00,0.135
2010-10-21 00:00:00,0.12
2010-10-22 00:00:00,0.12
2010-10-25 00:00:00,0.115
2010-10-26 00:00:00,0.13
2010-10-27 00:00:00,0.13
2010-10-28 00:00:00,0.125
2010-10-29 00:00:00,0.11
2010-11-01 00:00:00,0.105
2010-11-02 00:00:00,0.125
2010-11-03 00:00:00,0.12
2010-11-04 00:00:00,0.115
2010-11-05 00:00:00,0.12
2010-11-08 00:00:00,0.11
2010-11-09 00:00:00,0.125
2010-11-10 00:00:00,0.125
2010-11-11 00:00:00,0.125
2010-11-12 00:00:00,0.125
2010-11-15 00:00:00,0.13
2010-11-16 00:00:00,0.135
2010-11-17 00:00:00,0.135
2010-11-18 00:00:00,0.135
2010-11-19 00:00:00,0.13
2010-11-22 00:00:00,0.125
2010-11-23 00:00:00,0.14
2010-11-24 00:00:00,0.15
2010-11-26 00:00:00,0.155
2010-11-29 00:00:00,0.155
2010-11-30 00:00:00,0.16
2010-12-01 00:00:00,0.155
2010-12-02 00:00:00,0.145
2010-12-03 00:00:00,0.13
2010-12-06 00:00:00,0.125
2010-12-07 00:00:00,0.14
2010-12-08 00:00:00,0.135
2010-12-09 00:00:00,0.135
2010-12-10 00:00:00,0.115
2010-12-13 00:00:00,0.12
2010-12-14 00:00:00,0.135
2010-12-15 00:00:00,0.135
2010-12-16 00:00:00,0.125
2010-12-17 00:00:00,0.105
2010-12-20 00:00:00,0.1
2010-12-21 00:00:00,0.13
2010-12-22 00:00:00,0.13
2010-12-23 00:00:00,0.13
2010-12-27 00:00:00,0.12
2010-12-28 00:00:00,0.14
2010-12-29 00:00:00,0.125
2010-12-30 00:00:00,0.11
2010-12-31 00:00:00,0.115
2011-01-03 00:00:00,0.12
2011-01-04 00:00:00,0.135
2011-01-05 00:00:00,0.135
2011-01-06 00:00:00,0.14
2011-01-07 00:00:00,0.135
2011-01-10 00:00:00,0.135
2011-01-11 00:00:00,0.145
2011-01-12 00:00:00,0.145
2011-01-13 00:00:00,0.14
2011-01-14 00:00:00,0.145
2011-01-18 00:00:00,0.145
2011-01-19 00:00:00,0.155
2011-01-20 00:00:00,0.155
2011-01-21 00:00:00,0.15
2011-01-24 00:00:00,0.15
2011-01-25 00:00:00,0.15
2011-01-26 00:00:00,0.155
2011-01-27 00:00:00,0.14
2011-01-28 00:00:00,0.135
2011-01-31 00:00:00,0.145
2011-02-01 00:00:00,0.15
2011-02-02 00:00:00,0.15
2011-02-03 00:00:00,0.145
2011-02-04 00:00:00,0.145
2011-02-07 00:00:00,0.14
2011-02-08 00:00:00,0.145
2011-02-09 00:00:00,0.13
2011-02-10 00:00:00,0.11
2011-02-11 00:00:00,0.11
2011-02-14 00:00:00,0.11
2011-02-15 00:00:00,0.125
2011-02-16 00:00:00,0.11
2011-02-17 00:00:00,0.09
2011-02-18 00:00:00,0.09
2011-02-22 00:00:00,0.1
2011-02-23 00:00:00,0.115
2011-02-24 00:00:00,0.12
2011-02-25 00:00:00,0.125
2011-02-28 00:00:00,0.135
2011-03-01 00:00:00,0.13
2011-03-02 00:00:00,0.12
2011-03-03 00:00:00,0.125
2011-03-04 00:00:00,0.11
2011-03-07 00:00:00,0.1
2011-03-08 00:00:00,0.105
2011-03-09 00:00:00,0.095
2011-03-10 00:00:00,0.065
2011-03-11 00:00:00,0.07
2011-03-14 00:00:00,0.075
2011-03-15 00:00:00,0.095
2011-03-16 00:00:00,0.085
2011-03-17 00:00:00,0.07
2011-03-18 00:00:00,0.065
2011-03-21 00:00:00,0.07
2011-03-22 00:00:00,0.09
2011-03-23 00:00:00,0.085
2011-03-24 00:00:00,0.08
2011-03-25 00:00:00,0.08
2011-03-28 00:00:00,0.08
2011-03-29 00:00:00,0.095
2011-03-30 00:00:00,0.095
2011-03-31 00:00:00,0.09
2011-04-01 00:00:00,0.055
2011-04-04 00:00:00,0.035
2011-04-05 00:00:00,0.065
2011-04-06 00:00:00,0.05
2011-04-07 00:00:00,0.035
2011-04-08 00:00:00,0.035
2011-04-11 00:00:00,0.035
2011-04-12 00:00:00,0.045
2011-04-13 00:00:00,0.05
2011-04-14 00:00:00,0.065
2011-04-15 00:00:00,0.06
2011-04-18 00:00:00,0.055
2011-04-19 00:00:00,0.055
2011-04-20 00:00:00,0.055
2011-04-21 00:00:00,0.045
2011-04-25 00:00:00,0.045
2011-04-26 00:00:00,0.055
2011-04-27 00:00:00,0.05
2011-04-28 00:00:00,0.035
2011-04-29 00:00:00,0.04
2011-05-02 00:00:00,0.03
2011-05-03 00:00:00,0.025
2011-05-04 00:00:00,0.02
2011-05-05 00:00:00,0.01
2011-05-06 00:00:00,0.005
2011-05-09 00:00:00,0.005
2011-05-10 00:00:00,0.025
2011-05-11 00:00:00,0.02
2011-05-12 00:00:00,0.02
2011-05-13 00:00:00,0.02
2011-05-16 00:00:00,0.02
2011-05-17 00:00:00,0.035
2011-05-18 00:00:00,0.04
2011-05-19 00:00:00,0.04
2011-05-20 00:00:00,0.04
2011-05-23 00:00:00,0.045
2011-05-24 00:00:00,0.05
2011-05-25 00:00:00,0.045
2011-05-26 00:00:00,0.045
2011-05-27 00:00:00,0.035
2011-05-31 00:00:00,0.04
2011-06-01 00:00:00,0.04
2011-06-02 00:00:00,0.035
2011-06-03 00:00:00,0.03
2011-06-06 00:00:00,0.03
2011-06-07 00:00:00,0.04
2011-06-08 00:00:00,0.035
2011-06-09 00:00:00,0.04
2011-06-10 00:00:00,0.035
2011-06-13 00:00:00,0.04
2011-06-14 00:00:00,0.05
2011-06-15 00:00:00,0.045
2011-06-16 00:00:00,0.035
2011-06-17 00:00:00,0.025
2011-06-20 00:00:00,0.015
2011-06-21 00:00:00,0.02
2011-06-22 00:00:00,0.01
2011-06-23 00:00:00,0.005
2011-06-24 00:00:00,0.01
2011-06-27 00:00:00,0.015
2011-06-28 00:00:00,0.025
2011-06-29 00:00:00,0.02
2011-06-30 00:00:00,0.015
2011-07-01 00:00:00,0.01
2011-07-05 00:00:00,0.01
2011-07-06 00:00:00,0.005
2011-07-07 00:00:00,0.02
2011-07-08 00:00:00,0.02
2011-07-11 00:00:00,0.015
2011-07-12 00:00:00,0.03
2011-07-13 00:00:00,0.005
2011-07-14 00:00:00,0.005
2011-07-15 00:00:00,0.005
2011-07-18 00:00:00,0.005
2011-07-19 00:00:00,0.025
2011-07-20 00:00:00,0.02
2011-07-21 00:00:00,0.035
2011-07-22 00:00:00,0.03
2011-07-25 00:00:00,0.035
2011-07-26 00:00:00,0.065
2011-07-27 00:00:00,0.07
2011-07-28 00:00:00,0.065
2011-07-29 00:00:00,0.09
2011-08-01 00:00:00,0.075
2011-08-02 00:00:00,0.05
2011-08-03 00:00:00,0.01
2011-08-04 00:00:00,0.01
2011-08-05 00:00:00,0.01
2011-08-08 00:00:00,0.015
2011-08-09 00:00:00,0.03
2011-08-10 00:00:00,0.015
2011-08-11 00:00:00,0.01
2011-08-12 00:00:00,0.005
2011-08-15 00:00:00,0.005
2011-08-16 00:00:00,0.02
2011-08-17 00:00:00,0.005
2011-08-18 00:00:00,0.01
2011-08-19 00:00:00,0.01
2011-08-22 00:00:00,0.005
2011-08-23 00:00:00,0.005
2011-08-24 00:00:00,0.01
2011-08-25 00:00:00,0.01
2011-08-26 00:00:00,0.01
2011-08-29 00:00:00,0.005
2011-08-30 00:00:00,0.015
2011-08-31 00:00:00,0.015
2011-09-01 00:00:00,0.01
2011-09-02 00:00:00,0.015
2011-09-06 00:00:00,0.015
2011-09-07 00:00:00,0.015
2011-09-08 00:00:00,0.01
2011-09-09 00:00:00,0.005
2011-09-12 00:00:00,0.005
2011-09-13 00:00:00,0.005
2011-09-14 00:00:00,0.005
2011-09-15 00:00:00,0.005
2011-09-16 00:00:00,0.005
2011-09-19 00:00:00,0.005
2011-09-20 00:00:00,0.005
2011-09-21 00:00:00,0.005
2011-09-22 00:00:00,0.005
2011-09-23 00:00:00,0.005
2011-09-26 00:00:00,0.005
2011-09-27 00:00:00,0.01
2011-09-28 00:00:00,0.01
2011-09-29 00:00:00,0.01
2011-09-30 00:00:00,0.01
2011-10-03 00:00:00,0.02
2011-10-04 00:00:00,0.005
2011-10-05 00:00:00,0.005
2011-10-06 00:00:00,0.005
2011-10-07 00:00:00,0.005
2011-10-10 00:00:00,0.005
2011-10-11 00:00:00,0.005
2011-10-12 00:00:00,0.015
2011-10-13 00:00:00,0.015
2011-10-14 00:00:00,0.015
2011-10-17 00:00:00,0.02
2011-10-18 00:00:00,0.025
2011-10-19 00:00:00,0.02
2011-10-20 00:00:00,0.015
2011-10-21 00:00:00,0.015
2011-10-24 00:00:00,0.005
2011-10-25 00:00:00,0.015
2011-10-26 00:00:00,0.015
2011-10-27 00:00:00,0.01
2011-10-28 00:00:00,0.01
2011-10-31 00:00:00,0.005
2011-11-01 00:00:00,0.005
2011-11-02 00:00:00,0.005
2011-11-03 00:00:00,0.005
2011-11-04 00:00:00,0.005
2011-11-07 00:00:00,0.005
2011-11-08 00:00:00,0.005
2011-11-09 00:00:00,0.005
2011-11-10 00:00:00,0.005
2011-11-11 00:00:00,0.005
2011-11-14 00:00:00,0.005
2011-11-15 00:00:00,0.01
2011-11-16 00:00:00,0.005
2011-11-17 00:00:00,0.005
2011-11-18 00:00:00,0.005
2011-11-21 00:00:00,0.005
2011-11-22 00:00:00,0.015
2011-11-23 00:00:00,0.015
2011-11-25 00:00:00,0.005
2011-11-28 00:00:00,0.01
2011-11-29 00:00:00,0.015
2011-11-30 00:00:00,0.015
2011-12-01 00:00:00,0.015
2011-12-02 00:00:00,0.015
2011-12-05 00:00:00,0.015
2011-12-06 00:00:00,0.005
2011-12-07 00:00:00,0.005
2011-12-08 00:00:00,0.005
2011-12-09 00:00:00,0.005
2011-12-12 00:00:00,0.005
2011-12-13 00:00:00,0.005
2011-12-14 00:00:00,0.005
2011-12-15 00:00:00,0.005
2011-12-16 00:00:00,0.005
2011-12-19 00:00:00,0.005
2011-12-20 00:00:00,0.005
2011-12-21 00:00:00,0.005
2011-12-22 00:00:00,0.005
2011-12-23 00:00:00,0.005
2011-12-27 00:00:00,0.005
2011-12-28 00:00:00,0.005
2011-12-29 00:00:00,0.005
2011-12-30 00:00:00,0.005
2012-01-03 00:00:00,0.005
2012-01-04 00:00:00,0.01
2012-01-05 00:00:00,0.01
2012-01-06 00:00:00,0.015
2012-01-09 00:00:00,0.005
2012-01-10 00:00:00,0.01
2012-01-11 00:00:00,0.015
2012-01-12 00:00:00,0.02
2012-01-13 00:00:00,0.02
2012-01-17 00:00:00,0.02
2012-01-18 00:00:00,0.025
2012-01-19 00:00:00,0.04
2012-01-20 00:00:00,0.04
2012-01-23 00:00:00,0.035
2012-01-24 00:00:00,0.035
2012-01-25 00:00:00,0.035
2012-01-26 00:00:00,0.045
2012-01-27 00:00:00,0.05
2012-01-30 00:00:00,0.045
2012-01-31 00:00:00,0.055
2012-02-01 00:00:00,0.055
2012-02-02 00:00:00,0.075
2012-02-03 00:00:00,0.07
2012-02-06 00:00:00,0.065
2012-02-07 00:00:00,0.08
2012-02-08 00:00:00,0.075
2012-02-09 00:00:00,0.085
2012-02-10 00:00:00,0.08
2012-02-13 00:00:00,0.095
2012-02-14 00:00:00,0.11
2012-02-15 00:00:00,0.105
2012-02-16 00:00:00,0.095
2012-02-17 00:00:00,0.075
2012-02-21 00:00:00,0.07
2012-02-22 00:00:00,0.08
2012-02-23 00:00:00,0.085
2012-02-24 00:00:00,0.09
2012-02-27 00:00:00,0.1
2012-02-28 00:00:00,0.095
2012-02-29 00:00:00,0.075
2012-03-01 00:00:00,0.07
2012-03-02 00:00:00,0.06
2012-03-05 00:00:00,0.06
2012-03-06 00:00:00,0.07
2012-03-07 00:00:00,0.075
2012-03-08 00:00:00,0.075
2012-03-09 00:00:00,0.08
2012-03-12 00:00:00,0.075
2012-03-13 00:00:00,0.08
2012-03-14 00:00:00,0.08
2012-03-15 00:00:00,0.075
2012-03-16 00:00:00,0.08
2012-03-19 00:00:00,0.075
2012-03-20 00:00:00,0.095
2012-03-21 00:00:00,0.085
2012-03-22 00:00:00,0.07
2012-03-23 00:00:00,0.07
2012-03-26 00:00:00,0.07
2012-03-27 00:00:00,0.08
2012-03-28 00:00:00,0.075
2012-03-29 00:00:00,0.055
2012-03-30 00:00:00,0.065
2012-04-02 00:00:00,0.06
2012-04-03 00:00:00,0.075
2012-04-04 00:00:00,0.07
2012-04-05 00:00:00,0.07
2012-04-09 00:00:00,0.075
2012-04-10 00:00:00,0.085
2012-04-11 00:00:00,0.085
2012-04-12 00:00:00,0.085
2012-04-13 00:00:00,0.08
2012-04-16 00:00:00,0.075
2012-04-17 00:00:00,0.075
2012-04-18 00:00:00,0.065
2012-04-19 00:00:00,0.065
2012-04-20 00:00:00,0.065
2012-04-23 00:00:00,0.07
2012-04-24 00:00:00,0.08
2012-04-25 00:00:00,0.085
2012-04-26 00:00:00,0.085
2012-04-27 00:00:00,0.085
2012-04-30 00:00:00,0.09
2012-05-01 00:00:00,0.085
2012-05-02 00:00:00,0.08
2012-05-03 00:00:00,0.075
2012-05-04 00:00:00,0.07
2012-05-07 00:00:00,0.075
2012-05-08 00:00:00,0.09
2012-05-09 00:00:00,0.09
2012-05-10 00:00:00,0.09
2012-05-11 00:00:00,0.09
2012-05-14 00:00:00,0.085
2012-05-15 00:00:00,0.09
2012-05-16 00:00:00,0.095
2012-05-17 00:00:00,0.09
2012-05-18 00:00:00,0.075
2012-05-21 00:00:00,0.06
2012-05-22 00:00:00,0.085
2012-05-23 00:00:00,0.08
2012-05-24 00:00:00,0.09
2012-05-25 00:00:00,0.08
2012-05-29 00:00:00,0.075
2012-05-30 00:00:00,0.065
2012-05-31 00:00:00,0.06
2012-06-01 00:00:00,0.065
2012-06-04 00:00:00,0.065
2012-06-05 00:00:00,0.08
2012-06-06 00:00:00,0.08
2012-06-07 00:00:00,0.08
2012-06-08 00:00:00,0.08
2012-06-11 00:00:00,0.075
2012-06-12 00:00:00,0.09
2012-06-13 00:00:00,0.09
2012-06-14 00:00:00,0.095
2012-06-15 00:00:00,0.085
2012-06-18 00:00:00,0.075
2012-06-19 00:00:00,0.09
2012-06-20 00:00:00,0.08
2012-06-21 00:00:00,0.075
2012-06-22 00:00:00,0.075
2012-06-25 00:00:00,0.075
2012-06-26 00:00:00,0.095
2012-06-27 00:00:00,0.08
2012-06-28 00:00:00,0.075
2012-06-29 00:00:00,0.08
2012-07-02 00:00:00,0.07
2012-07-03 00:00:00,0.075
2012-07-05 00:00:00,0.075
2012-07-06 00:00:00,0.07
2012-07-09 00:00:00,0.07
2012-07-10 00:00:00,0.09
2012-07-11 00:00:00,0.09
2012-07-12 00:00:00,0.095
2012-07-13 00:00:00,0.09
2012-07-16 00:00:00,0.085
2012-07-17 00:00:00,0.095
2012-07-18 00:00:00,0.085
2012-07-19 00:00:00,0.08
2012-07-20 00:00:00,0.085
2012-07-23 00:00:00,0.09
2012-07-24 00:00:00,0.095
2012-07-25 00:00:00,0.095
2012-07-26 00:00:00,0.1
2012-07-27 00:00:00,0.1
2012-07-30 00:00:00,0.09
2012-07-31 00:00:00,0.1
2012-08-01 00:00:00,0.09
2012-08-02 00:00:00,0.085
2012-08-03 00:00:00,0.075
2012-08-06 00:00:00,0.075
2012-08-07 00:00:00,0.1
2012-08-08 00:00:00,0.105
2012-08-09 00:00:00,0.11
2012-08-10 00:00:00,0.095
2012-08-13 00:00:00,0.095
2012-08-14 00:00:00,0.105
2012-08-15 00:00:00,0.08
2012-08-16 00:00:00,0.075
2012-08-17 00:00:00,0.08
2012-08-20 00:00:00,0.085
2012-08-21 00:00:00,0.105
2012-08-22 00:00:00,0.1
2012-08-23 00:00:00,0.095
2012-08-24 00:00:00,0.09
2012-08-27 00:00:00,0.095
2012-08-28 00:00:00,0.1
2012-08-29 00:00:00,0.095
2012-08-30 00:00:00,0.09
2012-08-31 00:00:00,0.085
2012-09-04 00:00:00,0.09
2012-09-05 00:00:00,0.1
2012-09-06 00:00:00,0.1
2012-09-07 00:00:00,0.1
2012-09-10 00:00:00,0.095
2012-09-11 00:00:00,0.1
2012-09-12 00:00:00,0.095
2012-09-13 00:00:00,0.095
2012-09-14 00:00:00,0.095
2012-09-17 00:00:00,0.09
2012-09-18 00:00:00,0.1
2012-09-19 00:00:00,0.105
2012-09-20 00:00:00,0.105
2012-09-21 00:00:00,0.1
2012-09-24 00:00:00,0.095
2012-09-25 00:00:00,0.105
2012-09-26 00:00:00,0.1
2012-09-27 00:00:00,0.085
2012-09-28 00:00:00,0.09
2012-10-01 00:00:00,0.08
2012-10-02 00:00:00,0.09
2012-10-03 00:00:00,0.085
2012-10-04 00:00:00,0.095
2012-10-05 00:00:00,0.1
2012-10-08 00:00:00,0.095
2012-10-09 00:00:00,0.095
2012-10-10 00:00:00,0.095
2012-10-11 00:00:00,0.095
2012-10-12 00:00:00,0.1
2012-10-15 00:00:00,0.095
2012-10-16 00:00:00,0.1
2012-10-17 00:00:00,0.105
2012-10-18 00:00:00,0.095
2012-10-19 00:00:00,0.09
2012-10-22 00:00:00,0.09
2012-10-23 00:00:00,0.1
2012-10-24 00:00:00,0.105
2012-10-25 00:00:00,0.11
2012-10-26 00:00:00,0.105
2012-10-31 00:00:00,0.105
2012-11-01 00:00:00,0.09
2012-11-02 00:00:00,0.09
2012-11-05 00:00:00,0.09
2012-11-06 00:00:00,0.1
2012-11-07 00:00:00,0.09
2012-11-08 00:00:00,0.085
2012-11-09 00:00:00,0.09
2012-11-12 00:00:00,0.087
2012-11-13 00:00:00,0.085
2012-11-14 00:00:00,0.095
2012-11-15 00:00:00,0.075
2012-11-16 00:00:00,0.075
2012-11-19 00:00:00,0.075
2012-11-20 00:00:00,0.085
2012-11-21 00:00:00,0.09
2012-11-23 00:00:00,0.09
2012-11-26 00:00:00,0.09
2012-11-27 00:00:00,0.095
2012-11-28 00:00:00,0.092
2012-11-29 00:00:00,0.08
2012-11-30 00:00:00,0.075
2012-12-03 00:00:00,0.077
2012-12-04 00:00:00,0.09
2012-12-05 00:00:00,0.09
2012-12-06 00:00:00,0.09
2012-12-07 00:00:00,0.08
2012-12-10 00:00:00,0.075
2012-12-11 00:00:00,0.075
2012-12-12 00:00:00,0.06
2012-12-13 00:00:00,0.052
2012-12-14 00:00:00,0.025
2012-12-17 00:00:00,0.022
2012-12-18 00:00:00,0.055
2012-12-19 00:00:00,0.045
2012-12-20 00:00:00,0.05
2012-12-21 00:00:00,0.05
2012-12-24 00:00:00,0.05
2012-12-26 00:00:00,0.055
2012-12-27 00:00:00,0.07
2012-12-28 00:00:00,0.01
2012-12-31 00:00:00,0.035
2013-01-02 00:00:00,0.055
2013-01-03 00:00:00,0.065
2013-01-04 00:00:00,0.065
2013-01-07 00:00:00,0.058
2013-01-08 00:00:00,0.06
2013-01-09 00:00:00,0.055
2013-01-10 00:00:00,0.055
2013-01-11 00:00:00,0.063
2013-01-14 00:00:00,0.06
2013-01-15 00:00:00,0.08
2013-01-16 00:00:00,0.072
2013-01-17 00:00:00,0.07
2013-01-18 00:00:00,0.07
2013-01-22 00:00:00,0.06
2013-01-23 00:00:00,0.07
2013-01-24 00:00:00,0.075
2013-01-25 00:00:00,0.07
2013-01-28 00:00:00,0.06
2013-01-29 00:00:00,0.063
2013-01-30 00:00:00,0.06
2013-01-31 00:00:00,0.065
2013-02-01 00:00:00,0.06
2013-02-04 00:00:00,0.055
2013-02-05 00:00:00,0.07
2013-02-06 00:00:00,0.065
2013-02-07 00:00:00,0.065
2013-02-08 00:00:00,0.065
2013-02-11 00:00:00,0.065
2013-02-12 00:00:00,0.083
2013-02-13 00:00:00,0.085
2013-02-14 00:00:00,0.095
2013-02-15 00:00:00,0.095
2013-02-19 00:00:00,0.1
2013-02-20 00:00:00,0.115
2013-02-21 00:00:00,0.12
2013-02-22 00:00:00,0.12
2013-02-25 00:00:00,0.115
2013-02-26 00:00:00,0.11
2013-02-27 00:00:00,0.1
2013-02-28 00:00:00,0.1
2013-03-01 00:00:00,0.1
2013-03-04 00:00:00,0.085
2013-03-05 00:00:00,0.085
2013-03-06 00:00:00,0.092
2013-03-07 00:00:00,0.09
2013-03-08 00:00:00,0.087
2013-03-11 00:00:00,0.087
2013-03-12 00:00:00,0.092
2013-03-13 00:00:00,0.085
2013-03-14 00:00:00,0.09
2013-03-15 00:00:00,0.083
2013-03-18 00:00:00,0.072
2013-03-19 00:00:00,0.07
2013-03-20 00:00:00,0.063
2013-03-21 00:00:00,0.06
2013-03-22 00:00:00,0.065
2013-03-25 00:00:00,0.058
2013-03-26 00:00:00,0.072
2013-03-27 00:00:00,0.08
2013-03-28 00:00:00,0.065
2013-04-01 00:00:00,0.065
2013-04-02 00:00:00,0.068
2013-04-03 00:00:00,0.055
2013-04-04 00:00:00,0.065
2013-04-05 00:00:00,0.06
2013-04-08 00:00:00,0.055
2013-04-09 00:00:00,0.063
2013-04-10 00:00:00,0.065
2013-04-11 00:00:00,0.063
2013-04-12 00:00:00,0.055
2013-04-15 00:00:00,0.055
2013-04-16 00:00:00,0.052
2013-04-17 00:00:00,0.05
2013-04-18 00:00:00,0.05
2013-04-19 00:00:00,0.045
2013-04-22 00:00:00,0.045
2013-04-23 00:00:00,0.045
2013-04-24 00:00:00,0.048
2013-04-25 00:00:00,0.05
2013-04-26 00:00:00,0.045
2013-04-29 00:00:00,0.045
2013-04-30 00:00:00,0.045
2013-05-01 00:00:00,0.05
2013-05-02 00:00:00,0.05
2013-05-03 00:00:00,0.045
2013-05-06 00:00:00,0.03
2013-05-07 00:00:00,0.035
2013-05-08 00:00:00,0.035
2013-05-09 00:00:00,0.035
2013-05-10 00:00:00,0.035
2013-05-13 00:00:00,0.035
2013-05-14 00:00:00,0.04
2013-05-15 00:00:00,0.037
2013-05-16 00:00:00,0.025
2013-05-17 00:00:00,0.03
2013-05-20 00:00:00,0.035
2013-05-21 00:00:00,0.04
2013-05-22 00:00:00,0.035
2013-05-23 00:00:00,0.04
2013-05-24 00:00:00,0.037
2013-05-28 00:00:00,0.035
2013-05-29 00:00:00,0.04
2013-05-30 00:00:00,0.025
2013-05-31 00:00:00,0.03
2013-06-03 00:00:00,0.03
2013-06-04 00:00:00,0.04
2013-06-05 00:00:00,0.045
2013-06-06 00:00:00,0.045
2013-06-07 00:00:00,0.04
2013-06-10 00:00:00,0.04
2013-06-11 00:00:00,0.045
2013-06-12 00:00:00,0.04
2013-06-13 00:00:00,0.043
2013-06-14 00:00:00,0.04
2013-06-17 00:00:00,0.04
2013-06-18 00:00:00,0.045
2013-06-19 00:00:00,0.04
2013-06-20 00:00:00,0.04
2013-06-21 00:00:00,0.04
2013-06-24 00:00:00,0.04
2013-06-25 00:00:00,0.058
2013-06-26 00:00:00,0.055
2013-06-27 00:00:00,0.045
2013-06-28 00:00:00,0.03
2013-07-01 00:00:00,0.01
2013-07-02 00:00:00,0.035
2013-07-03 00:00:00,0.035
2013-07-05 00:00:00,0.035
2013-07-08 00:00:00,0.035
2013-07-09 00:00:00,0.035
2013-07-10 00:00:00,0.03
2013-07-11 00:00:00,0.03
2013-07-12 00:00:00,0.03
2013-07-15 00:00:00,0.02
2013-07-16 00:00:00,0.035
2013-07-17 00:00:00,0.025
2013-07-18 00:00:00,0.022
2013-07-19 00:00:00,0.02
2013-07-22 00:00:00,0.005
2013-07-23 00:00:00,0.02
2013-07-24 00:00:00,0.02
2013-07-25 00:00:00,0.015
2013-07-26 00:00:00,0.015
2013-07-29 00:00:00,0.02
2013-07-30 00:00:00,0.03
2013-07-31 00:00:00,0.03
2013-08-01 00:00:00,0.035
2013-08-02 00:00:00,0.03
2013-08-05 00:00:00,0.035
2013-08-06 00:00:00,0.04
2013-08-07 00:00:00,0.04
2013-08-08 00:00:00,0.045
2013-08-09 00:00:00,0.048
2013-08-12 00:00:00,0.048
2013-08-13 00:00:00,0.052
2013-08-14 00:00:00,0.05
2013-08-15 00:00:00,0.045
2013-08-16 00:00:00,0.04
2013-08-19 00:00:00,0.04
2013-08-20 00:00:00,0.045
2013-08-21 00:00:00,0.033
2013-08-22 00:00:00,0.02
2013-08-23 00:00:00,0.022
2013-08-26 00:00:00,0.013
2013-08-27 00:00:00,0.033
2013-08-28 00:00:00,0.03
2013-08-29 00:00:00,0.02
2013-08-30 00:00:00,0.02
2013-09-03 00:00:00,0.015
2013-09-04 00:00:00,0.015
2013-09-05 00:00:00,0.015
2013-09-06 00:00:00,0.015
2013-09-09 00:00:00,0.01
2013-09-10 00:00:00,0.015
2013-09-11 00:00:00,0.015
2013-09-12 00:00:00,0.01
2013-09-13 00:00:00,0.01
2013-09-16 00:00:00,0.003
2013-09-17 00:00:00,0.005
2013-09-18 00:00:00,0.005
2013-09-19 00:00:00,0.005
2013-09-20 00:00:00,0.005
2013-09-23 00:00:00,0.005
2013-09-24 00:00:00,0.015
2013-09-25 00:00:00,0.015
2013-09-26 00:00:00,0.003
2013-09-27 00:00:00,0.005
2013-09-30 00:00:00,0.005
2013-10-01 00:00:00,0.013
2013-10-02 00:00:00,0.01
2013-10-03 00:00:00,0.02
2013-10-04 00:00:00,0.018
2013-10-07 00:00:00,0.018
2013-10-08 00:00:00,0.045
2013-10-09 00:00:00,0.037
2013-10-10 00:00:00,0.04
2013-10-11 00:00:00,0.063
2013-10-14 00:00:00,0.058
2013-10-15 00:00:00,0.092
2013-10-16 00:00:00,0.092
2013-10-17 00:00:00,0.037
2013-10-18 00:00:00,0.025
2013-10-21 00:00:00,0.025
2013-10-22 00:00:00,0.033
2013-10-23 00:00:00,0.03
2013-10-24 00:00:00,0.03
2013-10-25 00:00:00,0.03
2013-10-28 00:00:00,0.02
2013-10-29 00:00:00,0.04
2013-10-30 00:00:00,0.035
2013-10-31 00:00:00,0.033
2013-11-01 00:00:00,0.033
2013-11-04 00:00:00,0.033
2013-11-05 00:00:00,0.045
2013-11-06 00:00:00,0.045
2013-11-07 00:00:00,0.048
2013-11-08 00:00:00,0.052
2013-11-11 00:00:00,0.052
2013-11-12 00:00:00,0.058
2013-11-13 00:00:00,0.07
2013-11-14 00:00:00,0.068
2013-11-15 00:00:00,0.07
2013-11-18 00:00:00,0.065
2013-11-19 00:00:00,0.08
2013-11-20 00:00:00,0.077
2013-11-21 00:00:00,0.07
2013-11-22 00:00:00,0.065
2013-11-25 00:00:00,0.06
2013-11-26 00:00:00,0.068
2013-11-27 00:00:00,0.063
2013-11-29 00:00:00,0.055
2013-12-02 00:00:00,0.05
2013-12-03 00:00:00,0.035
2013-12-04 00:00:00,0.052
2013-12-05 00:00:00,0.048
2013-12-06 00:00:00,0.052
2013-12-09 00:00:00,0.052
2013-12-10 00:00:00,0.07
2013-12-11 00:00:00,0.068
2013-12-12 00:00:00,0.063
2013-12-13 00:00:00,0.06
2013-12-16 00:00:00,0.058
2013-12-17 00:00:00,0.063
2013-12-18 00:00:00,0.06
2013-12-19 00:00:00,0.058
2013-12-20 00:00:00,0.055
2013-12-23 00:00:00,0.058
2013-12-24 00:00:00,0.068
2013-12-26 00:00:00,0.06
2013-12-27 00:00:00,0.058
2013-12-30 00:00:00,0.055
2013-12-31 00:00:00,0.063
2014-01-02 00:00:00,0.058
2014-01-03 00:00:00,0.058
2014-01-06 00:00:00,0.045
2014-01-07 00:00:00,0.043
2014-01-08 00:00:00,0.04
2014-01-09 00:00:00,0.033
2014-01-10 00:00:00,0.033
2014-01-13 00:00:00,0.03
2014-01-14 00:00:00,0.033
2014-01-15 00:00:00,0.035
2014-01-16 00:00:00,0.03
2014-01-17 00:00:00,0.03
2014-01-21 00:00:00,0.028
2014-01-22 00:00:00,0.03
2014-01-23 00:00:00,0.03
2014-01-24 00:00:00,0.033
2014-01-27 00:00:00,0.048
2014-01-28 00:00:00,0.045
2014-01-29 00:00:00,0.04
2014-01-30 00:00:00,0.015
2014-01-31 00:00:00,0.01
2014-02-03 00:00:00,0.02
2014-02-04 00:00:00,0.055
2014-02-05 00:00:00,0.055
2014-02-06 00:00:00,0.06
2014-02-07 00:00:00,0.072
2014-02-10 00:00:00,0.055
2014-02-11 00:00:00,0.045
2014-02-12 00:00:00,0.043
2014-02-13 00:00:00,0.025
2014-02-14 00:00:00,0.01
2014-02-18 00:00:00,0.015
2014-02-19 00:00:00,0.045
2014-02-20 00:00:00,0.04
2014-02-21 00:00:00,0.035
2014-02-24 00:00:00,0.033
2014-02-25 00:00:00,0.04
2014-02-26 00:00:00,0.04
2014-02-27 00:00:00,0.035
2014-02-28 00:00:00,0.043
2014-03-03 00:00:00,0.043
2014-03-04 00:00:00,0.048
2014-03-05 00:00:00,0.05
2014-03-06 00:00:00,0.045
2014-03-07 00:00:00,0.045
2014-03-10 00:00:00,0.04
2014-03-11 00:00:00,0.045
2014-03-12 00:00:00,0.04
2014-03-13 00:00:00,0.04
2014-03-14 00:00:00,0.04
2014-03-17 00:00:00,0.043
2014-03-18 00:00:00,0.05
2014-03-19 00:00:00,0.05
2014-03-20 00:00:00,0.052
2014-03-21 00:00:00,0.045
2014-03-24 00:00:00,0.043
2014-03-25 00:00:00,0.045
2014-03-26 00:00:00,0.037
2014-03-27 00:00:00,0.033
2014-03-28 00:00:00,0.033
2014-03-31 00:00:00,0.028
2014-04-01 00:00:00,0.03
2014-04-02 00:00:00,0.018
2014-04-03 00:00:00,0.015
2014-04-04 00:00:00,0.02
2014-04-07 00:00:00,0.02
2014-04-08 00:00:00,0.025
2014-04-09 00:00:00,0.028
2014-04-10 00:00:00,0.028
2014-04-11 00:00:00,0.03
2014-04-14 00:00:00,0.03
2014-04-15 00:00:00,0.03
2014-04-16 00:00:00,0.025
2014-04-17 00:00:00,0.025
2014-04-21 00:00:00,0.025
2014-04-22 00:00:00,0.025
2014-04-23 00:00:00,0.015
2014-04-24 00:00:00,0.007
2014-04-25 00:00:00,0.007
2014-04-28 00:00:00,0.003
2014-04-29 00:00:00,0.015
2014-04-30 00:00:00,0.02
2014-05-01 00:00:00,0.018
2014-05-02 00:00:00,0.015
2014-05-05 00:00:00,0.015
2014-05-06 00:00:00,0.02
2014-05-07 00:00:00,0.02
2014-05-08 00:00:00,0.022
2014-05-09 00:00:00,0.022
2014-05-12 00:00:00,0.02
2014-05-13 00:00:00,0.02
2014-05-14 00:00:00,0.02
2014-05-15 00:00:00,0.018
2014-05-16 00:00:00,0.015
2014-05-19 00:00:00,0.018
2014-05-20 00:00:00,0.025
2014-05-21 00:00:00,0.025
2014-05-22 00:00:00,0.028
2014-05-23 00:00:00,0.028
2014-05-27 00:00:00,0.028
2014-05-28 00:00:00,0.028
2014-05-29 00:00:00,0.03
2014-05-30 00:00:00,0.03
2014-06-02 00:00:00,0.025
2014-06-03 00:00:00,0.03
2014-06-04 00:00:00,0.03
2014-06-05 00:00:00,0.03
2014-06-06 00:00:00,0.028
2014-06-09 00:00:00,0.03
2014-06-10 00:00:00,0.035
2014-06-11 00:00:00,0.033
2014-06-12 00:00:00,0.033
2014-06-13 00:00:00,0.03
2014-06-16 00:00:00,0.025
2014-06-17 00:00:00,0.033
2014-06-18 00:00:00,0.018
2014-06-19 00:00:00,0.01
2014-06-20 00:00:00,0.01
2014-06-23 00:00:00,0.005
2014-06-24 00:00:00,0.022
2014-06-25 00:00:00,0.02
2014-06-26 00:00:00,0.025
2014-06-27 00:00:00,0.018
2014-06-30 00:00:00,0.02
2014-07-01 00:00:00,0.025
2014-07-02 00:00:00,0.007
2014-07-03 00:00:00,0.003
2014-07-07 00:00:00,0.007
2014-07-08 00:00:00,0.025
2014-07-09 00:00:00,0.015
2014-07-10 00:00:00,0.015
2014-07-11 00:00:00,0.015
2014-07-14 00:00:00,0.015
2014-07-15 00:00:00,0.02
2014-07-16 00:00:00,0.018
2014-07-17 00:00:00,0.007
2014-07-18 00:00:00,0.01
2014-07-21 00:00:00,0.013
2014-07-22 00:00:00,0.02
2014-07-23 00:00:00,0.02
2014-07-24 00:00:00,0.02
2014-07-25 00:00:00,0.02
2014-07-28 00:00:00,0.025
2014-07-29 00:00:00,0.028
2014-07-30 00:00:00,0.028
2014-07-31 00:00:00,0.018
2014-08-01 00:00:00,0.018
2014-08-04 00:00:00,0.015
2014-08-05 00:00:00,0.025
2014-08-06 00:00:00,0.02
2014-08-07 00:00:00,0.02
2014-08-08 00:00:00,0.02
2014-08-11 00:00:00,0.025
2014-08-12 00:00:00,0.025
2014-08-13 00:00:00,0.03
2014-08-14 00:00:00,0.028
2014-08-15 00:00:00,0.022
2014-08-18 00:00:00,0.022
2014-08-19 00:00:00,0.025
2014-08-20 00:00:00,0.025
2014-08-21 00:00:00,0.015
2014-08-22 00:00:00,0.015
2014-08-25 00:00:00,0.015
2014-08-26 00:00:00,0.025
2014-08-27 00:00:00,0.025
2014-08-28 00:00:00,0.022
2014-08-29 00:00:00,0.018
2014-09-02 00:00:00,0.02
2014-09-03 00:00:00,0.02
2014-09-04 00:00:00,0.02
2014-09-05 00:00:00,0.02
2014-09-08 00:00:00,0.02
2014-09-09 00:00:00,0.015
2014-09-10 00:00:00,0.015
2014-09-11 00:00:00,0.01
2014-09-12 00:00:00,0.01
2014-09-15 00:00:00,0.01
2014-09-16 00:00:00,0.015
2014-09-17 00:00:00,0.013
2014-09-18 00:00:00,0.01
2014-09-19 00:00:00,0.007
2014-09-22 00:00:00,0.003
2014-09-23 00:00:00,0.007
2014-09-24 00:00:00,0.007
2014-09-25 00:00:00,0.005
2014-09-26 00:00:00,0.005
2014-09-29 00:00:00,0.005
2014-09-30 00:00:00,0.013
2014-10-01 00:00:00,0.013
2014-10-02 00:00:00,0.01
2014-10-03 00:00:00,0.01
2014-10-06 00:00:00,0.01
2014-10-07 00:00:00,0.01
2014-10-08 00:00:00,0.005
2014-10-09 00:00:00,0.005
2014-10-10 00:00:00,0.005
2014-10-13 00:00:00,0.005
2014-10-14 00:00:00,0.005
2014-10-15 00:00:00,0.01
2014-10-16 00:00:00,0.02
2014-10-17 00:00:00,0.022
2014-10-20 00:00:00,0.02
2014-10-21 00:00:00,0.018
2014-10-22 00:00:00,0.015
2014-10-23 00:00:00,0.015
2014-10-24 00:00:00,0.005
2014-10-27 00:00:00,0.005
2014-10-28 00:00:00,0.015
2014-10-29 00:00:00,0.015
2014-10-30 00:00:00,0.003
2014-10-31 00:00:00,0.003
2014-11-03 00:00:00,0.003
2014-11-04 00:00:00,0.022
2014-11-05 00:00:00,0.02
2014-11-06 00:00:00,0.018
2014-11-07 00:00:00,0.018
2014-11-10 00:00:00,0.015
2014-11-11 00:00:00,0.015
2014-11-12 00:00:00,0.013
2014-11-13 00:00:00,0.005
2014-11-14 00:00:00,0.003
2014-11-17 00:00:00,0.01
2014-11-18 00:00:00,0.015
2014-11-19 00:00:00,0.015
2014-11-20 00:00:00,0.015
2014-11-21 00:00:00,0.003
2014-11-24 00:00:00,0.005
2014-11-25 00:00:00,0.018
2014-11-26 00:00:00,0.01
2014-11-28 00:00:00,0.005
2014-12-01 00:00:00,0.007
2014-12-02 00:00:00,0.015
2014-12-03 00:00:00,0.005
2014-12-04 00:00:00,0.013
2014-12-05 00:00:00,0.01
2014-12-08 00:00:00,0.005
2014-12-09 00:00:00,0.028
2014-12-10 00:00:00,0.025
2014-12-11 00:00:00,0.022
2014-12-12 00:00:00,0.015
2014-12-15 00:00:00,0.01
2014-12-16 00:00:00,0.03
2014-12-17 00:00:00,0.02
2014-12-18 00:00:00,0.033
2014-12-19 00:00:00,0.025
2014-12-22 00:00:00,0.015
2014-12-23 00:00:00,0.02
2014-12-24 00:00:00,0.02
2014-12-26 00:00:00,0.01
2014-12-29 00:00:00,0.003
2014-12-30 00:00:00,0.02
2014-12-31 00:00:00,0.037
2015-01-02 00:00:00,0.015
2015-01-05 00:00:00,0.003
2015-01-06 00:00:00,0.02
2015-01-07 00:00:00,0.02
2015-01-08 00:00:00,0.018
2015-01-09 00:00:00,0.015
2015-01-12 00:00:00,0.013
2015-01-13 00:00:00,0.023
2015-01-14 00:00:00,0.025
2015-01-15 00:00:00,0.023
2015-01-16 00:00:00,0.018
2015-01-20 00:00:00,0.008
2015-01-21 00:00:00,0.02
2015-01-22 00:00:00,0.015
2015-01-23 00:00:00,0.013
2015-01-26 00:00:00,0.005
2015-01-27 00:00:00,0.018
2015-01-28 00:00:00,0.015
2015-01-29 00:00:00,0.01
2015-01-30 00:00:00,0.005
2015-02-02 00:00:00,0.005
2015-02-03 00:00:00,0.015
2015-02-04 00:00:00,0.005
2015-02-05 00:00:00,0.008
2015-02-06 00:00:00,0.015
2015-02-09 00:00:00,0.003
2015-02-10 00:00:00,0.005
2015-02-11 00:00:00,0.005
2015-02-12 00:00:00,0.008
2015-02-13 00:00:00,0.005
2015-02-17 00:00:00,0.008
2015-02-18 00:00:00,0.013
2015-02-19 00:00:00,0.013
2015-02-20 00:00:00,0.01
2015-02-23 00:00:00,0.015
2015-02-24 00:00:00,0.018
2015-02-25 00:00:00,0.015
2015-02-26 00:00:00,0.013
2015-02-27 00:00:00,0.008
2015-03-02 00:00:00,0.005
2015-03-03 00:00:00,0.013
2015-03-04 00:00:00,0.01
2015-03-05 00:00:00,0.003
2015-03-06 00:00:00,0.005
2015-03-09 00:00:00,0.005
2015-03-10 00:00:00,0.01
2015-03-11 00:00:00,0.013
2015-03-12 00:00:00,0.018
2015-03-13 00:00:00,0.023
2015-03-16 00:00:00,0.03
2015-03-17 00:00:00,0.048
2015-03-18 00:00:00,0.038
2015-03-19 00:00:00,0.01
2015-03-20 00:00:00,0.003
2015-03-23 00:00:00,0.003
2015-03-24 00:00:00,0.015
2015-03-25 00:00:00,0.018
2015-03-26 00:00:00,0.028
2015-03-27 00:00:00,0.03
2015-03-30 00:00:00,0.023
2015-03-31 00:00:00,0.025
2015-04-01 00:00:00,0.033
2015-04-02 00:00:00,0.01
2015-04-06 00:00:00,0.003
2015-04-07 00:00:00,0.015
2015-04-08 00:00:00,0.018
2015-04-09 00:00:00,0.02
2015-04-10 00:00:00,0.015
2015-04-13 00:00:00,0.005
2015-04-14 00:00:00,0.01
2015-04-15 00:00:00,0.015
2015-04-16 00:00:00,0.01
2015-04-17 00:00:00,0.013
2015-04-20 00:00:00,0.013
2015-04-21 00:00:00,0.02
2015-04-22 00:00:00,0.02
2015-04-23 00:00:00,0.02
2015-04-24 00:00:00,0.015
2015-04-27 00:00:00,0.013
2015-04-28 00:00:00,0.013
2015-04-29 00:00:00,0.003
2015-04-30 00:00:00,0.005
2015-05-01 00:00:00,0.003
2015-05-04 00:00:00,0.003
2015-05-05 00:00:00,0.008
2015-05-06 00:00:00,0.01
2015-05-07 00:00:00,0.005
2015-05-08 00:00:00,0.003
2015-05-11 00:00:00,0.005
2015-05-12 00:00:00,0.013
2015-05-13 00:00:00,0.01
2015-05-14 00:00:00,0.01
2015-05-15 00:00:00,0.01
2015-05-18 00:00:00,0.008
2015-05-19 00:00:00,0.01
2015-05-20 00:00:00,0.013
2015-05-21 00:00:00,0.013
2015-05-22 00:00:00,0.01
2015-05-26 00:00:00,0.01
2015-05-27 00:00:00,0.013
2015-05-28 00:00:00,0.003
2015-05-29 00:00:00,0.003
2015-06-01 00:00:00,0.008
2015-06-02 00:00:00,0.01
2015-06-03 00:00:00,0.01
2015-06-04 00:00:00,0.005
2015-06-05 00:00:00,0.01
2015-06-08 00:00:00,0.01
2015-06-09 00:00:00,0.013
2015-06-10 00:00:00,0.013
2015-06-11 00:00:00,0.008
2015-06-12 00:00:00,0.005
2015-06-15 00:00:00,0.003
2015-06-16 00:00:00,0.008
2015-06-17 00:00:00,0.003
2015-06-18 00:00:00,0.003
2015-06-19 00:00:00,0.003
2015-06-22 00:00:00,0.003
2015-06-23 00:00:00,0.008
2015-06-24 00:00:00,0.005
2015-06-25 00:00:00,0.005
2015-06-26 00:00:00,0.005
2015-06-29 00:00:00,0.005
2015-06-30 00:00:00,0.01
2015-07-01 00:00:00,0.003
2015-07-02 00:00:00,0.003
2015-07-06 00:00:00,0.005
2015-07-07 00:00:00,0.01
2015-07-08 00:00:00,0.01
2015-07-09 00:00:00,0.008
2015-07-10 00:00:00,0.008
2015-07-13 00:00:00,0.008
2015-07-14 00:00:00,0.01
2015-07-15 00:00:00,0.013
2015-07-16 00:00:00,0.01
2015-07-17 00:00:00,0.013
2015-07-20 00:00:00,0.023
2015-07-21 00:00:00,0.03
2015-07-22 00:00:00,0.03
2015-07-23 00:00:00,0.03
2015-07-24 00:00:00,0.03
2015-07-27 00:00:00,0.028
2015-07-28 00:00:00,0.043
2015-07-29 00:00:00,0.045
2015-07-30 00:00:00,0.06
2015-07-31 00:00:00,0.058
2015-08-03 00:00:00,0.063
2015-08-04 00:00:00,0.075
2015-08-05 00:00:00,0.075
2015-08-06 00:00:00,0.028
2015-08-07 00:00:00,0.055
2015-08-10 00:00:00,0.065
2015-08-11 00:00:00,0.098
2015-08-12 00:00:00,0.09
2015-08-13 00:00:00,0.083
2015-08-14 00:00:00,0.08
2015-08-17 00:00:00,0.06
2015-08-18 00:00:00,0.085
2015-08-19 00:00:00,0.04
2015-08-20 00:00:00,0.015
2015-08-21 00:00:00,0.02
2015-08-24 00:00:00,0.015
2015-08-25 00:00:00,0.053
2015-08-26 00:00:00,0.055
2015-08-27 00:00:00,0.05
2015-08-28 00:00:00,0.05
2015-08-31 00:00:00,0.003
2015-09-01 00:00:00,0.038
2015-09-02 00:00:00,0.025
2015-09-03 00:00:00,0.015
2015-09-04 00:00:00,0.025
2015-09-08 00:00:00,0.025
2015-09-09 00:00:00,0.035
2015-09-10 00:00:00,0.015
2015-09-11 00:00:00,0.023
2015-09-14 00:00:00,0.025
2015-09-15 00:00:00,0.058
2015-09-16 00:00:00,0.053
2015-09-17 00:00:00,0.003
2015-09-18 00:00:00,0.01
2015-09-21 00:00:00,0.013
2015-09-22 00:00:00,0.003
2015-09-23 00:00:00,0.003
2015-09-24 00:00:00,0.005
2015-09-25 00:00:00,0.02
2015-09-28 00:00:00,0.013
2015-09-29 00:00:00,0.003
2015-09-30 00:00:00,0.005
2015-10-01 00:00:00,0.018
2015-10-02 00:00:00,0.008
2015-10-05 00:00:00,0.008
2015-10-06 00:00:00,0.005
2015-10-07 00:00:00,0.005
2015-10-08 00:00:00,0.003
2015-10-09 00:00:00,0.003
2015-10-12 00:00:00,0.01
2015-10-13 00:00:00,0.005
2015-10-14 00:00:00,0.01
2015-10-15 00:00:00,0.005
2015-10-16 00:00:00,0.005
2015-10-19 00:00:00,0.005
2015-10-20 00:00:00,0.01
2015-10-21 00:00:00,0.005
2015-10-22 00:00:00,0.005
2015-10-23 00:00:00,0.003
2015-10-26 00:00:00,0.008
2015-10-27 00:00:00,0.01
2015-10-28 00:00:00,0.035
2015-10-29 00:00:00,0.053
2015-10-30 00:00:00,0.068
2015-11-02 00:00:00,0.053
2015-11-03 00:00:00,0.058
2015-11-04 00:00:00,0.055
2015-11-05 00:00:00,0.04
2015-11-06 00:00:00,0.073
2015-11-09 00:00:00,0.075
2015-11-10 00:00:00,0.125
2015-11-11 00:00:00,0.123
2015-11-12 00:00:00,0.123
2015-11-13 00:00:00,0.113
2015-11-16 00:00:00,0.098
2015-11-17 00:00:00,0.135
2015-11-18 00:00:00,0.123
2015-11-19 00:00:00,0.088
2015-11-20 00:00:00,0.093
2015-11-23 00:00:00,0.105
2015-11-24 00:00:00,0.153
2015-11-25 00:00:00,0.175
2015-11-27 00:00:00,0.16
2015-11-30 00:00:00,0.17
2015-12-01 00:00:00,0.203
2015-12-02 00:00:00,0.2
2015-12-03 00:00:00,0.198
2015-12-04 00:00:00,0.205
2015-12-07 00:00:00,0.235
2015-12-08 00:00:00,0.268
2015-12-09 00:00:00,0.245
2015-12-10 00:00:00,0.23
2015-12-11 00:00:00,0.213
2015-12-14 00:00:00,0.198
2015-12-15 00:00:00,0.25
2015-12-16 00:00:00,0.235
2015-12-17 00:00:00,0.213
2015-12-18 00:00:00,0.175
2015-12-21 00:00:00,0.153
2015-12-22 00:00:00,0.193
2015-12-23 00:00:00,0.19
2015-12-24 00:00:00,0.183
2015-12-28 00:00:00,0.19
2015-12-29 00:00:00,0.215
2015-12-30 00:00:00,0.195
2015-12-31 00:00:00,0.148
2016-01-04 00:00:00,0.155
2016-01-05 00:00:00,0.205
2016-01-06 00:00:00,0.205
2016-01-07 00:00:00,0.19
2016-01-08 00:00:00,0.19
2016-01-11 00:00:00,0.175
2016-01-12 00:00:00,0.21
2016-01-13 00:00:00,0.215
2016-01-14 00:00:00,0.24
2016-01-15 00:00:00,0.223
2016-01-19 00:00:00,0.23
2016-01-20 00:00:00,0.253
2016-01-21 00:00:00,0.273
2016-01-22 00:00:00,0.288
2016-01-25 00:00:00,0.275
2016-01-26 00:00:00,0.3
2016-01-27 00:00:00,0.3
2016-01-28 00:00:00,0.318
2016-01-29 00:00:00,0.3
2016-02-01 00:00:00,0.295
2016-02-02 00:00:00,0.33
2016-02-03 00:00:00,0.333
2016-02-04 00:00:00,0.283
2016-02-05 00:00:00,0.278
2016-02-08 00:00:00,0.26
2016-02-09 00:00:00,0.3
2016-02-10 00:00:00,0.298
2016-02-11 00:00:00,0.273
2016-02-12 00:00:00,0.27
2016-02-16 00:00:00,0.273
2016-02-17 00:00:00,0.293
2016-02-18 00:00:00,0.288
2016-02-19 00:00:00,0.283
2016-02-22 00:00:00,0.293
2016-02-23 00:00:00,0.318
2016-02-24 00:00:00,0.315
2016-02-25 00:00:00,0.31
2016-02-26 00:00:00,0.303
2016-02-29 00:00:00,0.308
2016-03-01 00:00:00,0.32
2016-03-02 00:00:00,0.303
2016-03-03 00:00:00,0.263
2016-03-04 00:00:00,0.265
2016-03-07 00:00:00,0.265
2016-03-08 00:00:00,0.305
2016-03-09 00:00:00,0.288
2016-03-10 00:00:00,0.303
2016-03-11 00:00:00,0.308
2016-03-14 00:00:00,0.308
2016-03-15 00:00:00,0.325
2016-03-16 00:00:00,0.3
2016-03-17 00:00:00,0.275
2016-03-18 00:00:00,0.28
2016-03-21 00:00:00,0.288
2016-03-22 00:00:00,0.295
2016-03-23 00:00:00,0.293
2016-03-24 00:00:00,0.275
2016-03-28 00:00:00,0.255
2016-03-29 00:00:00,0.225
2016-03-30 00:00:00,0.185
2016-03-31 00:00:00,0.193
2016-04-01 00:00:00,0.218
2016-04-04 00:00:00,0.183
2016-04-05 00:00:00,0.218
2016-04-06 00:00:00,0.22
2016-04-07 00:00:00,0.22
2016-04-08 00:00:00,0.218
2016-04-11 00:00:00,0.21
2016-04-12 00:00:00,0.23
2016-04-13 00:00:00,0.223
2016-04-14 00:00:00,0.215
2016-04-15 00:00:00,0.21
2016-04-18 00:00:00,0.198
2016-04-19 00:00:00,0.215
2016-04-20 00:00:00,0.218
2016-04-21 00:00:00,0.225
2016-04-22 00:00:00,0.225
2016-04-25 00:00:00,0.238
2016-04-26 00:00:00,0.245
2016-04-27 00:00:00,0.245
2016-04-28 00:00:00,0.21
2016-04-29 00:00:00,0.193
2016-05-02 00:00:00,0.185
2016-05-03 00:00:00,0.203
2016-05-04 00:00:00,0.198
2016-05-05 00:00:00,0.183
2016-05-06 00:00:00,0.18
2016-05-09 00:00:00,0.203
2016-05-10 00:00:00,0.243
2016-05-11 00:00:00,0.248
2016-05-12 00:00:00,0.258
2016-05-13 00:00:00,0.258
2016-05-16 00:00:00,0.258
2016-05-17 00:00:00,0.268
2016-05-18 00:00:00,0.27
2016-05-19 00:00:00,0.29
2016-05-20 00:00:00,0.298
2016-05-23 00:00:00,0.313
2016-05-24 00:00:00,0.343
2016-05-25 00:00:00,0.315
2016-05-26 00:00:00,0.275
2016-05-27 00:00:00,0.298
2016-05-31 00:00:00,0.283
2016-06-01 00:00:00,0.295
2016-06-02 00:00:00,0.27
2016-06-03 00:00:00,0.27
2016-06-06 00:00:00,0.25
2016-06-07 00:00:00,0.265
2016-06-08 00:00:00,0.235
2016-06-09 00:00:00,0.24
2016-06-10 00:00:00,0.24
2016-06-13 00:00:00,0.245
2016-06-14 00:00:00,0.263
2016-06-15 00:00:00,0.255
2016-06-16 00:00:00,0.245
2016-06-17 00:00:00,0.248
2016-06-20 00:00:00,0.248
2016-06-21 00:00:00,0.265
2016-06-22 00:00:00,0.268
2016-06-23 00:00:00,0.275
2016-06-24 00:00:00,0.238
2016-06-27 00:00:00,0.235
2016-06-28 00:00:00,0.26
2016-06-29 00:00:00,0.255
2016-06-30 00:00:00,0.248
2016-07-01 00:00:00,0.243
2016-07-05 00:00:00,0.238
2016-07-06 00:00:00,0.263
2016-07-07 00:00:00,0.27
2016-07-08 00:00:00,0.273
2016-07-11 00:00:00,0.275
2016-07-12 00:00:00,0.295
2016-07-13 00:00:00,0.298
2016-07-14 00:00:00,0.303
2016-07-15 00:00:00,0.298
2016-07-18 00:00:00,0.288
2016-07-19 00:00:00,0.31
2016-07-20 00:00:00,0.315
2016-07-21 00:00:00,0.303
2016-07-22 00:00:00,0.303
2016-07-25 00:00:00,0.298
2016-07-26 00:00:00,0.308
2016-07-27 00:00:00,0.283
2016-07-28 00:00:00,0.22
2016-07-29 00:00:00,0.24
2016-08-01 00:00:00,0.238
2016-08-02 00:00:00,0.28
2016-08-03 00:00:00,0.268
2016-08-04 00:00:00,0.248
2016-08-05 00:00:00,0.25
2016-08-08 00:00:00,0.25
2016-08-09 00:00:00,0.293
2016-08-10 00:00:00,0.273
2016-08-11 00:00:00,0.275
2016-08-12 00:00:00,0.263
2016-08-15 00:00:00,0.275
2016-08-16 00:00:00,0.288
2016-08-17 00:00:00,0.288
2016-08-18 00:00:00,0.285
2016-08-19 00:00:00,0.293
2016-08-22 00:00:00,0.28
2016-08-23 00:00:00,0.305
2016-08-24 00:00:00,0.305
2016-08-25 00:00:00,0.305
2016-08-26 00:00:00,0.305
2016-08-29 00:00:00,0.305
2016-08-30 00:00:00,0.325
2016-08-31 00:00:00,0.32
2016-09-01 00:00:00,0.315
2016-09-02 00:00:00,0.303
2016-09-06 00:00:00,0.303
2016-09-07 00:00:00,0.33
2016-09-08 00:00:00,0.333
2016-09-09 00:00:00,0.333
2016-09-12 00:00:00,0.35
2016-09-13 00:00:00,0.345
2016-09-14 00:00:00,0.315
2016-09-15 00:00:00,0.278
2016-09-16 00:00:00,0.273
2016-09-19 00:00:00,0.238
2016-09-20 00:00:00,0.288
2016-09-21 00:00:00,0.223
2016-09-22 00:00:00,0.16
2016-09-23 00:00:00,0.165
2016-09-26 00:00:00,0.173
2016-09-27 00:00:00,0.255
2016-09-28 00:00:00,0.263
2016-09-29 00:00:00,0.235
2016-09-30 00:00:00,0.26
2016-10-03 00:00:00,0.288
2016-10-04 00:00:00,0.315
2016-10-05 00:00:00,0.313
2016-10-06 00:00:00,0.31
2016-10-07 00:00:00,0.31
2016-10-10 00:00:00,0.308
2016-10-11 00:00:00,0.32
2016-10-12 00:00:00,0.34
2016-10-13 00:00:00,0.275
2016-10-14 00:00:00,0.29
2016-10-17 00:00:00,0.295
2016-10-18 00:00:00,0.333
2016-10-19 00:00:00,0.323
2016-10-20 00:00:00,0.32
2016-10-21 00:00:00,0.315
2016-10-24 00:00:00,0.313
2016-10-25 00:00:00,0.325
2016-10-26 00:00:00,0.313
2016-10-27 00:00:00,0.275
2016-10-28 00:00:00,0.273
2016-10-31 00:00:00,0.295
2016-11-01 00:00:00,0.345
2016-11-02 00:00:00,0.345
2016-11-03 00:00:00,0.358
2016-11-04 00:00:00,0.358
2016-11-07 00:00:00,0.39
2016-11-08 00:00:00,0.42
2016-11-09 00:00:00,0.418
2016-11-10 00:00:00,0.458
2016-11-14 00:00:00,0.503
2016-11-15 00:00:00,0.488
2016-11-16 00:00:00,0.453
2016-11-17 00:00:00,0.42
2016-11-18 00:00:00,0.418
2016-11-21 00:00:00,0.42
2016-11-22 00:00:00,0.475
2016-11-23 00:00:00,0.485
2016-11-25 00:00:00,0.48
2016-11-28 00:00:00,0.45
2016-11-29 00:00:00,0.468
2016-11-30 00:00:00,0.468
2016-12-01 00:00:00,0.458
2016-12-02 00:00:00,0.455
2016-12-05 00:00:00,0.453
2016-12-06 00:00:00,0.485
2016-12-07 00:00:00,0.488
2016-12-08 00:00:00,0.49
2016-12-09 00:00:00,0.52
2016-12-12 00:00:00,0.5
2016-12-13 00:00:00,0.523
2016-12-14 00:00:00,0.523
2016-12-15 00:00:00,0.488
2016-12-16 00:00:00,0.485
2016-12-19 00:00:00,0.478
2016-12-20 00:00:00,0.513
2016-12-21 00:00:00,0.503
2016-12-22 00:00:00,0.493
2016-12-23 00:00:00,0.5
2016-12-27 00:00:00,0.495
2016-12-28 00:00:00,0.495
2016-12-29 00:00:00,0.44
2016-12-30 00:00:00,0.48
2017-01-03 00:00:00,0.475
2017-01-04 00:00:00,0.518
2017-01-05 00:00:00,0.508
2017-01-06 00:00:00,0.503
2017-01-09 00:00:00,0.485
2017-01-10 00:00:00,0.503
2017-01-11 00:00:00,0.498
2017-01-12 00:00:00,0.503
2017-01-13 00:00:00,0.513
2017-01-17 00:00:00,0.513
2017-01-18 00:00:00,0.515
2017-01-19 00:00:00,0.503
2017-01-20 00:00:00,0.48
2017-01-23 00:00:00,0.473
2017-01-24 00:00:00,0.493
2017-01-25 00:00:00,0.483
2017-01-26 00:00:00,0.488
2017-01-27 00:00:00,0.498
2017-01-30 00:00:00,0.495
2017-01-31 00:00:00,0.5
2017-02-01 00:00:00,0.5
2017-02-02 00:00:00,0.488
2017-02-03 00:00:00,0.488
2017-02-06 00:00:00,0.503
2017-02-07 00:00:00,0.525
2017-02-08 00:00:00,0.525
2017-02-09 00:00:00,0.528
2017-02-10 00:00:00,0.523
2017-02-13 00:00:00,0.523
2017-02-14 00:00:00,0.535
2017-02-15 00:00:00,0.52
2017-02-16 00:00:00,0.508
2017-02-17 00:00:00,0.508
2017-02-21 00:00:00,0.505
2017-02-22 00:00:00,0.51
2017-02-23 00:00:00,0.498
2017-02-24 00:00:00,0.498
2017-02-27 00:00:00,0.49
2017-02-28 00:00:00,0.523
2017-03-01 00:00:00,0.615
2017-03-02 00:00:00,0.645
2017-03-03 00:00:00,0.683
2017-03-06 00:00:00,0.705
2017-03-07 00:00:00,0.735
2017-03-08 00:00:00,0.708
2017-03-09 00:00:00,0.713
2017-03-10 00:00:00,0.725
2017-03-13 00:00:00,0.728
2017-03-14 00:00:00,0.753
2017-03-15 00:00:00,0.715
2017-03-16 00:00:00,0.708
2017-03-17 00:00:00,0.708
2017-03-20 00:00:00,0.71
2017-03-21 00:00:00,0.753
2017-03-22 00:00:00,0.748
2017-03-23 00:00:00,0.748
2017-03-24 00:00:00,0.748
2017-03-27 00:00:00,0.758
2017-03-28 00:00:00,0.773
2017-03-29 00:00:00,0.755
2017-03-30 00:00:00,0.758
2017-03-31 00:00:00,0.738
2017-04-03 00:00:00,0.74
2017-04-04 00:00:00,0.78
2017-04-05 00:00:00,0.78
2017-04-06 00:00:00,0.788
2017-04-07 00:00:00,0.798
2017-04-10 00:00:00,0.788
2017-04-11 00:00:00,0.8
2017-04-12 00:00:00,0.793
2017-04-13 00:00:00,0.79
2017-04-17 00:00:00,0.79
2017-04-18 00:00:00,0.805
2017-04-19 00:00:00,0.785
2017-04-20 00:00:00,0.77
2017-04-21 00:00:00,0.763
2017-04-24 00:00:00,0.77
2017-04-25 00:00:00,0.808
2017-04-26 00:00:00,0.803
2017-04-27 00:00:00,0.785
2017-04-28 00:00:00,0.78
2017-05-01 00:00:00,0.785
2017-05-02 00:00:00,0.843
2017-05-03 00:00:00,0.848
2017-05-04 00:00:00,0.855
2017-05-05 00:00:00,0.868
2017-05-08 00:00:00,0.87
2017-05-09 00:00:00,0.89
2017-05-10 00:00:00,0.875
2017-05-11 00:00:00,0.86
2017-05-12 00:00:00,0.855
2017-05-15 00:00:00,0.863
2017-05-16 00:00:00,0.89
2017-05-17 00:00:00,0.875
2017-05-18 00:00:00,0.893
2017-05-19 00:00:00,0.888
2017-05-22 00:00:00,0.878
2017-05-23 00:00:00,0.913
2017-05-24 00:00:00,0.905
2017-05-25 00:00:00,0.908
2017-05-26 00:00:00,0.91
2017-05-30 00:00:00,0.91
2017-05-31 00:00:00,0.95
2017-06-01 00:00:00,0.948
2017-06-02 00:00:00,0.953
2017-06-05 00:00:00,0.948
2017-06-06 00:00:00,0.958
2017-06-07 00:00:00,0.973
2017-06-08 00:00:00,0.973
2017-06-09 00:00:00,0.98
2017-06-12 00:00:00,0.973
2017-06-13 00:00:00,0.983
2017-06-14 00:00:00,0.983
2017-06-15 00:00:00,0.993
2017-06-16 00:00:00,0.985
2017-06-19 00:00:00,0.985
2017-06-20 00:00:00,0.993
2017-06-21 00:00:00,0.968
2017-06-22 00:00:00,0.933
2017-06-23 00:00:00,0.933
2017-06-26 00:00:00,0.933
2017-06-27 00:00:00,0.99
2017-06-28 00:00:00,0.985
2017-06-29 00:00:00,1.003
2017-06-30 00:00:00,0.993
2017-07-03 00:00:00,1.0
2017-07-05 00:00:00,1.02
2017-07-06 00:00:00,1.008
2017-07-07 00:00:00,1.008
2017-07-10 00:00:00,1.013
2017-07-11 00:00:00,1.033
2017-07-12 00:00:00,1.023
2017-07-13 00:00:00,1.013
2017-07-14 00:00:00,1.008
2017-07-17 00:00:00,1.02
2017-07-18 00:00:00,1.04
2017-07-19 00:00:00,1.085
2017-07-20 00:00:00,1.113
2017-07-21 00:00:00,1.138
2017-07-24 00:00:00,1.15
2017-07-25 00:00:00,1.143
2017-07-26 00:00:00,1.095
2017-07-27 00:00:00,1.078
2017-07-28 00:00:00,1.053
2017-07-31 00:00:00,1.053
2017-08-01 00:00:00,1.058
2017-08-02 00:00:00,1.05
2017-08-03 00:00:00,1.058
2017-08-04 00:00:00,1.053
2017-08-07 00:00:00,1.033
2017-08-08 00:00:00,1.03
2017-08-09 00:00:00,1.025
2017-08-10 00:00:00,1.018
2017-08-11 00:00:00,1.013
2017-08-14 00:00:00,1.003
2017-08-15 00:00:00,1.008
2017-08-16 00:00:00,0.985
2017-08-17 00:00:00,0.978
2017-08-18 00:00:00,0.988
2017-08-21 00:00:00,0.965
2017-08-22 00:00:00,0.995
2017-08-23 00:00:00,0.98
2017-08-24 00:00:00,0.998
2017-08-25 00:00:00,0.995
2017-08-28 00:00:00,1.005
2017-08-29 00:00:00,1.01
2017-08-30 00:00:00,0.998
2017-08-31 00:00:00,0.978
2017-09-01 00:00:00,0.985
2017-09-05 00:00:00,0.983
2017-09-06 00:00:00,1.038
2017-09-07 00:00:00,1.023
2017-09-08 00:00:00,1.02
2017-09-11 00:00:00,1.02
2017-09-12 00:00:00,1.018
2017-09-13 00:00:00,1.018
2017-09-14 00:00:00,1.028
2017-09-15 00:00:00,1.01
2017-09-18 00:00:00,1.0
2017-09-19 00:00:00,1.018
2017-09-20 00:00:00,1.02
2017-09-21 00:00:00,1.008
2017-09-22 00:00:00,1.003
2017-09-25 00:00:00,0.998
2017-09-26 00:00:00,1.043
2017-09-27 00:00:00,1.038
2017-09-28 00:00:00,1.03
2017-09-29 00:00:00,1.028
2017-10-02 00:00:00,1.013
2017-10-03 00:00:00,1.035
2017-10-04 00:00:00,1.043
2017-10-05 00:00:00,1.043
2017-10-06 00:00:00,1.043
2017-10-09 00:00:00,1.045
2017-10-10 00:00:00,1.055
2017-10-11 00:00:00,1.068
2017-10-12 00:00:00,1.053
2017-10-13 00:00:00,1.05
2017-10-16 00:00:00,1.055
2017-10-17 00:00:00,1.073
2017-10-18 00:00:00,1.068
2017-10-19 00:00:00,1.065
2017-10-20 00:00:00,1.075
2017-10-23 00:00:00,1.07
2017-10-24 00:00:00,1.098
2017-10-25 00:00:00,1.083
2017-10-26 00:00:00,1.08
2017-10-27 00:00:00,1.073
2017-10-30 00:00:00,1.075
2017-10-31 00:00:00,1.123
2017-11-01 00:00:00,1.138
2017-11-02 00:00:00,1.138
2017-11-03 00:00:00,1.148
2017-11-06 00:00:00,1.158
2017-11-07 00:00:00,1.188
2017-11-08 00:00:00,1.195
2017-11-09 00:00:00,1.203
2017-11-10 00:00:00,1.2
2017-11-13 00:00:00,1.185
2017-11-14 00:00:00,1.24
2017-11-15 00:00:00,1.23
2017-11-16 00:00:00,1.23
2017-11-17 00:00:00,1.24
2017-11-20 00:00:00,1.24
2017-11-21 00:00:00,1.278
2017-11-22 00:00:00,1.265
2017-11-24 00:00:00,1.24
2017-11-27 00:00:00,1.223
2017-11-28 00:00:00,1.265
2017-11-29 00:00:00,1.258
2017-11-30 00:00:00,1.238
2017-12-01 00:00:00,1.235
2017-12-04 00:00:00,1.245
2017-12-05 00:00:00,1.283
2017-12-06 00:00:00,1.263
2017-12-07 00:00:00,1.26
2017-12-08 00:00:00,1.253
2017-12-11 00:00:00,1.263
2017-12-12 00:00:00,1.31
2017-12-13 00:00:00,1.273
2017-12-14 00:00:00,1.283
2017-12-15 00:00:00,1.285
2017-12-18 00:00:00,1.315
2017-12-19 00:00:00,1.353
2017-12-20 00:00:00,1.35
2017-12-21 00:00:00,1.32
2017-12-22 00:00:00,1.298
2017-12-26 00:00:00,1.303
2017-12-27 00:00:00,1.408
2017-12-28 00:00:00,1.37
2017-12-29 00:00:00,1.355
2018-01-02 00:00:00,1.378
2018-01-03 00:00:00,1.37
2018-01-04 00:00:00,1.37
2018-01-05 00:00:00,1.37
2018-01-08 00:00:00,1.38
2018-01-09 00:00:00,1.415
2018-01-10 00:00:00,1.395
2018-01-11 00:00:00,1.403
2018-01-12 00:00:00,1.41
2018-01-16 00:00:00,1.395
2018-01-17 00:00:00,1.415
2018-01-18 00:00:00,1.405
2018-01-19 00:00:00,1.403
2018-01-22 00:00:00,1.39
2018-01-23 00:00:00,1.413
2018-01-24 00:00:00,1.41
2018-01-25 00:00:00,1.393
2018-01-26 00:00:00,1.388
2018-01-29 00:00:00,1.375
2018-01-30 00:00:00,1.425
2018-01-31 00:00:00,1.43
2018-02-01 00:00:00,1.453
2018-02-02 00:00:00,1.45
2018-02-05 00:00:00,1.458
2018-02-06 00:00:00,1.488
2018-02-07 00:00:00,1.515
2018-02-08 00:00:00,1.515
2018-02-09 00:00:00,1.525
2018-02-12 00:00:00,1.535
2018-02-13 00:00:00,1.57
2018-02-14 00:00:00,1.55
2018-02-15 00:00:00,1.56
2018-02-16 00:00:00,1.57
2018-02-20 00:00:00,1.573
2018-02-21 00:00:00,1.608
2018-02-22 00:00:00,1.605
2018-02-23 00:00:00,1.605
2018-02-26 00:00:00,1.608
2018-02-27 00:00:00,1.635
2018-02-28 00:00:00,1.618
2018-03-01 00:00:00,1.59
2018-03-02 00:00:00,1.605
2018-03-05 00:00:00,1.625
2018-03-06 00:00:00,1.643
2018-03-07 00:00:00,1.65
2018-03-08 00:00:00,1.635
2018-03-09 00:00:00,1.635
2018-03-12 00:00:00,1.643
2018-03-13 00:00:00,1.69
2018-03-14 00:00:00,1.718
2018-03-15 00:00:00,1.733
2018-03-16 00:00:00,1.738
2018-03-19 00:00:00,1.728
2018-03-20 00:00:00,1.758
2018-03-21 00:00:00,1.71
2018-03-22 00:00:00,1.683
2018-03-23 00:00:00,1.688
2018-03-26 00:00:00,1.705
2018-03-27 00:00:00,1.733
2018-03-28 00:00:00,1.695
2018-03-29 00:00:00,1.67
2018-04-02 00:00:00,1.683
2018-04-03 00:00:00,1.713
2018-04-04 00:00:00,1.668
2018-04-05 00:00:00,1.675
2018-04-06 00:00:00,1.68
2018-04-09 00:00:00,1.675
2018-04-10 00:00:00,1.695
2018-04-11 00:00:00,1.693
2018-04-12 00:00:00,1.705
2018-04-13 00:00:00,1.718
2018-04-16 00:00:00,1.713
2018-04-17 00:00:00,1.755
2018-04-18 00:00:00,1.77
2018-04-19 00:00:00,1.783
2018-04-20 00:00:00,1.765
2018-04-23 00:00:00,1.783
2018-04-24 00:00:00,1.823
2018-04-25 00:00:00,1.815
2018-04-26 00:00:00,1.785
2018-04-27 00:00:00,1.77
2018-04-30 00:00:00,1.763
2018-05-01 00:00:00,1.81
2018-05-02 00:00:00,1.785
2018-05-03 00:00:00,1.788
2018-05-04 00:00:00,1.793
2018-05-07 00:00:00,1.793
2018-05-08 00:00:00,1.835
2018-05-09 00:00:00,1.845
2018-05-10 00:00:00,1.845
2018-05-11 00:00:00,1.86
2018-05-14 00:00:00,1.855
2018-05-15 00:00:00,1.875
2018-05-16 00:00:00,1.865
2018-05-17 00:00:00,1.863
2018-05-18 00:00:00,1.855
2018-05-21 00:00:00,1.863
2018-05-22 00:00:00,1.893
2018-05-23 00:00:00,1.873
2018-05-24 00:00:00,1.86
2018-05-25 00:00:00,1.853
2018-05-29 00:00:00,1.84
2018-05-30 00:00:00,1.878
2018-05-31 00:00:00,1.87
2018-06-01 00:00:00,1.868
2018-06-04 00:00:00,1.865
2018-06-05 00:00:00,1.903
2018-06-06 00:00:00,1.9
2018-06-07 00:00:00,1.885
2018-06-08 00:00:00,1.88
2018-06-11 00:00:00,1.868
2018-06-12 00:00:00,1.888
2018-06-13 00:00:00,1.895
2018-06-14 00:00:00,1.883
2018-06-15 00:00:00,1.888
2018-06-18 00:00:00,1.883
2018-06-19 00:00:00,1.898
2018-06-20 00:00:00,1.888
2018-06-21 00:00:00,1.89
2018-06-22 00:00:00,1.87
2018-06-25 00:00:00,1.853
2018-06-26 00:00:00,1.893
2018-06-27 00:00:00,1.88
2018-06-28 00:00:00,1.88
2018-06-29 00:00:00,1.88
2018-07-02 00:00:00,1.895
2018-07-03 00:00:00,1.933
2018-07-05 00:00:00,1.91
2018-07-06 00:00:00,1.905
2018-07-09 00:00:00,1.915
2018-07-10 00:00:00,1.935
2018-07-11 00:00:00,1.92
2018-07-12 00:00:00,1.928
2018-07-13 00:00:00,1.928
2018-07-16 00:00:00,1.938
2018-07-17 00:00:00,1.975
2018-07-18 00:00:00,1.96
2018-07-19 00:00:00,1.948
2018-07-20 00:00:00,1.933
2018-07-23 00:00:00,1.92
2018-07-24 00:00:00,1.96
2018-07-25 00:00:00,1.953
2018-07-26 00:00:00,1.945
2018-07-27 00:00:00,1.945
2018-07-30 00:00:00,1.945
2018-07-31 00:00:00,1.985
2018-08-01 00:00:00,1.978
2018-08-02 00:00:00,1.965
2018-08-03 00:00:00,1.96
2018-08-06 00:00:00,1.968
2018-08-07 00:00:00,2.008
2018-08-08 00:00:00,2.008
2018-08-09 00:00:00,2.005
2018-08-10 00:00:00,2.0
2018-08-13 00:00:00,1.995
2018-08-14 00:00:00,2.033
2018-08-15 00:00:00,2.02
2018-08-16 00:00:00,2.015
2018-08-17 00:00:00,1.995
2018-08-20 00:00:00,1.993
2018-08-21 00:00:00,2.035
2018-08-22 00:00:00,2.035
2018-08-23 00:00:00,2.033
2018-08-24 00:00:00,2.048
2018-08-27 00:00:00,2.06
2018-08-28 00:00:00,2.078
2018-08-29 00:00:00,2.08
2018-08-30 00:00:00,2.058
2018-08-31 00:00:00,2.055
2018-09-04 00:00:00,2.068
2018-09-05 00:00:00,2.09
2018-09-06 00:00:00,2.08
2018-09-07 00:00:00,2.088
2018-09-10 00:00:00,2.083
2018-09-11 00:00:00,2.108
2018-09-12 00:00:00,2.105
2018-09-13 00:00:00,2.093
2018-09-14 00:00:00,2.103
2018-09-17 00:00:00,2.108
2018-09-18 00:00:00,2.125
2018-09-19 00:00:00,2.12
2018-09-20 00:00:00,2.118
2018-09-21 00:00:00,2.123
2018-09-24 00:00:00,2.123
2018-09-25 00:00:00,2.168
2018-09-26 00:00:00,2.16
2018-09-27 00:00:00,2.14
2018-09-28 00:00:00,2.15
2018-10-01 00:00:00,2.155
2018-10-02 00:00:00,2.175
2018-10-03 00:00:00,2.17
2018-10-04 00:00:00,2.17
2018-10-05 00:00:00,2.165
2018-10-08 00:00:00,2.165
2018-10-09 00:00:00,2.185
2018-10-10 00:00:00,2.22
2018-10-11 00:00:00,2.215
2018-10-12 00:00:00,2.218
2018-10-15 00:00:00,2.23
2018-10-16 00:00:00,2.26
2018-10-17 00:00:00,2.26
2018-10-18 00:00:00,2.255
2018-10-19 00:00:00,2.26
2018-10-22 00:00:00,2.258
2018-10-23 00:00:00,2.29
2018-10-24 00:00:00,2.285
2018-10-25 00:00:00,2.28
2018-10-26 00:00:00,2.273
2018-10-29 00:00:00,2.26
2018-10-30 00:00:00,2.283
2018-10-31 00:00:00,2.278
2018-11-01 00:00:00,2.27
2018-11-02 00:00:00,2.273
2018-11-05 00:00:00,2.268
2018-11-06 00:00:00,2.31
2018-11-07 00:00:00,2.31
2018-11-08 00:00:00,2.303
2018-11-09 00:00:00,2.3
2018-11-12 00:00:00,2.3
2018-11-13 00:00:00,2.295
2018-11-14 00:00:00,2.325
2018-11-15 00:00:00,2.31
2018-11-16 00:00:00,2.3
2018-11-19 00:00:00,2.3
2018-11-20 00:00:00,2.335
2018-11-21 00:00:00,2.35
2018-11-23 00:00:00,2.348
2018-11-26 00:00:00,2.343
2018-11-27 00:00:00,2.353
2018-11-28 00:00:00,2.335
2018-11-29 00:00:00,2.31
2018-11-30 00:00:00,2.308
2018-12-03 00:00:00,2.288
2018-12-04 00:00:00,2.365
2018-12-06 00:00:00,2.353
2018-12-07 00:00:00,2.34
2018-12-10 00:00:00,2.33
2018-12-11 00:00:00,2.37
2018-12-12 00:00:00,2.375
2018-12-13 00:00:00,2.363
2018-12-14 00:00:00,2.368
2018-12-17 00:00:00,2.34
2018-12-18 00:00:00,2.328
2018-12-19 00:00:00,2.338
2018-12-20 00:00:00,2.335
2018-12-21 00:00:00,2.33
2018-12-24 00:00:00,2.333
2018-12-26 00:00:00,2.38
2018-12-27 00:00:00,2.348
2018-12-28 00:00:00,2.328
2018-12-31 00:00:00,2.3
2019-01-02 00:00:00,2.365
2019-01-03 00:00:00,2.355
2019-01-04 00:00:00,2.358
2019-01-07 00:00:00,2.353
2019-01-08 00:00:00,2.4
2019-01-09 00:00:00,2.39
2019-01-10 00:00:00,2.375
2019-01-11 00:00:00,2.37
2019-01-14 00:00:00,2.36
2019-01-15 00:00:00,2.383
2019-01-16 00:00:00,2.363
2019-01-17 00:00:00,2.355
2019-01-18 00:00:00,2.348
2019-01-22 00:00:00,2.345
2019-01-23 00:00:00,2.353
2019-01-24 00:00:00,2.305
2019-01-25 00:00:00,2.328
2019-01-28 00:00:00,2.333
2019-01-29 00:00:00,2.365
2019-01-30 00:00:00,2.365
2019-01-31 00:00:00,2.34
2019-02-01 00:00:00,2.34
2019-02-04 00:00:00,2.335
2019-02-05 00:00:00,2.365
2019-02-06 00:00:00,2.365
2019-02-07 00:00:00,2.355
2019-02-08 00:00:00,2.365
2019-02-11 00:00:00,2.375
2019-02-12 00:00:00,2.378
2019-02-13 00:00:00,2.373
2019-02-14 00:00:00,2.373
2019-02-15 00:00:00,2.37
2019-02-19 00:00:00,2.373
2019-02-20 00:00:00,2.383
2019-02-21 00:00:00,2.395
2019-02-22 00:00:00,2.393
2019-02-25 00:00:00,2.393
2019-02-26 00:00:00,2.4
2019-02-27 00:00:00,2.393
2019-02-28 00:00:00,2.383
2019-03-01 00:00:00,2.378
2019-03-04 00:00:00,2.375
2019-03-05 00:00:00,2.4
2019-03-06 00:00:00,2.405
2019-03-07 00:00:00,2.395
2019-03-08 00:00:00,2.393
2019-03-11 00:00:00,2.38
2019-03-12 00:00:00,2.395
2019-03-13 00:00:00,2.388
2019-03-14 00:00:00,2.388
2019-03-15 00:00:00,2.388
2019-03-18 00:00:00,2.385
2019-03-19 00:00:00,2.405
2019-03-20 00:00:00,2.408
2019-03-21 00:00:00,2.408
2019-03-22 00:00:00,2.398
2019-03-25 00:00:00,2.39
2019-03-26 00:00:00,2.405
2019-03-27 00:00:00,2.378
2019-03-28 00:00:00,2.37
2019-03-29 00:00:00,2.328
2019-04-01 00:00:00,2.323
2019-04-02 00:00:00,2.37
2019-04-03 00:00:00,2.373
2019-04-04 00:00:00,2.37
2019-04-05 00:00:00,2.37
2019-04-08 00:00:00,2.365
2019-04-09 00:00:00,2.365
2019-04-10 00:00:00,2.363
2019-04-11 00:00:00,2.365
2019-04-12 00:00:00,2.375
2019-04-15 00:00:00,2.36
2019-04-16 00:00:00,2.378
2019-04-17 00:00:00,2.38
2019-04-18 00:00:00,2.365
2019-04-22 00:00:00,2.375
2019-04-23 00:00:00,2.39
2019-04-24 00:00:00,2.375
2019-04-25 00:00:00,2.365
2019-04-26 00:00:00,2.36
2019-04-29 00:00:00,2.36
2019-04-30 00:00:00,2.368
2019-05-01 00:00:00,2.363
2019-05-02 00:00:00,2.373
2019-05-03 00:00:00,2.368
2019-05-06 00:00:00,2.363
2019-05-07 00:00:00,2.368
2019-05-08 00:00:00,2.37
2019-05-09 00:00:00,2.37
2019-05-10 00:00:00,2.37
2019-05-13 00:00:00,2.35
2019-05-14 00:00:00,2.353
2019-05-15 00:00:00,2.35
2019-05-16 00:00:00,2.338
2019-05-17 00:00:00,2.33
2019-05-20 00:00:00,2.32
2019-05-21 00:00:00,2.33
2019-05-22 00:00:00,2.32
2019-05-23 00:00:00,2.303
2019-05-24 00:00:00,2.288
2019-05-28 00:00:00,2.298
2019-05-29 00:00:00,2.298
2019-05-30 00:00:00,2.31
2019-05-31 00:00:00,2.293
2019-06-03 00:00:00,2.28
2019-06-04 00:00:00,2.295
2019-06-05 00:00:00,2.285
2019-06-06 00:00:00,2.255
2019-06-07 00:00:00,2.215
2019-06-10 00:00:00,2.22
2019-06-11 00:00:00,2.213
2019-06-12 00:00:00,2.165
2019-06-13 00:00:00,2.14
2019-06-14 00:00:00,2.125
2019-06-17 00:00:00,2.138
2019-06-18 00:00:00,2.168
2019-06-19 00:00:00,2.125
2019-06-20 00:00:00,2.078
2019-06-21 00:00:00,2.055
2019-06-24 00:00:00,2.058
2019-06-25 00:00:00,2.083
2019-06-26 00:00:00,2.093
2019-06-27 00:00:00,2.085
2019-06-28 00:00:00,2.035
2019-07-01 00:00:00,2.065
2019-07-02 00:00:00,2.148
2019-07-03 00:00:00,2.15
2019-07-05 00:00:00,2.163
2019-07-08 00:00:00,2.178
2019-07-09 00:00:00,2.195
2019-07-10 00:00:00,2.13
2019-07-11 00:00:00,2.098
2019-07-12 00:00:00,2.09
2019-07-15 00:00:00,2.085
2019-07-16 00:00:00,2.103
2019-07-17 00:00:00,2.073
2019-07-18 00:00:00,2.013
2019-07-19 00:00:00,2.013
2019-07-22 00:00:00,2.025
2019-07-23 00:00:00,2.033
2019-07-24 00:00:00,2.04
2019-07-25 00:00:00,2.06
2019-07-26 00:00:00,2.063
2019-07-29 00:00:00,2.05
2019-07-30 00:00:00,2.04
2019-07-31 00:00:00,2.03
2019-08-01 00:00:00,2.03
2019-08-02 00:00:00,2.0
2019-08-05 00:00:00,1.953
2019-08-06 00:00:00,1.995
2019-08-07 00:00:00,1.968
2019-08-08 00:00:00,1.97
2019-08-09 00:00:00,1.95
2019-08-12 00:00:00,1.928
2019-08-13 00:00:00,1.955
2019-08-14 00:00:00,1.908
2019-08-15 00:00:00,1.843
2019-08-16 00:00:00,1.823
2019-08-19 00:00:00,1.853
2019-08-20 00:00:00,1.9
2019-08-21 00:00:00,1.928
2019-08-22 00:00:00,1.938
2019-08-23 00:00:00,1.91
2019-08-26 00:00:00,1.933
2019-08-27 00:00:00,1.943
2019-08-28 00:00:00,1.94
2019-08-29 00:00:00,1.94
2019-08-30 00:00:00,1.933
2019-09-03 00:00:00,1.91
2019-09-04 00:00:00,1.905
2019-09-05 00:00:00,1.92
2019-09-06 00:00:00,1.91
2019-09-09 00:00:00,1.908
2019-09-10 00:00:00,1.913
2019-09-11 00:00:00,1.913
2019-09-12 00:00:00,1.895
2019-09-13 00:00:00,1.9
2019-09-16 00:00:00,1.945
2019-09-17 00:00:00,1.938
2019-09-18 00:00:00,1.88
2019-09-19 00:00:00,1.883
2019-09-20 00:00:00,1.85
2019-09-23 00:00:00,1.845
2019-09-24 00:00:00,1.88
2019-09-25 00:00:00,1.845
2019-09-26 00:00:00,1.77
2019-09-27 00:00:00,1.73
2019-09-30 00:00:00,1.77
2019-10-01 00:00:00,1.753
2019-10-02 00:00:00,1.735
2019-10-03 00:00:00,1.665
2019-10-04 00:00:00,1.655
2019-10-07 00:00:00,1.673
2019-10-08 00:00:00,1.655
2019-10-09 00:00:00,1.628
2019-10-10 00:00:00,1.633
2019-10-11 00:00:00,1.623
2019-10-14 00:00:00,1.618
2019-10-15 00:00:00,1.618
2019-10-16 00:00:00,1.615
2019-10-17 00:00:00,1.625
2019-10-18 00:00:00,1.625
2019-10-21 00:00:00,1.625
2019-10-22 00:00:00,1.615
2019-10-23 00:00:00,1.615
2019-10-24 00:00:00,1.623
2019-10-25 00:00:00,1.625
2019-10-28 00:00:00,1.605
2019-10-29 00:00:00,1.595
2019-10-30 00:00:00,1.595
2019-10-31 00:00:00,1.498
2019-11-01 00:00:00,1.485
2019-11-04 00:00:00,1.503
2019-11-05 00:00:00,1.518
2019-11-06 00:00:00,1.515
2019-11-07 00:00:00,1.518
2019-11-08 00:00:00,1.51
2019-11-11 00:00:00,1.513
2019-11-12 00:00:00,1.533
2019-11-13 00:00:00,1.535
2019-11-14 00:00:00,1.528
2019-11-15 00:00:00,1.528
2019-11-18 00:00:00,1.523
2019-11-19 00:00:00,1.525
2019-11-20 00:00:00,1.52
2019-11-21 00:00:00,1.53
2019-11-22 00:00:00,1.543
2019-11-25 00:00:00,1.545
2019-11-26 00:00:00,1.565
2019-11-27 00:00:00,1.565
2019-11-29 00:00:00,1.54
2019-12-02 00:00:00,1.538
2019-12-03 00:00:00,1.538
2019-12-04 00:00:00,1.498
2019-12-05 00:00:00,1.493
2019-12-06 00:00:00,1.48
2019-12-09 00:00:00,1.498
2019-12-10 00:00:00,1.515
2019-12-11 00:00:00,1.52
2019-12-12 00:00:00,1.53
2019-12-13 00:00:00,1.523
2019-12-16 00:00:00,1.525
2019-12-17 00:00:00,1.53
2019-12-18 00:00:00,1.518
2019-12-19 00:00:00,1.533
2019-12-20 00:00:00,1.528
2019-12-23 00:00:00,1.52
2019-12-24 00:00:00,1.538
2019-12-26 00:00:00,1.535
2019-12-27 00:00:00,1.518
2019-12-30 00:00:00,1.49
2019-12-31 00:00:00,1.505
2020-01-02 00:00:00,1.495
2020-01-03 00:00:00,1.473
2020-01-06 00:00:00,1.488
2020-01-07 00:00:00,1.5
2020-01-08 00:00:00,1.493
2020-01-09 00:00:00,1.5
2020-01-10 00:00:00,1.498
2020-01-13 00:00:00,1.51
2020-01-14 00:00:00,1.53
2020-01-15 00:00:00,1.508
2020-01-16 00:00:00,1.518
2020-01-17 00:00:00,1.523
2020-01-21 00:00:00,1.503
2020-01-22 00:00:00,1.513
2020-01-23 00:00:00,1.515
2020-01-24 00:00:00,1.49
2020-01-27 00:00:00,1.505
2020-01-28 00:00:00,1.53
2020-01-29 00:00:00,1.52
2020-01-30 00:00:00,1.528
2020-01-31 00:00:00,1.51
2020-02-03 00:00:00,1.518
2020-02-04 00:00:00,1.538
2020-02-05 00:00:00,1.52
2020-02-06 00:00:00,1.53
2020-02-07 00:00:00,1.518
2020-02-10 00:00:00,1.52
2020-02-11 00:00:00,1.538
2020-02-12 00:00:00,1.535
2020-02-13 00:00:00,1.545
2020-02-14 00:00:00,1.535
2020-02-18 00:00:00,1.535
2020-02-19 00:00:00,1.543
2020-02-20 00:00:00,1.538
2020-02-21 00:00:00,1.518
2020-02-24 00:00:00,1.503
2020-02-25 00:00:00,1.49
2020-02-26 00:00:00,1.478
2020-02-27 00:00:00,1.395
2020-02-28 00:00:00,1.23
2020-03-02 00:00:00,1.135
2020-03-03 00:00:00,0.918
2020-03-04 00:00:00,0.675
2020-03-05 00:00:00,0.595
2020-03-06 00:00:00,0.415
2020-03-09 00:00:00,0.33
2020-03-10 00:00:00,0.39
2020-03-11 00:00:00,0.368
2020-03-12 00:00:00,0.273
2020-03-13 00:00:00,0.243
2020-03-16 00:00:00,0.185
2020-03-17 00:00:00,0.165
2020-03-18 00:00:00,0.003
2020-03-19 00:00:00,0.0
2020-03-20 00:00:00,0.0
2020-03-23 00:00:00,0.0
2020-03-24 00:00:00,0.0
2020-03-25 00:00:00,0.0
2020-03-26 00:00:00,0.0
2020-03-27 00:00:00,0.0
2020-03-30 00:00:00,0.013
2020-03-31 00:00:00,0.03
2020-04-01 00:00:00,0.063
2020-04-02 00:00:00,0.065
2020-04-03 00:00:00,0.058
2020-04-06 00:00:00,0.06
2020-04-07 00:00:00,0.128
2020-04-08 00:00:00,0.185
2020-04-09 00:00:00,0.21
2020-04-13 00:00:00,0.2
2020-04-14 00:00:00,0.165
2020-04-15 00:00:00,0.115
2020-04-16 00:00:00,0.11
2020-04-17 00:00:00,0.103
2020-04-20 00:00:00,0.07
2020-04-21 00:00:00,0.098
2020-04-22 00:00:00,0.093
2020-04-23 00:00:00,0.093
2020-04-24 00:00:00,0.1
2020-04-27 00:00:00,0.093
2020-04-28 00:00:00,0.085
2020-04-29 00:00:00,0.09
2020-04-30 00:00:00,0.09
2020-05-01 00:00:00,0.093
2020-05-04 00:00:00,0.09
2020-05-05 00:00:00,0.11
2020-05-06 00:00:00,0.108
2020-05-07 00:00:00,0.095
2020-05-08 00:00:00,0.095
2020-05-11 00:00:00,0.105
2020-05-12 00:00:00,0.123
2020-05-13 00:00:00,0.115
2020-05-14 00:00:00,0.105
2020-05-15 00:00:00,0.103
2020-05-18 00:00:00,0.105
2020-05-19 00:00:00,0.118
2020-05-20 00:00:00,0.118
2020-05-21 00:00:00,0.11
2020-05-22 00:00:00,0.11
2020-05-26 00:00:00,0.118
2020-05-27 00:00:00,0.135
2020-05-28 00:00:00,0.138
2020-05-29 00:00:00,0.128
2020-06-01 00:00:00,0.128
2020-06-02 00:00:00,0.145
2020-06-03 00:00:00,0.148
2020-06-04 00:00:00,0.14
2020-06-05 00:00:00,0.145
2020-06-08 00:00:00,0.153
2020-06-09 00:00:00,0.165
2020-06-10 00:00:00,0.165
2020-06-11 00:00:00,0.153
2020-06-12 00:00:00,0.15
2020-06-15 00:00:00,0.155
2020-06-16 00:00:00,0.16
2020-06-17 00:00:00,0.165
2020-06-18 00:00:00,0.14
2020-06-19 00:00:00,0.143
2020-06-22 00:00:00,0.14
2020-06-23 00:00:00,0.14
2020-06-24 00:00:00,0.135
2020-06-25 00:00:00,0.13
2020-06-26 00:00:00,0.133
2020-06-29 00:00:00,0.125
2020-06-30 00:00:00,0.135
2020-07-01 00:00:00,0.13
2020-07-02 00:00:00,0.133
2020-07-06 00:00:00,0.128
2020-07-07 00:00:00,0.14
2020-07-08 00:00:00,0.135
2020-07-09 00:00:00,0.123
2020-07-10 00:00:00,0.12
2020-07-13 00:00:00,0.125
2020-07-14 00:00:00,0.133
2020-07-15 00:00:00,0.125
2020-07-16 00:00:00,0.103
2020-07-17 00:00:00,0.105
2020-07-20 00:00:00,0.105
2020-07-21 00:00:00,0.11
2020-07-22 00:00:00,0.1
2020-07-23 00:00:00,0.103
2020-07-24 00:00:00,0.098
2020-07-27 00:00:00,0.093
2020-07-28 00:00:00,0.103
2020-07-29 00:00:00,0.09
2020-07-30 00:00:00,0.085
2020-07-31 00:00:00,0.083
2020-08-03 00:00:00,0.078
2020-08-04 00:00:00,0.09
2020-08-05 00:00:00,0.095
2020-08-06 00:00:00,0.088
2020-08-07 00:00:00,0.088
2020-08-10 00:00:00,0.088
2020-08-11 00:00:00,0.1
2020-08-12 00:00:00,0.1
2020-08-13 00:00:00,0.09
2020-08-14 00:00:00,0.088
2020-08-17 00:00:00,0.085
2020-08-18 00:00:00,0.1
2020-08-19 00:00:00,0.095
2020-08-20 00:00:00,0.088
2020-08-21 00:00:00,0.088
2020-08-24 00:00:00,0.085
2020-08-25 00:00:00,0.095
2020-08-26 00:00:00,0.093
2020-08-27 00:00:00,0.095
2020-08-28 00:00:00,0.095
2020-08-31 00:00:00,0.095
2020-09-01 00:00:00,0.1
2020-09-02 00:00:00,0.1
2020-09-03 00:00:00,0.1
2020-09-04 00:00:00,0.103
2020-09-08 00:00:00,0.108
2020-09-09 00:00:00,0.105
2020-09-10 00:00:00,0.103
2020-09-11 00:00:00,0.103
2020-09-14 00:00:00,0.1
2020-09-15 00:00:00,0.1
2020-09-16 00:00:00,0.1
2020-09-17 00:00:00,0.085
2020-09-18 00:00:00,0.083
2020-09-21 00:00:00,0.08
2020-09-22 00:00:00,0.088
2020-09-23 00:00:00,0.088
2020-09-24 00:00:00,0.093
2020-09-25 00:00:00,0.09
2020-09-28 00:00:00,0.088
2020-09-29 00:00:00,0.085
2020-09-30 00:00:00,0.085
2020-10-01 00:00:00,0.083
2020-10-02 00:00:00,0.085
2020-10-05 00:00:00,0.085
2020-10-06 00:00:00,0.088
2020-10-07 00:00:00,0.088
2020-10-08 00:00:00,0.088
2020-10-09 00:00:00,0.093
2020-10-12 00:00:00,0.09
2020-10-13 00:00:00,0.093
2020-10-14 00:00:00,0.1
2020-10-15 00:00:00,0.095
2020-10-16 00:00:00,0.09
2020-10-19 00:00:00,0.09
2020-10-20 00:00:00,0.095
2020-10-21 00:00:00,0.09
2020-10-22 00:00:00,0.085
2020-10-23 00:00:00,0.083
2020-10-26 00:00:00,0.08
2020-10-27 00:00:00,0.09
2020-10-28 00:00:00,0.09
2020-10-29 00:00:00,0.083
2020-10-30 00:00:00,0.083
2020-11-02 00:00:00,0.083
2020-11-03 00:00:00,0.09
2020-11-04 00:00:00,0.083
2020-11-05 00:00:00,0.085
2020-11-06 00:00:00,0.083
2020-11-09 00:00:00,0.088
2020-11-10 00:00:00,0.09
2020-11-11 00:00:00,0.09
2020-11-12 00:00:00,0.085
2020-11-13 00:00:00,0.083
2020-11-16 00:00:00,0.075
2020-11-17 00:00:00,0.08
2020-11-18 00:00:00,0.075
2020-11-19 00:00:00,0.06
2020-11-20 00:00:00,0.058
2020-11-23 00:00:00,0.07
2020-11-24 00:00:00,0.08
2020-11-25 00:00:00,0.08
2020-11-27 00:00:00,0.073
2020-11-30 00:00:00,0.075
2020-12-01 00:00:00,0.08
2020-12-02 00:00:00,0.075
2020-12-03 00:00:00,0.075
2020-12-04 00:00:00,0.075
2020-12-07 00:00:00,0.07
2020-12-08 00:00:00,0.068
2020-12-09 00:00:00,0.07
2020-12-10 00:00:00,0.07
2020-12-11 00:00:00,0.065
2020-12-14 00:00:00,0.06
2020-12-15 00:00:00,0.07
2020-12-16 00:00:00,0.075
2020-12-17 00:00:00,0.08
2020-12-18 00:00:00,0.08
2020-12-21 00:00:00,0.078
2020-12-22 00:00:00,0.078
2020-12-23 00:00:00,0.075
2020-12-24 00:00:00,0.075
2020-12-28 00:00:00,0.08
2020-12-29 00:00:00,0.09
2020-12-30 00:00:00,0.07
2020-12-31 00:00:00,0.065
2021-01-04 00:00:00,0.068
2021-01-05 00:00:00,0.078
2021-01-06 00:00:00,0.078
2021-01-07 00:00:00,0.08
2021-01-08 00:00:00,0.08
2021-01-11 00:00:00,0.08
2021-01-12 00:00:00,0.08
2021-01-13 00:00:00,0.08
2021-01-14 00:00:00,0.075
2021-01-15 00:00:00,0.075
2021-01-19 00:00:00,0.073
2021-01-20 00:00:00,0.075
2021-01-21 00:00:00,0.073
2021-01-22 00:00:00,0.07
2021-01-25 00:00:00,0.07
2021-01-26 00:00:00,0.068
2021-01-27 00:00:00,0.06
2021-01-28 00:00:00,0.055
2021-01-29 00:00:00,0.048
2021-02-01 00:00:00,0.048
2021-02-02 00:00:00,0.05
2021-02-03 00:00:00,0.04
2021-02-04 00:00:00,0.03
2021-02-05 00:00:00,0.023
2021-02-08 00:00:00,0.02
2021-02-09 00:00:00,0.033
2021-02-10 00:00:00,0.035
2021-02-11 00:00:00,0.035
2021-02-12 00:00:00,0.035
2021-02-16 00:00:00,0.035
2021-02-17 00:00:00,0.035
2021-02-18 00:00:00,0.023
2021-02-19 00:00:00,0.023
2021-02-22 00:00:00,0.025
2021-02-23 00:00:00,0.023
2021-02-24 00:00:00,0.028
2021-02-25 00:00:00,0.033
2021-02-26 00:00:00,0.035
2021-03-01 00:00:00,0.028
2021-03-02 00:00:00,0.035
2021-03-03 00:00:00,0.035
2021-03-04 00:00:00,0.028
2021-03-05 00:00:00,0.028
2021-03-08 00:00:00,0.035
2021-03-09 00:00:00,0.035
2021-03-10 00:00:00,0.03
2021-03-11 00:00:00,0.028
2021-03-12 00:00:00,0.025
2021-03-15 00:00:00,0.015
2021-03-16 00:00:00,0.008
2021-03-17 00:00:00,0.008
2021-03-18 00:00:00,0.003
2021-03-19 00:00:00,0.005
2021-03-22 00:00:00,0.005
2021-03-23 00:00:00,0.01
2021-03-24 00:00:00,0.015
2021-03-25 00:00:00,0.015
2021-03-26 00:00:00,0.015
2021-03-29 00:00:00,0.008
2021-03-30 00:00:00,0.013
2021-03-31 00:00:00,0.013
2021-04-01 00:00:00,0.008
2021-04-05 00:00:00,0.015
2021-04-06 00:00:00,0.015
2021-04-07 00:00:00,0.01
2021-04-08 00:00:00,0.005
2021-04-09 00:00:00,0.003
2021-04-12 00:00:00,0.01
2021-04-13 00:00:00,0.015
2021-04-14 00:00:00,0.015
2021-04-15 00:00:00,0.01
2021-04-16 00:00:00,0.008
2021-04-19 00:00:00,0.015
2021-04-20 00:00:00,0.015
2021-04-21 00:00:00,0.013
2021-04-22 00:00:00,0.015
2021-04-23 00:00:00,0.015
2021-04-26 00:00:00,0.008
2021-04-27 00:00:00,0.01
2021-04-28 00:00:00,0.008
2021-04-29 00:00:00,0.008
2021-04-30 00:00:00,0.003
2021-05-03 00:00:00,0.005
2021-05-04 00:00:00,0.01
2021-05-05 00:00:00,0.008
2021-05-06 00:00:00,0.008
2021-05-07 00:00:00,0.008
2021-05-10 00:00:00,0.005
2021-05-11 00:00:00,0.01
2021-05-12 00:00:00,0.01
2021-05-13 00:00:00,0.008
2021-05-14 00:00:00,0.005
2021-05-17 00:00:00,0.005
2021-05-18 00:00:00,0.01
2021-05-19 00:00:00,0.005
2021-05-20 00:00:00,0.003
2021-05-21 00:00:00,0.003
2021-05-24 00:00:00,0.003
2021-05-25 00:00:00,0.01
2021-05-26 00:00:00,0.005
2021-05-27 00:00:00,0.005
2021-05-28 00:00:00,0.008
2021-06-01 00:00:00,0.01
2021-06-02 00:00:00,0.015
2021-06-03 00:00:00,0.015
2021-06-04 00:00:00,0.015
2021-06-07 00:00:00,0.018
2021-06-08 00:00:00,0.02
2021-06-09 00:00:00,0.02
2021-06-10 00:00:00,0.02
2021-06-11 00:00:00,0.018
2021-06-14 00:00:00,0.015
2021-06-15 00:00:00,0.02
2021-06-16 00:00:00,0.028
2021-06-17 00:00:00,0.028
2021-06-18 00:00:00,0.028
2021-06-21 00:00:00,0.03
2021-06-22 00:00:00,0.038
2021-06-23 00:00:00,0.04
2021-06-24 00:00:00,0.043
2021-06-25 00:00:00,0.043
2021-06-28 00:00:00,0.04
2021-06-29 00:00:00,0.04
2021-06-30 00:00:00,0.04
2021-07-01 00:00:00,0.04
2021-07-02 00:00:00,0.038
2021-07-06 00:00:00,0.04
2021-07-07 00:00:00,0.043
2021-07-08 00:00:00,0.043
2021-07-09 00:00:00,0.043
2021-07-12 00:00:00,0.043
2021-07-13 00:00:00,0.045
2021-07-14 00:00:00,0.045
2021-07-15 00:00:00,0.038
2021-07-16 00:00:00,0.038
2021-07-19 00:00:00,0.04
2021-07-20 00:00:00,0.045
2021-07-21 00:00:00,0.045
2021-07-22 00:00:00,0.043
2021-07-23 00:00:00,0.045
2021-07-26 00:00:00,0.04
2021-07-27 00:00:00,0.045
2021-07-28 00:00:00,0.045
2021-07-29 00:00:00,0.04
2021-07-30 00:00:00,0.04
2021-08-02 00:00:00,0.038
2021-08-03 00:00:00,0.045
2021-08-04 00:00:00,0.045
2021-08-05 00:00:00,0.043
2021-08-06 00:00:00,0.043
2021-08-09 00:00:00,0.045
2021-08-10 00:00:00,0.05
2021-08-11 00:00:00,0.045
2021-08-12 00:00:00,0.043
2021-08-13 00:00:00,0.045
2021-08-16 00:00:00,0.058
2021-08-17 00:00:00,0.063
2021-08-18 00:00:00,0.055
2021-08-19 00:00:00,0.043
2021-08-20 00:00:00,0.043
2021-08-23 00:00:00,0.04
2021-08-24 00:00:00,0.048
2021-08-25 00:00:00,0.045
2021-08-26 00:00:00,0.043
2021-08-27 00:00:00,0.043
2021-08-30 00:00:00,0.038
2021-08-31 00:00:00,0.04
2021-09-01 00:00:00,0.04
2021-09-02 00:00:00,0.04
2021-09-03 00:00:00,0.04
2021-09-07 00:00:00,0.035
2021-09-08 00:00:00,0.04
2021-09-09 00:00:00,0.038
2021-09-10 00:00:00,0.038
2021-09-13 00:00:00,0.038
2021-09-14 00:00:00,0.035
2021-09-15 00:00:00,0.035
2021-09-16 00:00:00,0.03
2021-09-17 00:00:00,0.028
2021-09-20 00:00:00,0.025
2021-09-21 00:00:00,0.02
2021-09-22 00:00:00,0.025
2021-09-23 00:00:00,0.025
2021-09-24 00:00:00,0.025
2021-09-27 00:00:00,0.025
2021-09-28 00:00:00,0.03
2021-09-29 00:00:00,0.03
2021-09-30 00:00:00,0.028
2021-10-01 00:00:00,0.028
2021-10-04 00:00:00,0.028
2021-10-05 00:00:00,0.035
2021-10-06 00:00:00,0.04
2021-10-07 00:00:00,0.04
2021-10-08 00:00:00,0.04
2021-10-11 00:00:00,0.04
2021-10-12 00:00:00,0.04
2021-10-13 00:00:00,0.045
2021-10-14 00:00:00,0.04
2021-10-15 00:00:00,0.038
2021-10-18 00:00:00,0.043
2021-10-19 00:00:00,0.05
2021-10-20 00:00:00,0.05
2021-10-21 00:00:00,0.05
2021-10-22 00:00:00,0.05
2021-10-25 00:00:00,0.05
2021-10-26 00:00:00,0.05
2021-10-27 00:00:00,0.05
2021-10-28 00:00:00,0.048
2021-10-29 00:00:00,0.048
2021-11-01 00:00:00,0.04
2021-11-02 00:00:00,0.045
2021-11-03 00:00:00,0.045
2021-11-04 00:00:00,0.035
2021-11-05 00:00:00,0.04
2021-11-08 00:00:00,0.035
2021-11-09 00:00:00,0.04
2021-11-10 00:00:00,0.045
2021-11-11 00:00:00,0.04
2021-11-12 00:00:00,0.043
2021-11-15 00:00:00,0.038
2021-11-16 00:00:00,0.04
2021-11-17 00:00:00,0.045
2021-11-18 00:00:00,0.045
2021-11-19 00:00:00,0.045
2021-11-22 00:00:00,0.04
2021-11-23 00:00:00,0.045
2021-11-24 00:00:00,0.05
2021-11-26 00:00:00,0.043
2021-11-29 00:00:00,0.038
2021-11-30 00:00:00,0.048
2021-12-01 00:00:00,0.05
2021-12-02 00:00:00,0.043
2021-12-03 00:00:00,0.043
2021-12-06 00:00:00,0.043
2021-12-07 00:00:00,0.058
2021-12-08 00:00:00,0.06
2021-12-09 00:00:00,0.053
2021-12-10 00:00:00,0.05
2021-12-13 00:00:00,0.043
2021-12-14 00:00:00,0.048
2021-12-15 00:00:00,0.045
2021-12-16 00:00:00,0.035
2021-12-17 00:00:00,0.03
2021-12-20 00:00:00,0.038
2021-12-21 00:00:00,0.065
2021-12-22 00:00:00,0.065
2021-12-23 00:00:00,0.058
2021-12-27 00:00:00,0.043
2021-12-28 00:00:00,0.05
2021-12-29 00:00:00,0.045
2021-12-30 00:00:00,0.025
2021-12-31 00:00:00,0.033
2022-01-03 00:00:00,0.053
2022-01-04 00:00:00,0.08
2022-01-05 00:00:00,0.085
2022-01-06 00:00:00,0.09
2022-01-07 00:00:00,0.088
2022-01-10 00:00:00,0.09
2022-01-11 00:00:00,0.118
2022-01-12 00:00:00,0.115
2022-01-13 00:00:00,0.11
2022-01-14 00:00:00,0.118
2022-01-18 00:00:00,0.13
2022-01-19 00:00:00,0.165
2022-01-20 00:00:00,0.168
2022-01-21 00:00:00,0.158
2022-01-24 00:00:00,0.155
2022-01-25 00:00:00,0.185
2022-01-26 00:00:00,0.178
2022-01-27 00:00:00,0.185
2022-01-28 00:00:00,0.173
2022-01-31 00:00:00,0.173
2022-02-01 00:00:00,0.203
2022-02-02 00:00:00,0.185
2022-02-03 00:00:00,0.193
2022-02-04 00:00:00,0.223
2022-02-07 00:00:00,0.203
2022-02-08 00:00:00,0.275
2022-02-09 00:00:00,0.27
2022-02-10 00:00:00,0.37
2022-02-11 00:00:00,0.338
2022-02-14 00:00:00,0.36
2022-02-15 00:00:00,0.4
2022-02-16 00:00:00,0.373
2022-02-17 00:00:00,0.345
2022-02-18 00:00:00,0.318
2022-02-22 00:00:00,0.33
2022-02-23 00:00:00,0.34
2022-02-24 00:00:00,0.283
2022-02-25 00:00:00,0.298
2022-02-28 00:00:00,0.288
2022-03-01 00:00:00,0.313
2022-03-02 00:00:00,0.325
2022-03-03 00:00:00,0.335
2022-03-04 00:00:00,0.305
2022-03-07 00:00:00,0.305
2022-03-08 00:00:00,0.36
2022-03-09 00:00:00,0.37
2022-03-10 00:00:00,0.36
2022-03-11 00:00:00,0.365
2022-03-14 00:00:00,0.378
2022-03-15 00:00:00,0.448
2022-03-16 00:00:00,0.433
2022-03-17 00:00:00,0.36
2022-03-18 00:00:00,0.383
2022-03-21 00:00:00,0.455
2022-03-22 00:00:00,0.52
2022-03-23 00:00:00,0.48
2022-03-24 00:00:00,0.483
2022-03-25 00:00:00,0.52
2022-03-28 00:00:00,0.508
2022-03-29 00:00:00,0.555
2022-03-30 00:00:00,0.525
2022-03-31 00:00:00,0.493
2022-04-01 00:00:00,0.5
2022-04-04 00:00:00,0.538
2022-04-05 00:00:00,0.668
2022-04-06 00:00:00,0.663
2022-04-07 00:00:00,0.66
2022-04-08 00:00:00,0.668
2022-04-11 00:00:00,0.68
2022-04-12 00:00:00,0.738
2022-04-13 00:00:00,0.74
2022-04-14 00:00:00,0.748
2022-04-18 00:00:00,0.755
2022-04-19 00:00:00,0.833
2022-04-20 00:00:00,0.795
2022-04-21 00:00:00,0.8
2022-04-22 00:00:00,0.78
2022-04-25 00:00:00,0.798
2022-04-26 00:00:00,0.833
2022-04-27 00:00:00,0.808
2022-04-28 00:00:00,0.785
2022-04-29 00:00:00,0.808
2022-05-02 00:00:00,0.765
2022-05-03 00:00:00,0.895
2022-05-04 00:00:00,0.833
2022-05-05 00:00:00,0.803
2022-05-06 00:00:00,0.815
2022-05-09 00:00:00,0.8
2022-05-10 00:00:00,0.878
2022-05-11 00:00:00,0.883
2022-05-12 00:00:00,0.905
2022-05-13 00:00:00,0.943
2022-05-16 00:00:00,0.98
2022-05-17 00:00:00,1.038
2022-05-18 00:00:00,1.003
2022-05-19 00:00:00,1.0
2022-05-20 00:00:00,0.978
2022-05-23 00:00:00,0.993
2022-05-24 00:00:00,1.043
2022-05-25 00:00:00,1.045
2022-05-26 00:00:00,1.028
2022-05-27 00:00:00,1.025
2022-05-31 00:00:00,1.03
2022-06-01 00:00:00,1.103
2022-06-02 00:00:00,1.113
2022-06-03 00:00:00,1.135
2022-06-06 00:00:00,1.16
2022-06-07 00:00:00,1.225
2022-06-08 00:00:00,1.233
2022-06-09 00:00:00,1.238
2022-06-10 00:00:00,1.288
2022-06-13 00:00:00,1.498
2022-06-14 00:00:00,1.743
2022-06-15 00:00:00,1.695
2022-06-16 00:00:00,1.483
2022-06-17 00:00:00,1.51
2022-06-21 00:00:00,1.488
2022-06-22 00:00:00,1.545
2022-06-23 00:00:00,1.56
2022-06-24 00:00:00,1.598
2022-06-27 00:00:00,1.633
2022-06-28 00:00:00,1.738
2022-06-29 00:00:00,1.705
2022-06-30 00:00:00,1.6
2022-07-01 00:00:00,1.603
2022-07-05 00:00:00,1.63
2022-07-06 00:00:00,1.84
2022-07-07 00:00:00,1.853
2022-07-08 00:00:00,1.843
2022-07-11 00:00:00,1.953
2022-07-12 00:00:00,2.113
2022-07-13 00:00:00,2.323
2022-07-14 00:00:00,2.273
2022-07-15 00:00:00,2.24
2022-07-18 00:00:00,2.26
2022-07-19 00:00:00,2.45
2022-07-20 00:00:00,2.378
2022-07-21 00:00:00,2.36
2022-07-22 00:00:00,2.355
2022-07-25 00:00:00,2.393
2022-07-26 00:00:00,2.475
2022-07-27 00:00:00,2.383
2022-07-28 00:00:00,2.308
2022-07-29 00:00:00,2.298
2022-08-01 00:00:00,2.265
2022-08-02 00:00:00,2.463
2022-08-03 00:00:00,2.428
2022-08-04 00:00:00,2.378
2022-08-05 00:00:00,2.41
2022-08-08 00:00:00,2.46
2022-08-09 00:00:00,2.57
2022-08-10 00:00:00,2.535
2022-08-11 00:00:00,2.49
2022-08-12 00:00:00,2.5
2022-08-15 00:00:00,2.513
2022-08-16 00:00:00,2.598
2022-08-17 00:00:00,2.568
2022-08-18 00:00:00,2.565
2022-08-19 00:00:00,2.58
2022-08-22 00:00:00,2.648
2022-08-23 00:00:00,2.703
2022-08-24 00:00:00,2.713
2022-08-25 00:00:00,2.73
2022-08-26 00:00:00,2.755
2022-08-29 00:00:00,2.798
2022-08-30 00:00:00,2.873
2022-08-31 00:00:00,2.86
2022-09-01 00:00:00,2.863
2022-09-02 00:00:00,2.82
2022-09-06 00:00:00,2.845
2022-09-07 00:00:00,2.933
2022-09-08 00:00:00,2.95
2022-09-09 00:00:00,2.968
2022-09-12 00:00:00,2.995
2022-09-13 00:00:00,3.153
2022-09-14 00:00:00,3.128
2022-09-15 00:00:00,3.095
2022-09-16 00:00:00,3.07
2022-09-19 00:00:00,3.035
2022-09-20 00:00:00,3.243
2022-09-21 00:00:00,3.19
2022-09-22 00:00:00,3.13
2022-09-23 00:00:00,3.108
2022-09-26 00:00:00,3.165
2022-09-27 00:00:00,3.25
2022-09-28 00:00:00,3.23
2022-09-29 00:00:00,3.218
2022-09-30 00:00:00,3.18
2022-10-03 00:00:00,3.15
2022-10-04 00:00:00,3.315
2022-10-05 00:00:00,3.293
2022-10-06 00:00:00,3.288
2022-10-07 00:00:00,3.293
2022-10-10 00:00:00,3.285
2022-10-11 00:00:00,3.34
2022-10-12 00:00:00,3.533
2022-10-13 00:00:00,3.583
2022-10-14 00:00:00,3.628
2022-10-17 00:00:00,3.688
2022-10-18 00:00:00,3.833
2022-10-19 00:00:00,3.893
2022-10-20 00:00:00,3.89
2022-10-21 00:00:00,3.885
2022-10-24 00:00:00,3.913
2022-10-25 00:00:00,3.965
2022-10-26 00:00:00,3.93
2022-10-27 00:00:00,3.93
2022-10-28 00:00:00,3.97
2022-10-31 00:00:00,3.975
2022-11-01 00:00:00,4.05
2022-11-02 00:00:00,4.025
2022-11-03 00:00:00,4.025
2022-11-04 00:00:00,4.013
2022-11-07 00:00:00,3.983
2022-11-08 00:00:00,4.09
2022-11-09 00:00:00,4.093
2022-11-10 00:00:00,4.055
2022-11-11 00:00:00,4.063
2022-11-14 00:00:00,4.068
2022-11-15 00:00:00,4.13
2022-11-16 00:00:00,4.125
2022-11-17 00:00:00,4.113
2022-11-18 00:00:00,4.135
2022-11-21 00:00:00,4.098
2022-11-22 00:00:00,4.198
2022-11-23 00:00:00,4.2
2022-11-25 00:00:00,4.175
2022-11-28 00:00:00,4.183
2022-11-29 00:00:00,4.253
2022-11-30 00:00:00,4.253
2022-12-01 00:00:00,4.193
2022-12-02 00:00:00,4.208
2022-12-05 00:00:00,4.158
2022-12-06 00:00:00,4.22
2022-12-07 00:00:00,4.183
2022-12-08 00:00:00,4.15
2022-12-09 00:00:00,4.173
2022-12-12 00:00:00,4.168
2022-12-13 00:00:00,4.248
2022-12-14 00:00:00,4.22
2022-12-15 00:00:00,4.213
2022-12-16 00:00:00,4.163
2022-12-19 00:00:00,4.163
2022-12-20 00:00:00,4.23
2022-12-21 00:00:00,4.205
2022-12-22 00:00:00,4.208
2022-12-23 00:00:00,4.193
2022-12-27 00:00:00,4.195
2022-12-28 00:00:00,4.338
2022-12-29 00:00:00,4.295
2022-12-30 00:00:00,4.26
2023-01-03 00:00:00,4.255
2023-01-04 00:00:00,4.4
2023-01-05 00:00:00,4.498
2023-01-06 00:00:00,4.493
2023-01-09 00:00:00,4.483
2023-01-10 00:00:00,4.565
2023-01-11 00:00:00,4.555
2023-01-12 00:00:00,4.475
2023-01-13 00:00:00,4.488
2023-01-17 00:00:00,4.493
2023-01-18 00:00:00,4.53
2023-01-19 00:00:00,4.525
2023-01-20 00:00:00,4.538
2023-01-23 00:00:00,4.535
2023-01-24 00:00:00,4.573
2023-01-25 00:00:00,4.545
2023-01-26 00:00:00,4.543
2023-01-27 00:00:00,4.548
2023-01-30 00:00:00,4.535
2023-01-31 00:00:00,4.57
2023-02-01 00:00:00,4.52
2023-02-02 00:00:00,4.51
2023-02-03 00:00:00,4.523
2023-02-06 00:00:00,4.533
2023-02-07 00:00:00,4.57
2023-02-08 00:00:00,4.585
2023-02-09 00:00:00,4.613
2023-02-10 00:00:00,4.635
2023-02-13 00:00:00,4.645
2023-02-14 00:00:00,4.66
2023-02-15 00:00:00,4.643
2023-02-16 00:00:00,4.665
2023-02-17 00:00:00,4.68
2023-02-21 00:00:00,4.688
2023-02-22 00:00:00,4.695
2023-02-23 00:00:00,4.69
2023-02-24 00:00:00,4.703
2023-02-27 00:00:00,4.665
2023-02-28 00:00:00,4.71
2023-03-01 00:00:00,4.725
2023-03-02 00:00:00,4.723
2023-03-03 00:00:00,4.718
2023-03-06 00:00:00,4.728
2023-03-07 00:00:00,4.845
2023-03-08 00:00:00,4.883
2023-03-09 00:00:00,4.848
2023-03-10 00:00:00,4.803
2023-03-13 00:00:00,4.658
2023-03-14 00:00:00,4.68
2023-03-15 00:00:00,4.558
2023-03-16 00:00:00,4.53
2023-03-17 00:00:00,4.293
2023-03-20 00:00:00,4.465
2023-03-21 00:00:00,4.605
2023-03-22 00:00:00,4.563
2023-03-23 00:00:00,4.503
2023-03-24 00:00:00,4.503
2023-03-27 00:00:00,4.583
2023-03-28 00:00:00,4.628
2023-03-29 00:00:00,4.63
2023-03-30 00:00:00,4.665
2023-03-31 00:00:00,4.585
2023-04-03 00:00:00,4.57
2023-04-04 00:00:00,4.728
2023-04-05 00:00:00,4.705
2023-04-06 00:00:00,4.71
2023-04-10 00:00:00,4.838
2023-04-11 00:00:00,4.88
2023-04-12 00:00:00,4.86
2023-04-13 00:00:00,4.855
2023-04-14 00:00:00,4.903
2023-04-17 00:00:00,4.923
2023-04-18 00:00:00,5.03
2023-04-19 00:00:00,4.995
2023-04-20 00:00:00,4.945
2023-04-21 00:00:00,4.95
2023-04-24 00:00:00,4.873
2023-04-25 00:00:00,4.953
2023-04-26 00:00:00,4.985
2023-04-27 00:00:00,5.0
2023-04-28 00:00:00,4.923
2023-05-01 00:00:00,4.865
2023-05-02 00:00:00,5.04
2023-05-03 00:00:00,5.095
2023-05-04 00:00:00,5.055
2023-05-05 00:00:00,5.08
2023-05-08 00:00:00,5.083
2023-05-09 00:00:00,5.123
2023-05-10 00:00:00,5.065
2023-05-11 00:00:00,5.015
2023-05-12 00:00:00,5.028
2023-05-15 00:00:00,5.0
2023-05-16 00:00:00,5.058
2023-05-17 00:00:00,5.088
2023-05-18 00:00:00,5.125
2023-05-19 00:00:00,5.085
2023-05-22 00:00:00,5.095
2023-05-23 00:00:00,5.153
2023-05-24 00:00:00,5.185
2023-05-25 00:00:00,5.163
2023-05-26 00:00:00,5.115
2023-05-30 00:00:00,5.143
2023-05-31 00:00:00,5.248
2023-06-01 00:00:00,5.203
2023-06-02 00:00:00,5.215
2023-06-05 00:00:00,5.143
2023-06-06 00:00:00,5.158
2023-06-07 00:00:00,5.153
2023-06-08 00:00:00,5.1
2023-06-09 00:00:00,5.095
2023-06-12 00:00:00,5.095
2023-06-13 00:00:00,5.1
2023-06-14 00:00:00,5.08
2023-06-15 00:00:00,5.055
2023-06-16 00:00:00,5.065
2023-06-20 00:00:00,5.075
2023-06-21 00:00:00,5.135
2023-06-22 00:00:00,5.135
2023-06-23 00:00:00,5.138
2023-06-26 00:00:00,5.155
2023-06-27 00:00:00,5.18
2023-06-28 00:00:00,5.17
2023-06-29 00:00:00,5.175
2023-06-30 00:00:00,5.153
2023-07-03 00:00:00,5.145
2023-07-05 00:00:00,5.193
2023-07-06 00:00:00,5.213
2023-07-07 00:00:00,5.213
2023-07-10 00:00:00,5.225
2023-07-11 00:00:00,5.243
2023-07-12 00:00:00,5.23
2023-07-13 00:00:00,5.223
2023-07-14 00:00:00,5.215
2023-07-17 00:00:00,5.233
2023-07-18 00:00:00,5.248
2023-07-19 00:00:00,5.245
2023-07-20 00:00:00,5.243
2023-07-21 00:00:00,5.248
2023-07-24 00:00:00,5.25
2023-07-25 00:00:00,5.265
2023-07-26 00:00:00,5.268
2023-07-27 00:00:00,5.268
2023-07-28 00:00:00,5.255
2023-07-31 00:00:00,5.248
2023-08-01 00:00:00,5.26
2023-08-02 00:00:00,5.26
2023-08-03 00:00:00,5.258
2023-08-04 00:00:00,5.253
2023-08-07 00:00:00,5.26
2023-08-08 00:00:00,5.275
2023-08-09 00:00:00,5.28
2023-08-10 00:00:00,5.268
2023-08-11 00:00:00,5.265
2023-08-14 00:00:00,5.27
2023-08-15 00:00:00,5.28
2023-08-16 00:00:00,5.285
2023-08-17 00:00:00,5.278
2023-08-18 00:00:00,5.278
2023-08-21 00:00:00,5.28
2023-08-22 00:00:00,5.295
2023-08-23 00:00:00,5.295
2023-08-24 00:00:00,5.303
2023-08-25 00:00:00,5.315
2023-08-28 00:00:00,5.323
2023-08-29 00:00:00,5.32
2023-08-30 00:00:00,5.315
2023-08-31 00:00:00,5.298
2023-09-01 00:00:00,5.268
2023-09-05 00:00:00,5.278
2023-09-06 00:00:00,5.3
2023-09-07 00:00:00,5.283
2023-09-08 00:00:00,5.293
2023-09-11 00:00:00,5.293
2023-09-12 00:00:00,5.305
2023-09-13 00:00:00,5.305
2023-09-14 00:00:00,5.295
2023-09-15 00:00:00,5.298
2023-09-18 00:00:00,5.3
2023-09-19 00:00:00,5.31
2023-09-20 00:00:00,5.315
2023-09-21 00:00:00,5.305
2023-09-22 00:00:00,5.305
2023-09-25 00:00:00,5.313
2023-09-26 00:00:00,5.325
2023-09-27 00:00:00,5.33
2023-09-28 00:00:00,5.308
2023-09-29 00:00:00,5.3
2023-10-02 00:00:00,5.315
2023-10-03 00:00:00,5.34
2023-10-04 00:00:00,5.335
2023-10-05 00:00:00,5.325
2023-10-06 00:00:00,5.348
2023-10-09 00:00:00,5.348
2023-10-10 00:00:00,5.323
2023-10-11 00:00:00,5.335
2023-10-12 00:00:00,5.335
2023-10-13 00:00:00,5.328
2023-10-16 00:00:00,5.328
2023-10-17 00:00:00,5.34
2023-10-18 00:00:00,5.33
2023-10-19 00:00:00,5.31
2023-10-20 00:00:00,5.3
2023-10-23 00:00:00,5.293
2023-10-24 00:00:00,5.308
2023-10-25 00:00:00,5.315
2023-10-26 00:00:00,5.3
2023-10-27 00:00:00,5.305
2023-10-30 00:00:00,5.313
2023-10-31 00:00:00,5.32
2023-11-01 00:00:00,5.3
2023-11-02 00:00:00,5.27
2023-11-03 00:00:00,5.253
2023-11-06 00:00:00,5.26
2023-11-07 00:00:00,5.273
2023-11-08 00:00:00,5.268
2023-11-09 00:00:00,5.263
2023-11-10 00:00:00,5.25
2023-11-13 00:00:00,5.26
2023-11-14 00:00:00,5.253
2023-11-15 00:00:00,5.255
2023-11-16 00:00:00,5.243
2023-11-17 00:00:00,5.233
2023-11-20 00:00:00,5.238
2023-11-21 00:00:00,5.255
2023-11-22 00:00:00,5.265
2023-11-24 00:00:00,5.253
2023-11-27 00:00:00,5.258
2023-11-28 00:00:00,5.26
2023-11-29 00:00:00,5.24
2023-11-30 00:00:00,5.238
2023-12-01 00:00:00,5.215
2023-12-04 00:00:00,5.223
2023-12-05 00:00:00,5.243
2023-12-06 00:00:00,5.243
2023-12-07 00:00:00,5.233
2023-12-08 00:00:00,5.233
2023-12-11 00:00:00,5.233
2023-12-12 00:00:00,5.248
2023-12-13 00:00:00,5.223
2023-12-14 00:00:00,5.215
2023-12-15 00:00:00,5.225
2023-12-18 00:00:00,5.225
2023-12-19 00:00:00,5.238
2023-12-20 00:00:00,5.23
2023-12-21 00:00:00,5.21
2023-12-22 00:00:00,5.208
2023-12-26 00:00:00,5.203
2023-12-27 00:00:00,5.235
2023-12-28 00:00:00,5.218
2023-12-29 00:00:00,5.18
2024-01-02 00:00:00,5.213
2024-01-03 00:00:00,5.235
2024-01-04 00:00:00,5.228
2024-01-05 00:00:00,5.22
2024-01-08 00:00:00,5.22
2024-01-09 00:00:00,5.23
2024-01-10 00:00:00,5.225
2024-01-11 00:00:00,5.218
2024-01-12 00:00:00,5.198
2024-01-16 00:00:00,5.203
2024-01-17 00:00:00,5.215
2024-01-18 00:00:00,5.2
2024-01-19 00:00:00,5.198
2024-01-22 00:00:00,5.2
2024-01-23 00:00:00,5.21
2024-01-24 00:00:00,5.21
2024-01-25 00:00:00,5.195
2024-01-26 00:00:00,5.2
2024-01-29 00:00:00,5.2
2024-01-30 00:00:00,5.203
2024-01-31 00:00:00,5.188
2024-02-01 00:00:00,5.2
2024-02-02 00:00:00,5.21
2024-02-05 00:00:00,5.228
2024-02-06 00:00:00,5.223
2024-02-07 00:00:00,5.223
2024-02-08 00:00:00,5.218
2024-02-09 00:00:00,5.22
2024-02-12 00:00:00,5.228
2024-02-13 00:00:00,5.233
2024-02-14 00:00:00,5.218
2024-02-15 00:00:00,5.218
2024-02-16 00:00:00,5.223
2024-02-20 00:00:00,5.213
2024-02-21 00:00:00,5.235
2024-02-22 00:00:00,5.233
2024-02-23 00:00:00,5.24
2024-02-26 00:00:00,5.25
2024-02-27 00:00:00,5.245
2024-02-28 00:00:00,5.24
2024-02-29 00:00:00,5.223
2024-03-01 00:00:00,5.215
2024-03-04 00:00:00,5.223
2024-03-05 00:00:00,5.225
2024-03-06 00:00:00,5.23
2024-03-07 00:00:00,5.228
2024-03-08 00:00:00,5.228
2024-03-11 00:00:00,5.24
2024-03-12 00:00:00,5.24
2024-03-13 00:00:00,5.238
2024-03-14 00:00:00,5.238
2024-03-15 00:00:00,5.238
2024-03-18 00:00:00,5.238
2024-03-19 00:00:00,5.238
2024-03-20 00:00:00,5.228
2024-03-21 00:00:00,5.228
2024-03-22 00:00:00,5.22
2024-03-25 00:00:00,5.218
2024-03-26 00:00:00,5.218
2024-03-27 00:00:00,5.215
2024-03-28 00:00:00,5.203
2024-04-01 00:00:00,5.218
2024-04-02 00:00:00,5.213
2024-04-03 00:00:00,5.21
2024-04-04 00:00:00,5.203
2024-04-05 00:00:00,5.215
2024-04-08 00:00:00,5.223
2024-04-09 00:00:00,5.22
2024-04-10 00:00:00,5.243
2024-04-11 00:00:00,5.238
2024-04-12 00:00:00,5.23
2024-04-15 00:00:00,5.238
2024-04-16 00:00:00,5.233
2024-04-17 00:00:00,5.24
2024-04-18 00:00:00,5.243
2024-04-19 00:00:00,5.245
2024-04-22 00:00:00,5.245
2024-04-23 00:00:00,5.245
2024-04-24 00:00:00,5.255
2024-04-25 00:00:00,5.245
2024-04-26 00:00:00,5.238
2024-04-29 00:00:00,5.243
2024-04-30 00:00:00,5.245
2024-05-01 00:00:00,5.25
2024-05-02 00:00:00,5.238
2024-05-03 00:00:00,5.235
2024-05-06 00:00:00,5.24
2024-05-07 00:00:00,5.243
2024-05-08 00:00:00,5.245
2024-05-09 00:00:00,5.24
2024-05-10 00:00:00,5.243
2024-05-13 00:00:00,5.24
2024-05-14 00:00:00,5.235
2024-05-15 00:00:00,5.24
2024-05-16 00:00:00,5.243
2024-05-17 00:00:00,5.24
2024-05-20 00:00:00,5.24
2024-05-21 00:00:00,5.24
2024-05-22 00:00:00,5.245
2024-05-23 00:00:00,5.245
2024-05-24 00:00:00,5.245
2024-05-28 00:00:00,5.248
2024-05-29 00:00:00,5.25
2024-05-30 00:00:00,5.248
2024-05-31 00:00:00,5.245
2024-06-03 00:00:00,5.243
2024-06-04 00:00:00,5.24
2024-06-05 00:00:00,5.24
2024-06-06 00:00:00,5.233
2024-06-07 00:00:00,5.238
2024-06-10 00:00:00,5.233
2024-06-11 00:00:00,5.245
2024-06-12 00:00:00,5.243
2024-06-13 00:00:00,5.24
2024-06-14 00:00:00,5.24
2024-06-17 00:00:00,5.243
2024-06-18 00:00:00,5.235
2024-06-20 00:00:00,5.225
2024-06-21 00:00:00,5.215
2024-06-24 00:00:00,5.21
2024-06-25 00:00:00,5.223
2024-06-26 00:00:00,5.23
2024-06-27 00:00:00,5.223
2024-06-28 00:00:00,5.213
2024-07-01 00:00:00,5.218
2024-07-02 00:00:00,5.228
2024-07-03 00:00:00,5.23
2024-07-05 00:00:00,5.225
2024-07-08 00:00:00,5.218
2024-07-09 00:00:00,5.225
2024-07-10 00:00:00,5.225
2024-07-11 00:00:00,5.198
2024-07-12 00:00:00,5.198
2024-07-15 00:00:00,5.193
2024-07-16 00:00:00,5.193
2024-07-17 00:00:00,5.195
2024-07-18 00:00:00,5.193
2024-07-19 00:00:00,5.193
2024-07-22 00:00:00,5.19
2024-07-23 00:00:00,5.173
2024-07-24 00:00:00,5.17
2024-07-25 00:00:00,5.16
2024-07-26 00:00:00,5.155
2024-07-29 00:00:00,5.147
2024-07-30 00:00:00,5.135
2024-07-31 00:00:00,5.135
2024-08-01 00:00:00,5.115
2024-08-02 00:00:00,5.03
2024-08-05 00:00:00,5.06
2024-08-06 00:00:00,5.08
2024-08-07 00:00:00,5.08
2024-08-08 00:00:00,5.083
2024-08-09 00:00:00,5.075
2024-08-12 00:00:00,5.073
2024-08-13 00:00:00,5.053
2024-08-14 00:00:00,5.063
2024-08-15 00:00:00,5.08
2024-08-16 00:00:00,5.075
2024-08-19 00:00:00,5.063
2024-08-20 00:00:00,5.033
2024-08-21 00:00:00,5.005
2024-08-22 00:00:00,5.025
2024-08-23 00:00:00,5.0
2024-08-26 00:00:00,4.998
2024-08-27 00:00:00,4.968
2024-08-28 00:00:00,4.955
2024-08-29 00:00:00,4.965
2024-08-30 00:00:00,4.968
2024-09-03 00:00:00,4.97
2024-09-04 00:00:00,4.948
2024-09-05 00:00:00,4.932
2024-09-06 00:00:00,4.908
2024-09-09 00:00:00,4.895
2024-09-10 00:00:00,4.835
2024-09-11 00:00:00,4.875
2024-09-12 00:00:00,4.84
2024-09-13 00:00:00,4.763
2024-09-16 00:00:00,4.745
2024-09-17 00:00:00,4.735
2024-09-18 00:00:00,4.615
2024-09-19 00:00:00,4.593
2024-09-20 00:00:00,4.545
2024-09-23 00:00:00,4.503
2024-09-24 00:00:00,4.495
2024-09-25 00:00:00,4.487
2024-09-26 00:00:00,4.468
2024-09-27 00:00:00,4.482
2024-09-30 00:00:00,4.498
2024-10-01 00:00:00,4.482
2024-10-02 00:00:00,4.473
2024-10-03 00:00:00,4.465
2024-10-04 00:00:00,4.505
2024-10-07 00:00:00,4.525
2024-10-08 00:00:00,4.528
2024-10-09 00:00:00,4.535
2024-10-10 00:00:00,4.53
2024-10-11 00:00:00,4.515
2024-10-14 00:00:00,4.518
2024-10-15 00:00:00,4.515
2024-10-16 00:00:00,4.503
2024-10-17 00:00:00,4.515
2024-10-18 00:00:00,4.513
2024-10-21 00:00:00,4.518
2024-10-22 00:00:00,4.5
2024-10-23 00:00:00,4.505
2024-10-24 00:00:00,4.487
2024-10-25 00:00:00,4.51
2024-10-28 00:00:00,4.482
2024-10-29 00:00:00,4.48
2024-10-30 00:00:00,4.463
2024-10-31 00:00:00,4.432
2024-11-01 00:00:00,4.4
2024-11-04 00:00:00,4.418
2024-11-05 00:00:00,4.423
2024-11-06 00:00:00,4.43
2024-11-07 00:00:00,4.42
2024-11-08 00:00:00,4.423
2024-11-11 00:00:00,4.415
2024-11-12 00:00:00,4.423
2024-11-13 00:00:00,4.39
2024-11-14 00:00:00,4.383
2024-11-15 00:00:00,4.393
2024-11-18 00:00:00,4.403
2024-11-19 00:00:00,4.408
2024-11-20 00:00:00,4.41
2024-11-21 00:00:00,4.413
2024-11-22 00:00:00,4.415
2024-11-25 00:00:00,4.405
2024-11-26 00:00:00,4.395
2024-11-27 00:00:00,4.385
2024-11-29 00:00:00,4.373
2024-12-02 00:00:00,4.38
2024-12-03 00:00:00,4.357
2024-12-04 00:00:00,4.345
2024-12-05 00:00:00,4.33
2024-12-06 00:00:00,4.295
2024-12-09 00:00:00,4.293
2024-12-10 00:00:00,4.285
2024-12-11 00:00:00,4.255
2024-12-12 00:00:00,4.223
2024-12-13 00:00:00,4.218
2024-12-16 00:00:00,4.228
2024-12-17 00:00:00,4.24
2024-12-18 00:00:00,4.232
2024-12-19 00:00:00,4.22
2024-12-20 00:00:00,4.215
2024-12-23 00:00:00,4.215
2024-12-24 00:00:00,4.2
2024-12-26 00:00:00,4.215
2024-12-27 00:00:00,4.178
2024-12-30 00:00:00,4.182
2024-12-31 00:00:00,4.208
2025-01-02 00:00:00,4.208
2025-01-03 00:00:00,4.193
2025-01-06 00:00:00,4.19
2025-01-07 00:00:00,4.203
2025-01-08 00:00:00,4.205
2025-01-10 00:00:00,4.213
2025-01-13 00:00:00,4.218
2025-01-14 00:00:00,4.213
2025-01-15 00:00:00,4.205
2025-01-16 00:00:00,4.195
2025-01-17 00:00:00,4.193
2025-01-21 00:00:00,4.197
2025-01-22 00:00:00,4.215
2025-01-23 00:00:00,4.213
2025-01-24 00:00:00,4.205
2025-01-27 00:00:00,4.188
2025-01-28 00:00:00,4.19
2025-01-29 00:00:00,4.188
2025-01-30 00:00:00,4.182
2025-01-31 00:00:00,4.188
2025-02-03 00:00:00,4.19
2025-02-04 00:00:00,4.213
2025-02-05 00:00:00,4.21
2025-02-06 00:00:00,4.213
2025-02-07 00:00:00,4.228
2025-02-10 00:00:00,4.228
2025-02-11 00:00:00,4.225
2025-02-12 00:00:00,4.228
2025-02-13 00:00:00,4.213
2025-02-14 00:00:00,4.213
2025-02-18 00:00:00,4.213
2025-02-19 00:00:00,4.218
2025-02-20 00:00:00,4.205
2025-02-21 00:00:00,4.197
2025-02-24 00:00:00,4.19
2025-02-25 00:00:00,4.182
2025-02-26 00:00:00,4.193
2025-02-27 00:00:00,4.195
2025-02-28 00:00:00,4.193
2025-03-03 00:00:00,4.193
2025-03-04 00:00:00,4.195
2025-03-05 00:00:00,4.205
2025-03-06 00:00:00,4.197
2025-03-07 00:00:00,4.197
2025-03-10 00:00:00,4.185
2025-03-11 00:00:00,4.195
2025-03-12 00:00:00,4.197
2025-03-13 00:00:00,4.188
2025-03-14 00:00:00,4.188
2025-03-17 00:00:00,4.188
2025-03-18 00:00:00,4.195
2025-03-19 00:00:00,4.19
2025-03-20 00:00:00,4.182
2025-03-21 00:00:00,4.185
2025-03-24 00:00:00,4.182
2025-03-25 00:00:00,4.182
2025-03-26 00:00:00,4.19
2025-03-27 00:00:00,4.188
2025-03-28 00:00:00,4.188
2025-03-31 00:00:00,4.193
2025-04-01 00:00:00,4.2
2025-04-02 00:00:00,4.203
2025-04-03 00:00:00,4.185
2025-04-04 00:00:00,4.155
2025-04-07 00:00:00,4.15
2025-04-08 00:00:00,4.178
2025-04-09 00:00:00,4.228
2025-04-10 00:00:00,4.197
2025-04-11 00:00:00,4.213
2025-04-14 00:00:00,4.195
2025-04-15 00:00:00,4.2
2025-04-16 00:00:00,4.208
2025-04-17 00:00:00,4.205
2025-04-21 00:00:00,4.21
2025-04-22 00:00:00,4.213
2025-04-23 00:00:00,4.208
2025-04-24 00:00:00,4.197
2025-04-25 00:00:00,4.193
2025-04-28 00:00:00,4.193
2025-04-29 00:00:00,4.19
2025-04-30 00:00:00,4.19
2025-05-01 00:00:00,4.185
2025-05-02 00:00:00,4.208
2025-05-05 00:00:00,4.208
2025-05-06 00:00:00,4.21
2025-05-07 00:00:00,4.215
2025-05-08 00:00:00,4.215
2025-05-09 00:00:00,4.215
2025-05-12 00:00:00,4.28
2025-05-13 00:00:00,4.285
2025-05-14 00:00:00,4.285
2025-05-15 00:00:00,4.258
2025-05-16 00:00:00,4.237
2025-05-19 00:00:00,4.24
2025-05-20 00:00:00,4.248
2025-05-21 00:00:00,4.235
2025-05-22 00:00:00,4.232
2025-05-23 00:00:00,4.23
2025-05-27 00:00:00,4.203
2025-05-28 00:00:00,4.225
2025-05-29 00:00:00,4.23
2025-05-30 00:00:00,4.232
2025-06-02 00:00:00,4.232
2025-06-03 00:00:00,4.235
2025-06-04 00:00:00,4.24
2025-06-05 00:00:00,4.232
2025-06-06 00:00:00,4.232
2025-06-09 00:00:00,4.24
2025-06-10 00:00:00,4.25
2025-06-11 00:00:00,4.25
2025-06-12 00:00:00,4.258
2025-06-13 00:00:00,4.24
2025-06-16 00:00:00,4.248
2025-06-17 00:00:00,4.218
2025-06-18 00:00:00,4.223
2025-06-20 00:00:00,4.195
2025-06-23 00:00:00,4.158
2025-06-24 00:00:00,4.182
2025-06-25 00:00:00,4.188
2025-06-26 00:00:00,4.193
2025-06-27 00:00:00,4.197
2025-06-30 00:00:00,4.19
2025-07-01 00:00:00,4.225
2025-07-02 00:00:00,4.223
2025-07-03 00:00:00,4.24
2025-07-07 00:00:00,4.245
2025-07-08 00:00:00,4.25
2025-07-09 00:00:00,4.245
2025-07-10 00:00:00,4.24
2025-07-11 00:00:00,4.237
2025-07-14 00:00:00,4.228
2025-07-15 00:00:00,4.232
2025-07-16 00:00:00,4.225
2025-07-17 00:00:00,4.235
2025-07-18 00:00:00,4.23
2025-07-21 00:00:00,4.223
2025-07-22 00:00:00,4.23
2025-07-23 00:00:00,4.24
2025-07-24 00:00:00,4.245
2025-07-25 00:00:00,4.245
2025-07-28 00:00:00,4.235
2025-07-29 00:00:00,4.23
2025-07-30 00:00:00,4.232
2025-07-31 00:00:00,4.235
2025-08-01 00:00:00,4.182
2025-08-04 00:00:00,4.153
2025-08-05 00:00:00,4.15
2025-08-06 00:00:00,4.133
2025-08-07 00:00:00,4.138
2025-08-08 00:00:00,4.133
2025-08-11 00:00:00,4.143
2025-08-12 00:00:00,4.13
2025-08-13 00:00:00,4.11
2025-08-14 00:00:00,4.112
2025-08-15 00:00:00,4.112
2025-08-18 00:00:00,4.123
2025-08-19 00:00:00,4.11
2025-08-20 00:00:00,4.115
2025-08-21 00:00:00,4.128
2025-08-22 00:00:00,4.088
2025-08-25 00:00:00,4.093
2025-08-26 00:00:00,4.088
2025-08-27 00:00:00,4.06
2025-08-28 00:00:00,4.072
2025-08-29 00:00:00,4.043
2025-09-02 00:00:00,4.032
2025-09-03 00:00:00,4.018
2025-09-04 00:00:00,3.998
2025-09-05 00:00:00,3.91
2025-09-08 00:00:00,3.928
2025-09-09 00:00:00,3.943
2025-09-10 00:00:00,3.93
2025-09-11 00:00:00,3.928
2025-09-12 00:00:00,3.928
2025-09-15 00:00:00,3.9
2025-09-16 00:00:00,3.89
2025-09-17 00:00:00,3.868
2025-09-18 00:00:00,3.88
2025-09-19 00:00:00,3.878
2025-09-22 00:00:00,3.848
2025-09-23 00:00:00,3.845
2025-09-24 00:00:00,3.858
2025-09-25 00:00:00,3.883
2025-09-26 00:00:00,3.86
2025-09-29 00:00:00,3.863
2025-09-30 00:00:00,3.845
2025-10-01 00:00:00,3.845
2025-10-02 00:00:00,3.848
2025-10-03 00:00:00,3.858
2025-10-06 00:00:00,3.86
2025-10-07 00:00:00,3.843
2025-10-08 00:00:00,3.843
2025-10-09 00:00:00,3.853
2025-10-10 00:00:00,3.853
2025-10-13 00:00:00,3.853
2025-10-14 00:00:00,3.853
2025-10-15 00:00:00,3.858
2025-10-16 00:00:00,3.853
2025-10-17 00:00:00,3.832
2025-10-20 00:00:00,3.798
2025-10-21 00:00:00,3.785
2025-10-22 00:00:00,3.788
2025-10-23 00:00:00,3.788
2025-10-24 00:00:00,3.763
2025-10-27 00:00:00,3.718
2025-10-28 00:00:00,3.72
2025-10-29 00:00:00,3.73
2025-10-30 00:00:00,3.757
2025-10-31 00:00:00,3.718
2025-11-03 00:00:00,3.783
2025-11-04 00:00:00,3.793
2025-11-05 00:00:00,3.788
2025-11-06 00:00:00,3.763
2025-11-07 00:00:00,3.757
2025-11-10 00:00:00,3.783
2025-11-11 00:00:00,3.783
2025-11-12 00:00:00,3.778
2025-11-13 00:00:00,3.793
2025-11-14 00:00:00,3.788
2025-11-17 00:00:00,3.772
2025-11-18 00:00:00,3.772
2025-11-19 00:00:00,3.772
2025-11-20 00:00:00,3.775
2025-11-21 00:00:00,3.74
2025-11-24 00:00:00,3.73
2025-11-25 00:00:00,3.732
2025-11-26 00:00:00,3.753
2025-11-28 00:00:00,3.697
2025-12-01 00:00:00,3.693
2025-12-02 00:00:00,3.672
2025-12-03 00:00:00,3.635
2025-12-04 00:00:00,3.612
2025-12-05 00:00:00,3.603
2025-12-08 00:00:00,3.618
2025-12-09 00:00:00,3.632
2025-12-10 00:00:00,3.593
2025-12-11 00:00:00,3.568
2025-12-12 00:00:00,3.525
2025-12-15 00:00:00,3.538
2025-12-16 00:00:00,3.545
2025-12-17 00:00:00,3.543
2025-12-18 00:00:00,3.522
2025-12-19 00:00:00,3.522
2025-12-22 00:00:00,3.528
2025-12-23 00:00:00,3.547
2025-12-24 00:00:00,3.555
2025-12-26 00:00:00,3.543
2025-12-29 00:00:00,3.538
2025-12-30 00:00:00,3.54
2025-12-31 00:00:00,3.547
2026-01-02 00:00:00,3.533
2026-01-05 00:00:00,3.515
2026-01-06 00:00:00,3.52
2026-01-07 00:00:00,3.515
2026-01-08 00:00:00,3.507
2026-01-09 00:00:00,3.513
2026-01-12 00:00:00,3.533
2026-01-13 00:00:00,3.56
2026-01-14 00:00:00,3.56
2026-01-15 00:00:00,3.565
2026-01-16 00:00:00,3.557
2026-01-20 00:00:00,3.572
2026-01-21 00:00:00,3.588
2026-01-22 00:00:00,3.588
2026-01-23 00:00:00,3.582
2026-01-26 00:00:00,3.575
2026-01-27 00:00:00,3.57
2026-01-28 00:00:00,3.582
2026-01-29 00:00:00,3.58
2026-01-30 00:00:00,3.572
2026-02-02 00:00:00,3.578
2026-02-03 00:00:00,3.59
2026-02-04 00:00:00,3.595
2026-02-05 00:00:00,3.578
2026-02-06 00:00:00,3.59
2026-02-09 00:00:00,3.593
2026-02-10 00:00:00,3.59
2026-02-11 00:00:00,3.6
2026-02-12 00:00:00,3.598
2026-02-13 00:00:00,3.593
2026-02-17 00:00:00,3.593
2026-02-18 00:00:00,3.603
2026-02-19 00:00:00,3.595
2026-02-20 00:00:00,3.595
2026-02-23 00:00:00,3.588
2026-02-24 00:00:00,3.588
2026-02-25 00:00:00,3.588
2026-02-26 00:00:00,3.588
2026-02-27 00:00:00,3.578
2026-03-02 00:00:00,3.59
2026-03-03 00:00:00,3.595
2026-03-04 00:00:00,3.595
2026-03-05 00:00:00,3.588
2026-03-06 00:00:00,3.57
2026-03-09 00:00:00,3.593
2026-03-10 00:00:00,3.595
2026-03-11 00:00:00,3.6
2026-03-12 00:00:00,3.605
2026-03-13 00:00:00,3.603
2026-03-16 00:00:00,3.605
2026-03-17 00:00:00,3.605
2026-03-18 00:00:00,3.61
2026-03-19 00:00:00,3.612
2026-03-20 00:00:00,3.618
2026-03-23 00:00:00,3.612
2026-03-24 00:00:00,3.62
2026-03-25 00:00:00,3.62
2026-03-26 00:00:00,3.62
2026-03-27 00:00:00,3.607
2026-03-30 00:00:00,3.598
2026-03-31 00:00:00,3.6
2026-04-01 00:00:00,3.605
2026-04-02 00:00:00,3.607
2026-04-06 00:00:00,3.623
2026-04-07 00:00:00,3.615
2026-04-08 00:00:00,3.6
2026-04-09 00:00:00,3.588
2026-04-10 00:00:00,3.593
2026-04-13 00:00:00,3.603
2026-04-14 00:00:00,3.612
2026-04-15 00:00:00,3.612
2026-04-16 00:00:00,3.61
2026-04-17 00:00:00,3.6
2026-04-20 00:00:00,3.598
2026-04-21 00:00:00,3.598
2026-04-22 00:00:00,3.595
2026-04-23 00:00:00,3.595
2026-04-24 00:00:00,3.593
2026-04-27 00:00:00,3.59
2026-04-28 00:00:00,3.59
2026-04-29 00:00:00,3.59
2026-04-30 00:00:00,3.585
2026-05-01 00:00:00,3.575
2026-05-04 00:00:00,3.59
2026-05-05 00:00:00,3.6
2026-05-06 00:00:00,3.6
2026-05-07 00:00:00,3.598
2026-05-08 00:00:00,3.595
2026-05-11 00:00:00,3.6
2026-05-12 00:00:00,3.603
2026-05-13 00:00:00,3.6
2026-05-14 00:00:00,3.588
2026-05-15 00:00:00,3.588
2026-05-18 00:00:00,3.568
2026-05-19 00:00:00,3.575
2026-05-20 00:00:00,3.557
2026-05-21 00:00:00,3.582
2026-05-22 00:00:00,3.585
2026-05-26 00:00:00,3.582
2026-05-27 00:00:00,3.585
2026-05-28 00:00:00,3.59
2026-05-29 00:00:00,3.588
2026-06-01 00:00:00,3.62
2026-06-02 00:00:00,3.618
2026-06-03 00:00:00,3.623
2026-06-04 00:00:00,3.62
2026-06-05 00:00:00,3.625
2026-06-08 00:00:00,3.628
2026-06-09 00:00:00,3.635
2026-06-10 00:00:00,3.635
2026-06-11 00:00:00,3.623
2026-06-12 00:00:00,3.618
2026-06-15 00:00:00,3.618
2026-06-16 00:00:00,3.63
2026-06-17 00:00:00,3.647
2026-06-18 00:00:00,3.658
2026-06-22 00:00:00,3.68
2026-06-23 00:00:00,3.69
2026-06-24 00:00:00,3.69
2026-06-25 00:00:00,3.68
2026-06-26 00:00:00,3.663
2026-06-29 00:00:00,3.68
2026-06-30 00:00:00,3.732
2026-07-01 00:00:00,3.7
2026-07-02 00:00:00,3.668
2026-07-07 00:00:00,3.725
2026-07-08 00:00:00,3.723
